supplier,brand,lens,code,category,index,material,form,type,blank_mm,sph_min,sph_max,cyl_max,combined_max,range_basis,add_min,add_max,add_range,price,price_promo,price_basis,coating,min_fh_mm,notes
ZEISS,ZEISS,FSV 1.50,,Single vision,1.50,Clear,Spherical,stock,65,+2.00,+6.00,-2.00,,combined,,,,4.73,3.16,L25,Hardcoat UV,,ZEISS book p3; book $5.05 L20
ZEISS,ZEISS,FSV 1.50,,Single vision,1.50,Clear,Spherical,stock,70,-6.00,+4.00,-2.00,6.00,combined,,,,4.73,3.16,L25,Hardcoat UV,,ZEISS book p3; book $5.05 L20
ZEISS,ZEISS,ClearView FSV 1.50,,Single vision,1.50,Clear,ClearView,stock,65,+2.00,+6.00,-2.00,,combined,,,,15.80,10.53,L25,DuraVision Gold UV,,ZEISS book p3; book $16.85 L20
ZEISS,ZEISS,ClearView FSV 1.50,,Single vision,1.50,Clear,ClearView,stock,70,-6.00,+4.00,-2.00,6.00,combined,,,,15.80,10.53,L25,DuraVision Gold UV,,ZEISS book p3; book $16.85 L20
ZEISS,ZEISS,ClearView FSV 1.50,375175,Single vision,1.50,Clear,ClearView,stock,65,+2.00,+6.00,-2.00,,combined,,,,12.50,,deal,DuraVision Platinum UV,,ZEISS book p3; deal price fixed for the term (book $15.90 L20)
ZEISS,ZEISS,ClearView FSV 1.50,375177,Single vision,1.50,Clear,ClearView,stock,70,-6.00,+4.00,-2.00,6.00,combined,,,,12.50,,deal,DuraVision Platinum UV,,ZEISS book p3; deal price fixed for the term (book $15.90 L20)
ZEISS,ZEISS,ClearView FSV 15 PFX Extra Grey PhotoFusionX 1.50,,Single vision,1.50,PhotoFusionX,ClearView,stock,65,+0.25,+4.00,-2.00,,combined,,,,30.38,20.25,L25,DuraVision Platinum UV,,ZEISS book p3; book $32.40 L20
ZEISS,ZEISS,ClearView FSV 15 PFX Extra Grey PhotoFusionX 1.50,,Single vision,1.50,PhotoFusionX,ClearView,stock,70,-6.00,+0.00,-2.00,6.00,combined,,,,30.38,20.25,L25,DuraVision Platinum UV,,ZEISS book p3; book $32.40 L20
ZEISS,ZEISS,ClearView FSV BluePro 1.50,375215,Single vision,1.50,Clear BluePro,ClearView,stock,65,+2.00,+6.00,-2.00,,combined,,,,12.50,,deal,DuraVision Platinum UV,,ZEISS book p3; deal price fixed for the term (book $19.75 L20)
ZEISS,ZEISS,ClearView FSV BluePro 1.50,375217,Single vision,1.50,Clear BluePro,ClearView,stock,70,-6.00,+4.00,-2.00,6.00,combined,,,,12.50,,deal,DuraVision Platinum UV,,ZEISS book p3; deal price fixed for the term (book $19.75 L20)
ZEISS,ZEISS,ClearView FSV 1.60,,Single vision,1.60,Clear,ClearView,stock,65,+2.00,+6.00,-2.00,,combined,,,,28.22,18.81,L25,DuraVision Gold UV,,ZEISS book p3; book $30.10 L20
ZEISS,ZEISS,ClearView FSV 1.60,,Single vision,1.60,Clear,ClearView,stock,70,+0.25,+4.00,-2.00,,combined,,,,28.22,18.81,L25,DuraVision Gold UV,,ZEISS book p3; book $30.10 L20
ZEISS,ZEISS,ClearView FSV 1.60,,Single vision,1.60,Clear,ClearView,stock,70,-8.00,-6.25,-2.00,8.00,combined,,,,28.22,18.81,L25,DuraVision Gold UV,,ZEISS book p3; book $30.10 L20
ZEISS,ZEISS,ClearView FSV 1.60,,Single vision,1.60,Clear,ClearView,stock,75,-6.00,+0.00,-3.00,6.00,combined,,,,28.22,18.81,L25,DuraVision Gold UV,,ZEISS book p3; book $30.10 L20
ZEISS,ZEISS,ClearView FSV 1.60,343865,Single vision,1.60,Clear,ClearView,stock,65,+2.00,+6.00,-2.00,,combined,,,,22.50,,deal,DuraVision Platinum UV,,ZEISS book p3; deal price fixed for the term (book $28.35 L20)
ZEISS,ZEISS,ClearView FSV 1.60,343867,Single vision,1.60,Clear,ClearView,stock,70,+0.25,+4.00,-2.00,,combined,,,,22.50,,deal,DuraVision Platinum UV,,ZEISS book p3; deal price fixed for the term (book $28.35 L20)
ZEISS,ZEISS,ClearView FSV 1.60,343867,Single vision,1.60,Clear,ClearView,stock,70,-8.00,-6.25,-2.00,8.00,combined,,,,22.50,,deal,DuraVision Platinum UV,,ZEISS book p3; deal price fixed for the term (book $28.35 L20)
ZEISS,ZEISS,ClearView FSV 1.60,,Single vision,1.60,Clear,ClearView,stock,75,-6.00,+0.00,-3.00,6.00,combined,,,,26.58,17.72,L25,DuraVision Platinum UV,,ZEISS book p3; book $28.35 L20
ZEISS,ZEISS,ClearView FSV 16 PFX Extra Grey PhotoFusionX 1.60,,Single vision,1.60,PhotoFusionX,ClearView,stock,65,+0.25,+4.00,-2.00,,combined,,,,40.41,26.94,L25,DuraVision Platinum UV,,ZEISS book p3; book $43.10 L20
ZEISS,ZEISS,ClearView FSV 16 PFX Extra Grey PhotoFusionX 1.60,,Single vision,1.60,PhotoFusionX,ClearView,stock,70,-8.00,-6.25,-2.00,8.00,combined,,,,40.41,26.94,L25,DuraVision Platinum UV,,ZEISS book p3; book $43.10 L20
ZEISS,ZEISS,ClearView FSV 16 PFX Extra Grey PhotoFusionX 1.60,,Single vision,1.60,PhotoFusionX,ClearView,stock,75,-6.00,+0.00,-2.00,6.00,combined,,,,40.41,26.94,L25,DuraVision Platinum UV,,ZEISS book p3; book $43.10 L20
ZEISS,ZEISS,ClearView FSV BluePro 1.60,343905,Single vision,1.60,Clear BluePro,ClearView,stock,65,+2.00,+6.00,-2.00,,combined,,,,22.50,,deal,DuraVision Platinum UV,,ZEISS book p3; deal price fixed for the term (book $30.90 L20)
ZEISS,ZEISS,ClearView FSV BluePro 1.60,343907,Single vision,1.60,Clear BluePro,ClearView,stock,70,+0.25,+4.00,-2.00,,combined,,,,22.50,,deal,DuraVision Platinum UV,,ZEISS book p3; deal price fixed for the term (book $30.90 L20)
ZEISS,ZEISS,ClearView FSV BluePro 1.60,343907,Single vision,1.60,Clear BluePro,ClearView,stock,70,-8.00,-6.25,-3.00,8.00,combined,,,,22.50,,deal,DuraVision Platinum UV,,ZEISS book p3; deal price fixed for the term (book $30.90 L20)
ZEISS,ZEISS,ClearView FSV BluePro 1.60,,Single vision,1.60,Clear BluePro,ClearView,stock,75,-6.00,+0.00,-3.00,6.00,combined,,,,28.97,19.31,L25,DuraVision Platinum UV,,ZEISS book p3; book $30.90 L20
ZEISS,ZEISS,Sph FSV 1.60,,Single vision,1.60,Clear,Spherical,stock,65,+2.00,+6.00,-2.00,,combined,,,,23.16,15.44,L25,DuraVision Chrome UV,,ZEISS book p3; book $24.70 L20
ZEISS,ZEISS,Sph FSV 1.60,,Single vision,1.60,Clear,Spherical,stock,70,-0.25,+4.00,-2.00,,combined,,,,23.16,15.44,L25,DuraVision Chrome UV,,ZEISS book p3; book $24.70 L20
ZEISS,ZEISS,Sph FSV 1.60,,Single vision,1.60,Clear,Spherical,stock,75,-8.00,+0.00,-2.00,8.00,combined,,,,23.16,15.44,L25,DuraVision Chrome UV,,ZEISS book p3; book $24.70 L20
ZEISS,ZEISS,ClearView FSV 1.67,,Single vision,1.67,Clear,ClearView,stock,65,+2.25,+6.00,-2.00,,combined,,,,37.83,25.22,L25,DuraVision Platinum UV,,ZEISS book p3; book $40.35 L20
ZEISS,ZEISS,ClearView FSV 1.67,343817,Single vision,1.67,Clear,ClearView,stock,70,+0.25,+2.00,-2.00,,combined,,,,35.00,,deal,DuraVision Platinum UV,,ZEISS book p3; deal price fixed for the term (book $40.35 L20)
ZEISS,ZEISS,ClearView FSV 1.67,343817,Single vision,1.67,Clear,ClearView,stock,70,-10.00,-6.25,-4.00,10.00,combined,,,,35.00,,deal,DuraVision Platinum UV,,ZEISS book p3; deal price fixed for the term (book $40.35 L20)
ZEISS,ZEISS,ClearView FSV 1.67,343817,Single vision,1.67,Clear,ClearView,stock,75,-6.00,+0.00,-4.00,6.00,combined,,,,35.00,,deal,DuraVision Platinum UV,,ZEISS book p3; deal price fixed for the term (book $40.35 L20)
ZEISS,ZEISS,ClearView FSV 1.74,343777,Single vision,1.74,Clear,ClearView,stock,70,-12.00,-8.25,-2.00,12.00,combined,,,,40.00,,deal,DuraVision Platinum UV,,ZEISS book p3; deal price fixed for the term (book $61.40 L20)
ZEISS,ZEISS,ClearView FSV 1.74,343777,Single vision,1.74,Clear,ClearView,stock,75,-8.00,-3.00,-2.00,8.00,combined,,,,40.00,,deal,DuraVision Platinum UV,,ZEISS book p3; deal price fixed for the term (book $61.40 L20)
ZEISS,ZEISS,ClearMind Single Vision Individual 3 1.50,,Single vision,1.50,Clear,Freeform,grind,,-6.00,+6.00,-4.00,6.00,sphere,,,,75.19,50.12,L25,DuraVision Plus Gold UV,,ZEISS book p4; Clear; book $80.20 L20
ZEISS,ZEISS,ClearMind Single Vision Individual 3 1.50,,Single vision,1.50,Clear,Freeform,grind,,-6.00,+6.00,-4.00,6.00,sphere,,,,74.62,49.75,L25,DuraVision Plus Platinum UV,,ZEISS book p4; Clear; book $79.60 L20
ZEISS,ZEISS,ClearMind Single Vision Individual 3 1.50,,Single vision,1.50,Clear,Freeform,grind,,-6.00,+6.00,-4.00,6.00,sphere,,,,72.23,48.16,L25,DuraVision Plus Chrome UV,,ZEISS book p4; Clear; book $77.05 L20
ZEISS,ZEISS,ClearMind Single Vision Individual 3 1.50,,Single vision,1.50,Clear,Freeform,grind,,-6.00,+6.00,-4.00,6.00,sphere,,,,46.69,31.12,L25,DSHC hard coat,,ZEISS book p4; Clear; book $49.80 L20
ZEISS,ZEISS,ClearMind Single Vision Individual 3 1.50,,Single vision,1.50,Clear BluePro,Freeform,grind,,-6.00,+6.00,-4.00,6.00,sphere,,,,77.44,51.62,L25,DuraVision Plus Gold UV,,ZEISS book p4; Clear BluePro; book $82.60 L20
ZEISS,ZEISS,ClearMind Single Vision Individual 3 1.50,,Single vision,1.50,Clear BluePro,Freeform,grind,,-6.00,+6.00,-4.00,6.00,sphere,,,,76.88,51.25,L25,DuraVision Plus Platinum UV,,ZEISS book p4; Clear BluePro; book $82.00 L20
ZEISS,ZEISS,ClearMind Single Vision Individual 3 1.50,,Single vision,1.50,Clear BluePro,Freeform,grind,,-6.00,+6.00,-4.00,6.00,sphere,,,,74.48,49.66,L25,DuraVision Plus Chrome UV,,ZEISS book p4; Clear BluePro; book $79.45 L20
ZEISS,ZEISS,ClearMind Single Vision Individual 3 1.50,,Single vision,1.50,PhotoFusionX,Freeform,grind,,-6.00,+6.00,-4.00,6.00,sphere,,,,106.03,70.69,L25,DuraVision Plus Gold UV,,ZEISS book p4; PhotoFusionX Grey/Brown/Pioneer/Extra Grey/Blue/Burgundy/Black; book $113.10 L20
ZEISS,ZEISS,ClearMind Single Vision Individual 3 1.50,,Single vision,1.50,PhotoFusionX,Freeform,grind,,-6.00,+6.00,-4.00,6.00,sphere,,,,105.47,70.31,L25,DuraVision Plus Platinum UV,,ZEISS book p4; PhotoFusionX Grey/Brown/Pioneer/Extra Grey/Blue/Burgundy/Black; book $112.50 L20
ZEISS,ZEISS,ClearMind Single Vision Individual 3 1.50,,Single vision,1.50,PhotoFusionX,Freeform,grind,,-6.00,+6.00,-4.00,6.00,sphere,,,,103.08,68.72,L25,DuraVision Plus Chrome UV,,ZEISS book p4; PhotoFusionX Grey/Brown/Pioneer/Extra Grey/Blue/Burgundy/Black; book $109.95 L20
ZEISS,ZEISS,ClearMind Single Vision Individual 3 1.50,,Single vision,1.50,PhotoFusionX,Freeform,grind,,-6.00,+6.00,-4.00,6.00,sphere,,,,77.53,51.69,L25,DSHC hard coat,,ZEISS book p4; PhotoFusionX Grey/Brown/Pioneer/Extra Grey/Blue/Burgundy/Black; book $82.70 L20
ZEISS,ZEISS,ClearMind Single Vision Individual 3 1.50,,Single vision,1.50,Polarised,Freeform,grind,,-8.00,+8.00,-4.00,8.00,sphere,,,,106.97,71.31,L25,DuraVision Plus Gold UV,,ZEISS book p4; Polarised Grey/ Brown/ Pioneer; book $114.10 L20
ZEISS,ZEISS,ClearMind Single Vision Individual 3 1.50,,Single vision,1.50,Polarised,Freeform,grind,,-8.00,+8.00,-4.00,8.00,sphere,,,,106.41,70.94,L25,DuraVision Plus Platinum UV,,ZEISS book p4; Polarised Grey/ Brown/ Pioneer; book $113.50 L20
ZEISS,ZEISS,ClearMind Single Vision Individual 3 1.50,,Single vision,1.50,Polarised,Freeform,grind,,-8.00,+8.00,-4.00,8.00,sphere,,,,104.02,69.34,L25,DuraVision Plus Chrome UV,,ZEISS book p4; Polarised Grey/ Brown/ Pioneer; book $110.95 L20
ZEISS,ZEISS,ClearMind Single Vision Individual 3 1.50,,Single vision,1.50,Polarised,Freeform,grind,,-8.00,+8.00,-4.00,8.00,sphere,,,,105.42,70.28,L25,DuraVision Plus Sun UV,,ZEISS book p4; Polarised Grey/ Brown/ Pioneer; book $112.45 L20
ZEISS,ZEISS,ClearMind Single Vision Individual 3 1.50,,Single vision,1.50,Polarised,Freeform,grind,,-8.00,+8.00,-4.00,8.00,sphere,,,,78.47,52.31,L25,DSHC hard coat,,ZEISS book p4; Polarised Grey/ Brown/ Pioneer; book $83.70 L20
ZEISS,ZEISS,ClearMind Single Vision Individual 3 1.50,,Single vision,1.50,AdaptiveSun PhotoFusion,Freeform,grind,,-6.00,+6.00,-4.00,6.00,sphere,,,,132.47,88.31,L25,DuraVision Plus Gold UV,,ZEISS book p4; AdaptiveSun PhotoFusion Grey/ Brown/ Pioneer/Blue; book $141.30 L20
ZEISS,ZEISS,ClearMind Single Vision Individual 3 1.50,,Single vision,1.50,AdaptiveSun PhotoFusion,Freeform,grind,,-6.00,+6.00,-4.00,6.00,sphere,,,,131.91,87.94,L25,DuraVision Plus Platinum UV,,ZEISS book p4; AdaptiveSun PhotoFusion Grey/ Brown/ Pioneer/Blue; book $140.70 L20
ZEISS,ZEISS,ClearMind Single Vision Individual 3 1.50,,Single vision,1.50,AdaptiveSun PhotoFusion,Freeform,grind,,-6.00,+6.00,-4.00,6.00,sphere,,,,129.52,86.34,L25,DuraVision Plus Chrome UV,,ZEISS book p4; AdaptiveSun PhotoFusion Grey/ Brown/ Pioneer/Blue; book $138.15 L20
ZEISS,ZEISS,ClearMind Single Vision Individual 3 1.50,,Single vision,1.50,AdaptiveSun PhotoFusion,Freeform,grind,,-6.00,+6.00,-4.00,6.00,sphere,,,,103.97,69.31,L25,DSHC hard coat,,ZEISS book p4; AdaptiveSun PhotoFusion Grey/ Brown/ Pioneer/Blue; book $110.90 L20
ZEISS,ZEISS,ClearMind Single Vision Individual 3 1.50,,Single vision,1.50,AdaptiveSun Polarised,Freeform,grind,,-8.00,+8.00,-4.00,8.00,sphere,,,,135.14,90.09,L25,DuraVision Plus Gold UV,,ZEISS book p4; AdaptiveSun Polarised Grey/ Brown/ Pioneer; book $144.15 L20
ZEISS,ZEISS,ClearMind Single Vision Individual 3 1.50,,Single vision,1.50,AdaptiveSun Polarised,Freeform,grind,,-8.00,+8.00,-4.00,8.00,sphere,,,,134.58,89.72,L25,DuraVision Plus Platinum UV,,ZEISS book p4; AdaptiveSun Polarised Grey/ Brown/ Pioneer; book $143.55 L20
ZEISS,ZEISS,ClearMind Single Vision Individual 3 1.50,,Single vision,1.50,AdaptiveSun Polarised,Freeform,grind,,-8.00,+8.00,-4.00,8.00,sphere,,,,132.19,88.12,L25,DuraVision Plus Chrome UV,,ZEISS book p4; AdaptiveSun Polarised Grey/ Brown/ Pioneer; book $141.00 L20
ZEISS,ZEISS,ClearMind Single Vision Individual 3 1.50,,Single vision,1.50,AdaptiveSun Polarised,Freeform,grind,,-8.00,+8.00,-4.00,8.00,sphere,,,,133.59,89.06,L25,DuraVision Plus Sun UV,,ZEISS book p4; AdaptiveSun Polarised Grey/ Brown/ Pioneer; book $142.50 L20
ZEISS,ZEISS,ClearMind Single Vision Individual 3 1.50,,Single vision,1.50,AdaptiveSun Polarised,Freeform,grind,,-8.00,+8.00,-4.00,8.00,sphere,,,,106.64,71.09,L25,DSHC hard coat,,ZEISS book p4; AdaptiveSun Polarised Grey/ Brown/ Pioneer; book $113.75 L20
ZEISS,ZEISS,ClearMind Single Vision Individual 3 1.53,,Single vision,1.53,Clear,Freeform,grind,,-7.00,+7.00,-4.00,7.00,sphere,,,,96.38,64.25,L25,DuraVision Plus Gold UV,,ZEISS book p4; Clear; book $102.80 L20
ZEISS,ZEISS,ClearMind Single Vision Individual 3 1.53,,Single vision,1.53,Clear,Freeform,grind,,-7.00,+7.00,-4.00,7.00,sphere,,,,95.81,63.88,L25,DuraVision Plus Platinum UV,,ZEISS book p4; Clear; book $102.20 L20
ZEISS,ZEISS,ClearMind Single Vision Individual 3 1.53,,Single vision,1.53,Clear,Freeform,grind,,-7.00,+7.00,-4.00,7.00,sphere,,,,93.42,62.28,L25,DuraVision Plus Chrome UV,,ZEISS book p4; Clear; book $99.65 L20
ZEISS,ZEISS,ClearMind Single Vision Individual 3 1.53,,Single vision,1.53,Clear,Freeform,grind,,-7.00,+7.00,-4.00,7.00,sphere,,,,67.88,45.25,L25,DSHC hard coat,,ZEISS book p4; Clear; book $72.40 L20
ZEISS,ZEISS,ClearMind Single Vision Individual 3 1.53,,Single vision,1.53,Polarised,Freeform,grind,,-7.00,+5.00,-4.00,7.00,sphere,,,,128.16,85.44,L25,DuraVision Plus Gold UV,,ZEISS book p4; Polarised Grey/ Brown; book $136.70 L20
ZEISS,ZEISS,ClearMind Single Vision Individual 3 1.53,,Single vision,1.53,Polarised,Freeform,grind,,-7.00,+5.00,-4.00,7.00,sphere,,,,127.59,85.06,L25,DuraVision Plus Platinum UV,,ZEISS book p4; Polarised Grey/ Brown; book $136.10 L20
ZEISS,ZEISS,ClearMind Single Vision Individual 3 1.53,,Single vision,1.53,Polarised,Freeform,grind,,-7.00,+5.00,-4.00,7.00,sphere,,,,125.20,83.47,L25,DuraVision Plus Chrome UV,,ZEISS book p4; Polarised Grey/ Brown; book $133.55 L20
ZEISS,ZEISS,ClearMind Single Vision Individual 3 1.53,,Single vision,1.53,Polarised,Freeform,grind,,-7.00,+5.00,-4.00,7.00,sphere,,,,126.61,84.41,L25,DuraVision Plus Sun UV,,ZEISS book p4; Polarised Grey/ Brown; book $135.05 L20
ZEISS,ZEISS,ClearMind Single Vision Individual 3 1.53,,Single vision,1.53,Polarised,Freeform,grind,,-7.00,+5.00,-4.00,7.00,sphere,,,,99.66,66.44,L25,DSHC hard coat,,ZEISS book p4; Polarised Grey/ Brown; book $106.30 L20
ZEISS,ZEISS,ClearMind Single Vision Individual 3 1.59,,Single vision,1.59,Clear,Freeform,grind,,-10.00,+8.00,-6.00,10.00,sphere,,,,103.45,68.97,L25,DuraVision Plus Gold UV,,ZEISS book p4; Clear; book $110.35 L20
ZEISS,ZEISS,ClearMind Single Vision Individual 3 1.59,,Single vision,1.59,Clear,Freeform,grind,,-10.00,+8.00,-6.00,10.00,sphere,,,,102.89,68.59,L25,DuraVision Plus Platinum UV,,ZEISS book p4; Clear; book $109.75 L20
ZEISS,ZEISS,ClearMind Single Vision Individual 3 1.59,,Single vision,1.59,Clear,Freeform,grind,,-10.00,+8.00,-6.00,10.00,sphere,,,,100.50,67.00,L25,DuraVision Plus Chrome UV,,ZEISS book p4; Clear; book $107.20 L20
ZEISS,ZEISS,ClearMind Single Vision Individual 3 1.59,,Single vision,1.59,Clear,Freeform,grind,,-10.00,+8.00,-6.00,10.00,sphere,,,,74.95,49.97,L25,DSHC hard coat,,ZEISS book p4; Clear; book $79.95 L20
ZEISS,ZEISS,ClearMind Single Vision Individual 3 1.59,,Single vision,1.59,PhotoFusionX,Freeform,grind,,-10.00,+8.00,-6.00,10.00,sphere,,,,134.34,89.56,L25,DuraVision Plus Gold UV,,ZEISS book p4; PhotoFusionX Grey/Brown/Pioneer/Extra Grey/Blue/Burgundy/Black; book $143.30 L20
ZEISS,ZEISS,ClearMind Single Vision Individual 3 1.59,,Single vision,1.59,PhotoFusionX,Freeform,grind,,-10.00,+8.00,-6.00,10.00,sphere,,,,133.78,89.19,L25,DuraVision Plus Platinum UV,,ZEISS book p4; PhotoFusionX Grey/Brown/Pioneer/Extra Grey/Blue/Burgundy/Black; book $142.70 L20
ZEISS,ZEISS,ClearMind Single Vision Individual 3 1.59,,Single vision,1.59,PhotoFusionX,Freeform,grind,,-10.00,+8.00,-6.00,10.00,sphere,,,,131.39,87.59,L25,DuraVision Plus Chrome UV,,ZEISS book p4; PhotoFusionX Grey/Brown/Pioneer/Extra Grey/Blue/Burgundy/Black; book $140.15 L20
ZEISS,ZEISS,ClearMind Single Vision Individual 3 1.59,,Single vision,1.59,PhotoFusionX,Freeform,grind,,-10.00,+8.00,-6.00,10.00,sphere,,,,105.84,70.56,L25,DSHC hard coat,,ZEISS book p4; PhotoFusionX Grey/Brown/Pioneer/Extra Grey/Blue/Burgundy/Black; book $112.90 L20
ZEISS,ZEISS,ClearMind Single Vision Individual 3 1.59,,Single vision,1.59,Polarised,Freeform,grind,,-10.00,+8.00,-4.00,10.00,sphere,,,,135.19,90.12,L25,DuraVision Plus Gold UV,,ZEISS book p4; Polarised Grey/ Brown; book $144.20 L20
ZEISS,ZEISS,ClearMind Single Vision Individual 3 1.59,,Single vision,1.59,Polarised,Freeform,grind,,-10.00,+8.00,-4.00,10.00,sphere,,,,134.62,89.75,L25,DuraVision Plus Platinum UV,,ZEISS book p4; Polarised Grey/ Brown; book $143.60 L20
ZEISS,ZEISS,ClearMind Single Vision Individual 3 1.59,,Single vision,1.59,Polarised,Freeform,grind,,-10.00,+8.00,-4.00,10.00,sphere,,,,132.23,88.16,L25,DuraVision Plus Chrome UV,,ZEISS book p4; Polarised Grey/ Brown; book $141.05 L20
ZEISS,ZEISS,ClearMind Single Vision Individual 3 1.59,,Single vision,1.59,Polarised,Freeform,grind,,-10.00,+8.00,-4.00,10.00,sphere,,,,133.64,89.09,L25,DuraVision Plus Sun UV,,ZEISS book p4; Polarised Grey/ Brown; book $142.55 L20
ZEISS,ZEISS,ClearMind Single Vision Individual 3 1.59,,Single vision,1.59,Polarised,Freeform,grind,,-10.00,+8.00,-4.00,10.00,sphere,,,,106.69,71.12,L25,DSHC hard coat,,ZEISS book p4; Polarised Grey/ Brown; book $113.80 L20
ZEISS,ZEISS,ClearMind Single Vision Individual 3 1.60,,Single vision,1.60,Clear,Freeform,grind,,-10.00,+10.00,-6.00,10.00,sphere,,,,103.45,68.97,L25,DuraVision Plus Gold UV,,ZEISS book p4; Clear; book $110.35 L20
ZEISS,ZEISS,ClearMind Single Vision Individual 3 1.60,,Single vision,1.60,Clear,Freeform,grind,,-10.00,+10.00,-6.00,10.00,sphere,,,,102.89,68.59,L25,DuraVision Plus Platinum UV,,ZEISS book p4; Clear; book $109.75 L20
ZEISS,ZEISS,ClearMind Single Vision Individual 3 1.60,,Single vision,1.60,Clear,Freeform,grind,,-10.00,+10.00,-6.00,10.00,sphere,,,,100.50,67.00,L25,DuraVision Plus Chrome UV,,ZEISS book p4; Clear; book $107.20 L20
ZEISS,ZEISS,ClearMind Single Vision Individual 3 1.60,,Single vision,1.60,Clear,Freeform,grind,,-10.00,+10.00,-6.00,10.00,sphere,,,,74.95,49.97,L25,DSHC hard coat,,ZEISS book p4; Clear; book $79.95 L20
ZEISS,ZEISS,ClearMind Single Vision Individual 3 1.60,,Single vision,1.60,Clear BluePro,Freeform,grind,,-10.00,+10.00,-6.00,10.00,sphere,,,,105.66,70.44,L25,DuraVision Plus Gold UV,,ZEISS book p4; Clear BluePro; book $112.70 L20
ZEISS,ZEISS,ClearMind Single Vision Individual 3 1.60,,Single vision,1.60,Clear BluePro,Freeform,grind,,-10.00,+10.00,-6.00,10.00,sphere,,,,105.09,70.06,L25,DuraVision Plus Platinum UV,,ZEISS book p4; Clear BluePro; book $112.10 L20
ZEISS,ZEISS,ClearMind Single Vision Individual 3 1.60,,Single vision,1.60,Clear BluePro,Freeform,grind,,-10.00,+10.00,-6.00,10.00,sphere,,,,102.70,68.47,L25,DuraVision Plus Chrome UV,,ZEISS book p4; Clear BluePro; book $109.55 L20
ZEISS,ZEISS,ClearMind Single Vision Individual 3 1.60,,Single vision,1.60,PhotoFusionX,Freeform,grind,,-10.00,+8.00,-6.00,10.00,sphere,,,,134.34,89.56,L25,DuraVision Plus Gold UV,,ZEISS book p4; PhotoFusionX Grey/Brown/Pioneer/Extra Grey/Blue/Burgundy/Black; book $143.30 L20
ZEISS,ZEISS,ClearMind Single Vision Individual 3 1.60,,Single vision,1.60,PhotoFusionX,Freeform,grind,,-10.00,+8.00,-6.00,10.00,sphere,,,,133.78,89.19,L25,DuraVision Plus Platinum UV,,ZEISS book p4; PhotoFusionX Grey/Brown/Pioneer/Extra Grey/Blue/Burgundy/Black; book $142.70 L20
ZEISS,ZEISS,ClearMind Single Vision Individual 3 1.60,,Single vision,1.60,PhotoFusionX,Freeform,grind,,-10.00,+8.00,-6.00,10.00,sphere,,,,131.39,87.59,L25,DuraVision Plus Chrome UV,,ZEISS book p4; PhotoFusionX Grey/Brown/Pioneer/Extra Grey/Blue/Burgundy/Black; book $140.15 L20
ZEISS,ZEISS,ClearMind Single Vision Individual 3 1.60,,Single vision,1.60,PhotoFusionX,Freeform,grind,,-10.00,+8.00,-6.00,10.00,sphere,,,,105.84,70.56,L25,DSHC hard coat,,ZEISS book p4; PhotoFusionX Grey/Brown/Pioneer/Extra Grey/Blue/Burgundy/Black; book $112.90 L20
ZEISS,ZEISS,ClearMind Single Vision Individual 3 1.60,,Single vision,1.60,Polarised,Freeform,grind,,-11.00,+10.00,-6.00,11.00,sphere,,,,135.19,90.12,L25,DuraVision Plus Gold UV,,ZEISS book p4; Polarised Grey/ Brown/ Pioneer; book $144.20 L20
ZEISS,ZEISS,ClearMind Single Vision Individual 3 1.60,,Single vision,1.60,Polarised,Freeform,grind,,-11.00,+10.00,-6.00,11.00,sphere,,,,134.62,89.75,L25,DuraVision Plus Platinum UV,,ZEISS book p4; Polarised Grey/ Brown/ Pioneer; book $143.60 L20
ZEISS,ZEISS,ClearMind Single Vision Individual 3 1.60,,Single vision,1.60,Polarised,Freeform,grind,,-11.00,+10.00,-6.00,11.00,sphere,,,,132.23,88.16,L25,DuraVision Plus Chrome UV,,ZEISS book p4; Polarised Grey/ Brown/ Pioneer; book $141.05 L20
ZEISS,ZEISS,ClearMind Single Vision Individual 3 1.60,,Single vision,1.60,Polarised,Freeform,grind,,-11.00,+10.00,-6.00,11.00,sphere,,,,133.64,89.09,L25,DuraVision Plus Sun UV,,ZEISS book p4; Polarised Grey/ Brown/ Pioneer; book $142.55 L20
ZEISS,ZEISS,ClearMind Single Vision Individual 3 1.60,,Single vision,1.60,Polarised,Freeform,grind,,-11.00,+10.00,-6.00,11.00,sphere,,,,106.69,71.12,L25,DSHC hard coat,,ZEISS book p4; Polarised Grey/ Brown/ Pioneer; book $113.80 L20
ZEISS,ZEISS,ClearMind Single Vision Individual 3 1.60,,Single vision,1.60,AdaptiveSun PhotoFusion,Freeform,grind,,-10.00,+8.00,-6.00,10.00,sphere,,,,160.78,107.19,L25,DuraVision Plus Gold UV,,ZEISS book p4; AdaptiveSun PhotoFusion Grey/ Brown/ Pioneer/Blue; book $171.50 L20
ZEISS,ZEISS,ClearMind Single Vision Individual 3 1.60,,Single vision,1.60,AdaptiveSun PhotoFusion,Freeform,grind,,-10.00,+8.00,-6.00,10.00,sphere,,,,160.22,106.81,L25,DuraVision Plus Platinum UV,,ZEISS book p4; AdaptiveSun PhotoFusion Grey/ Brown/ Pioneer/Blue; book $170.90 L20
ZEISS,ZEISS,ClearMind Single Vision Individual 3 1.60,,Single vision,1.60,AdaptiveSun PhotoFusion,Freeform,grind,,-10.00,+8.00,-6.00,10.00,sphere,,,,157.83,105.22,L25,DuraVision Plus Chrome UV,,ZEISS book p4; AdaptiveSun PhotoFusion Grey/ Brown/ Pioneer/Blue; book $168.35 L20
ZEISS,ZEISS,ClearMind Single Vision Individual 3 1.60,,Single vision,1.60,AdaptiveSun PhotoFusion,Freeform,grind,,-10.00,+8.00,-6.00,10.00,sphere,,,,132.28,88.19,L25,DSHC hard coat,,ZEISS book p4; AdaptiveSun PhotoFusion Grey/ Brown/ Pioneer/Blue; book $141.10 L20
ZEISS,ZEISS,ClearMind Single Vision Individual 3 1.60,,Single vision,1.60,AdaptiveSun Polarised,Freeform,grind,,-11.00,+10.00,-6.00,11.00,sphere,,,,163.41,108.94,L25,DuraVision Plus Gold UV,,ZEISS book p4; AdaptiveSun Polarised Grey/ Brown/ Pioneer; book $174.30 L20
ZEISS,ZEISS,ClearMind Single Vision Individual 3 1.60,,Single vision,1.60,AdaptiveSun Polarised,Freeform,grind,,-11.00,+10.00,-6.00,11.00,sphere,,,,162.84,108.56,L25,DuraVision Plus Platinum UV,,ZEISS book p4; AdaptiveSun Polarised Grey/ Brown/ Pioneer; book $173.70 L20
ZEISS,ZEISS,ClearMind Single Vision Individual 3 1.60,,Single vision,1.60,AdaptiveSun Polarised,Freeform,grind,,-11.00,+10.00,-6.00,11.00,sphere,,,,160.45,106.97,L25,DuraVision Plus Chrome UV,,ZEISS book p4; AdaptiveSun Polarised Grey/ Brown/ Pioneer; book $171.15 L20
ZEISS,ZEISS,ClearMind Single Vision Individual 3 1.60,,Single vision,1.60,AdaptiveSun Polarised,Freeform,grind,,-11.00,+10.00,-6.00,11.00,sphere,,,,161.86,107.91,L25,DuraVision Plus Sun UV,,ZEISS book p4; AdaptiveSun Polarised Grey/ Brown/ Pioneer; book $172.65 L20
ZEISS,ZEISS,ClearMind Single Vision Individual 3 1.60,,Single vision,1.60,AdaptiveSun Polarised,Freeform,grind,,-11.00,+10.00,-6.00,11.00,sphere,,,,134.91,89.94,L25,DSHC hard coat,,ZEISS book p4; AdaptiveSun Polarised Grey/ Brown/ Pioneer; book $143.90 L20
ZEISS,ZEISS,ClearMind Single Vision Individual 3 1.67,,Single vision,1.67,Clear,Freeform,grind,,-17.00,+10.00,-6.00,17.00,sphere,,,,125.48,83.66,L25,DuraVision Plus Gold UV,,ZEISS book p4; Clear; book $133.85 L20
ZEISS,ZEISS,ClearMind Single Vision Individual 3 1.67,,Single vision,1.67,Clear,Freeform,grind,,-17.00,+10.00,-6.00,17.00,sphere,,,,124.92,83.28,L25,DuraVision Plus Platinum UV,,ZEISS book p4; Clear; book $133.25 L20
ZEISS,ZEISS,ClearMind Single Vision Individual 3 1.67,,Single vision,1.67,Clear,Freeform,grind,,-17.00,+10.00,-6.00,17.00,sphere,,,,122.53,81.69,L25,DuraVision Plus Chrome UV,,ZEISS book p4; Clear; book $130.70 L20
ZEISS,ZEISS,ClearMind Single Vision Individual 3 1.67,,Single vision,1.67,Clear BluePro,Freeform,grind,,-17.00,+10.00,-6.00,17.00,sphere,,,,127.64,85.09,L25,DuraVision Plus Gold UV,,ZEISS book p4; Clear BluePro; book $136.15 L20
ZEISS,ZEISS,ClearMind Single Vision Individual 3 1.67,,Single vision,1.67,Clear BluePro,Freeform,grind,,-17.00,+10.00,-6.00,17.00,sphere,,,,127.08,84.72,L25,DuraVision Plus Platinum UV,,ZEISS book p4; Clear BluePro; book $135.55 L20
ZEISS,ZEISS,ClearMind Single Vision Individual 3 1.67,,Single vision,1.67,Clear BluePro,Freeform,grind,,-17.00,+10.00,-6.00,17.00,sphere,,,,124.69,83.12,L25,DuraVision Plus Chrome UV,,ZEISS book p4; Clear BluePro; book $133.00 L20
ZEISS,ZEISS,ClearMind Single Vision Individual 3 1.67,,Single vision,1.67,PhotoFusionX,Freeform,grind,,-12.00,+8.00,-6.00,12.00,sphere,,,,156.33,104.22,L25,DuraVision Plus Gold UV,,ZEISS book p4; PhotoFusionX Grey/Brown/Pioneer/Extra Grey/Blue/Burgundy/Black; book $166.75 L20
ZEISS,ZEISS,ClearMind Single Vision Individual 3 1.67,,Single vision,1.67,PhotoFusionX,Freeform,grind,,-12.00,+8.00,-6.00,12.00,sphere,,,,155.77,103.84,L25,DuraVision Plus Platinum UV,,ZEISS book p4; PhotoFusionX Grey/Brown/Pioneer/Extra Grey/Blue/Burgundy/Black; book $166.15 L20
ZEISS,ZEISS,ClearMind Single Vision Individual 3 1.67,,Single vision,1.67,PhotoFusionX,Freeform,grind,,-12.00,+8.00,-6.00,12.00,sphere,,,,153.38,102.25,L25,DuraVision Plus Chrome UV,,ZEISS book p4; PhotoFusionX Grey/Brown/Pioneer/Extra Grey/Blue/Burgundy/Black; book $163.60 L20
ZEISS,ZEISS,ClearMind Single Vision Individual 3 1.67,,Single vision,1.67,Polarised,Freeform,grind,,-12.00,+11.00,-6.00,12.00,sphere,,,,157.22,104.81,L25,DuraVision Plus Gold UV,,ZEISS book p4; Polarised Grey/ Brown/ Pioneer; book $167.70 L20
ZEISS,ZEISS,ClearMind Single Vision Individual 3 1.67,,Single vision,1.67,Polarised,Freeform,grind,,-12.00,+11.00,-6.00,12.00,sphere,,,,156.66,104.44,L25,DuraVision Plus Platinum UV,,ZEISS book p4; Polarised Grey/ Brown/ Pioneer; book $167.10 L20
ZEISS,ZEISS,ClearMind Single Vision Individual 3 1.67,,Single vision,1.67,Polarised,Freeform,grind,,-12.00,+11.00,-6.00,12.00,sphere,,,,154.27,102.84,L25,DuraVision Plus Chrome UV,,ZEISS book p4; Polarised Grey/ Brown/ Pioneer; book $164.55 L20
ZEISS,ZEISS,ClearMind Single Vision Individual 3 1.67,,Single vision,1.67,Polarised,Freeform,grind,,-12.00,+11.00,-6.00,12.00,sphere,,,,155.67,103.78,L25,DuraVision Plus Sun UV,,ZEISS book p4; Polarised Grey/ Brown/ Pioneer; book $166.05 L20
ZEISS,ZEISS,ClearMind Single Vision Individual 3 1.67,,Single vision,1.67,AdaptiveSun PhotoFusion,Freeform,grind,,-12.00,+8.00,-6.00,12.00,sphere,,,,182.77,121.84,L25,DuraVision Plus Gold UV,,ZEISS book p4; AdaptiveSun PhotoFusion Grey/ Brown/ Pioneer; book $194.95 L20
ZEISS,ZEISS,ClearMind Single Vision Individual 3 1.67,,Single vision,1.67,AdaptiveSun PhotoFusion,Freeform,grind,,-12.00,+8.00,-6.00,12.00,sphere,,,,182.20,121.47,L25,DuraVision Plus Platinum UV,,ZEISS book p4; AdaptiveSun PhotoFusion Grey/ Brown/ Pioneer; book $194.35 L20
ZEISS,ZEISS,ClearMind Single Vision Individual 3 1.67,,Single vision,1.67,AdaptiveSun PhotoFusion,Freeform,grind,,-12.00,+8.00,-6.00,12.00,sphere,,,,179.81,119.88,L25,DuraVision Plus Chrome UV,,ZEISS book p4; AdaptiveSun PhotoFusion Grey/ Brown/ Pioneer; book $191.80 L20
ZEISS,ZEISS,ClearMind Single Vision Individual 3 1.74,,Single vision,1.74,Clear,Freeform,grind,,-20.00,+16.00,-6.00,20.00,sphere,,,,147.52,98.34,L25,DuraVision Plus Gold UV,,ZEISS book p4; Clear; book $157.35 L20
ZEISS,ZEISS,ClearMind Single Vision Individual 3 1.74,,Single vision,1.74,Clear,Freeform,grind,,-20.00,+16.00,-6.00,20.00,sphere,,,,146.95,97.97,L25,DuraVision Plus Platinum UV,,ZEISS book p4; Clear; book $156.75 L20
ZEISS,ZEISS,ClearMind Single Vision Individual 3 1.74,,Single vision,1.74,Clear,Freeform,grind,,-20.00,+16.00,-6.00,20.00,sphere,,,,144.56,96.38,L25,DuraVision Plus Chrome UV,,ZEISS book p4; Clear; book $154.20 L20
ZEISS,ZEISS,ClearMind Single Vision Individual 3 1.74,,Single vision,1.74,Clear BluePro,Freeform,grind,,-20.00,+16.00,-6.00,20.00,sphere,,,,149.72,99.81,L25,DuraVision Plus Gold UV,,ZEISS book p4; Clear BluePro; book $159.70 L20
ZEISS,ZEISS,ClearMind Single Vision Individual 3 1.74,,Single vision,1.74,Clear BluePro,Freeform,grind,,-20.00,+16.00,-6.00,20.00,sphere,,,,149.16,99.44,L25,DuraVision Plus Platinum UV,,ZEISS book p4; Clear BluePro; book $159.10 L20
ZEISS,ZEISS,ClearMind Single Vision Individual 3 1.74,,Single vision,1.74,Clear BluePro,Freeform,grind,,-20.00,+16.00,-6.00,20.00,sphere,,,,146.77,97.84,L25,DuraVision Plus Chrome UV,,ZEISS book p4; Clear BluePro; book $156.55 L20
ZEISS,ZEISS,ClearMind Single Vision Individual 3 1.74,,Single vision,1.74,PhotoFusionX,Freeform,grind,,-14.00,+9.00,-6.00,14.00,sphere,,,,178.36,118.91,L25,DuraVision Plus Gold UV,,ZEISS book p4; PhotoFusionX Grey/Brown/Extra Grey/Black; book $190.25 L20
ZEISS,ZEISS,ClearMind Single Vision Individual 3 1.74,,Single vision,1.74,PhotoFusionX,Freeform,grind,,-14.00,+9.00,-6.00,14.00,sphere,,,,177.80,118.53,L25,DuraVision Plus Platinum UV,,ZEISS book p4; PhotoFusionX Grey/Brown/Extra Grey/Black; book $189.65 L20
ZEISS,ZEISS,ClearMind Single Vision Individual 3 1.74,,Single vision,1.74,PhotoFusionX,Freeform,grind,,-14.00,+9.00,-6.00,14.00,sphere,,,,175.41,116.94,L25,DuraVision Plus Chrome UV,,ZEISS book p4; PhotoFusionX Grey/Brown/Extra Grey/Black; book $187.10 L20
ZEISS,ZEISS,ClearMind Single Vision 1.50,,Single vision,1.50,Clear,Freeform,grind,,-6.00,+6.00,-4.00,6.00,sphere,,,,65.91,43.94,L25,DuraVision Plus Gold UV,,ZEISS book p5; Clear; range confirmed by ZEISS product guide; book $70.30 L20
ZEISS,ZEISS,ClearMind Single Vision 1.50,,Single vision,1.50,Clear,Freeform,grind,,-6.00,+6.00,-4.00,6.00,sphere,,,,65.34,43.56,L25,DuraVision Plus Platinum UV,,ZEISS book p5; Clear; range confirmed by ZEISS product guide; book $69.70 L20
ZEISS,ZEISS,ClearMind Single Vision 1.50,,Single vision,1.50,Clear,Freeform,grind,,-6.00,+6.00,-4.00,6.00,sphere,,,,62.95,41.97,L25,DuraVision Plus Chrome UV,,ZEISS book p5; Clear; range confirmed by ZEISS product guide; book $67.15 L20
ZEISS,ZEISS,ClearMind Single Vision 1.50,,Single vision,1.50,Clear,Freeform,grind,,-6.00,+6.00,-4.00,6.00,sphere,,,,37.41,24.94,L25,DSHC hard coat,,ZEISS book p5; Clear; range confirmed by ZEISS product guide; book $39.90 L20
ZEISS,ZEISS,ClearMind Single Vision 1.50,,Single vision,1.50,Clear BluePro,Freeform,grind,,-6.00,+6.00,-4.00,6.00,sphere,,,,68.11,45.41,L25,DuraVision Plus Gold UV,,ZEISS book p5; Clear BluePro; range confirmed by ZEISS product guide; book $72.65 L20
ZEISS,ZEISS,ClearMind Single Vision 1.50,,Single vision,1.50,Clear BluePro,Freeform,grind,,-6.00,+6.00,-4.00,6.00,sphere,,,,67.55,45.03,L25,DuraVision Plus Platinum UV,,ZEISS book p5; Clear BluePro; range confirmed by ZEISS product guide; book $72.05 L20
ZEISS,ZEISS,ClearMind Single Vision 1.50,,Single vision,1.50,Clear BluePro,Freeform,grind,,-6.00,+6.00,-4.00,6.00,sphere,,,,65.16,43.44,L25,DuraVision Plus Chrome UV,,ZEISS book p5; Clear BluePro; range confirmed by ZEISS product guide; book $69.50 L20
ZEISS,ZEISS,ClearMind Single Vision 1.50,,Single vision,1.50,PhotoFusionX,Freeform,grind,,-6.00,+6.00,-4.00,6.00,sphere,,,,96.70,64.47,L25,DuraVision Plus Gold UV,,ZEISS book p5; PhotoFusionX Grey/Brown/Pioneer/Extra Grey/Blue/Burgundy/Black; range confirmed by ZEISS product guide; book $103.15 L20
ZEISS,ZEISS,ClearMind Single Vision 1.50,,Single vision,1.50,PhotoFusionX,Freeform,grind,,-6.00,+6.00,-4.00,6.00,sphere,,,,96.14,64.09,L25,DuraVision Plus Platinum UV,,ZEISS book p5; PhotoFusionX Grey/Brown/Pioneer/Extra Grey/Blue/Burgundy/Black; range confirmed by ZEISS product guide; book $102.55 L20
ZEISS,ZEISS,ClearMind Single Vision 1.50,,Single vision,1.50,PhotoFusionX,Freeform,grind,,-6.00,+6.00,-4.00,6.00,sphere,,,,93.75,62.50,L25,DuraVision Plus Chrome UV,,ZEISS book p5; PhotoFusionX Grey/Brown/Pioneer/Extra Grey/Blue/Burgundy/Black; range confirmed by ZEISS product guide; book $100.00 L20
ZEISS,ZEISS,ClearMind Single Vision 1.50,,Single vision,1.50,PhotoFusionX,Freeform,grind,,-6.00,+6.00,-4.00,6.00,sphere,,,,68.20,45.47,L25,DSHC hard coat,,ZEISS book p5; PhotoFusionX Grey/Brown/Pioneer/Extra Grey/Blue/Burgundy/Black; range confirmed by ZEISS product guide; book $72.75 L20
ZEISS,ZEISS,ClearMind Single Vision 1.50,,Single vision,1.50,Polarised,Freeform,grind,,-8.00,+8.00,-4.00,8.00,sphere,,,,97.64,65.09,L25,DuraVision Plus Gold UV,,ZEISS book p5; Polarised Grey/ Brown/ Pioneer; range confirmed by ZEISS product guide; book $104.15 L20
ZEISS,ZEISS,ClearMind Single Vision 1.50,,Single vision,1.50,Polarised,Freeform,grind,,-8.00,+8.00,-4.00,8.00,sphere,,,,97.08,64.72,L25,DuraVision Plus Platinum UV,,ZEISS book p5; Polarised Grey/ Brown/ Pioneer; range confirmed by ZEISS product guide; book $103.55 L20
ZEISS,ZEISS,ClearMind Single Vision 1.50,,Single vision,1.50,Polarised,Freeform,grind,,-8.00,+8.00,-4.00,8.00,sphere,,,,94.69,63.12,L25,DuraVision Plus Chrome UV,,ZEISS book p5; Polarised Grey/ Brown/ Pioneer; range confirmed by ZEISS product guide; book $101.00 L20
ZEISS,ZEISS,ClearMind Single Vision 1.50,,Single vision,1.50,Polarised,Freeform,grind,,-8.00,+8.00,-4.00,8.00,sphere,,,,96.09,64.06,L25,DuraVision Plus Sun UV,,ZEISS book p5; Polarised Grey/ Brown/ Pioneer; range confirmed by ZEISS product guide; book $102.50 L20
ZEISS,ZEISS,ClearMind Single Vision 1.50,,Single vision,1.50,Polarised,Freeform,grind,,-8.00,+8.00,-4.00,8.00,sphere,,,,69.14,46.09,L25,DSHC hard coat,,ZEISS book p5; Polarised Grey/ Brown/ Pioneer; range confirmed by ZEISS product guide; book $73.75 L20
ZEISS,ZEISS,ClearMind Single Vision 1.50,,Single vision,1.50,AdaptiveSun PhotoFusion,Freeform,grind,,-6.00,+6.00,-4.00,6.00,sphere,,,,123.19,82.12,L25,DuraVision Plus Gold UV,,ZEISS book p5; AdaptiveSun PhotoFusion Grey/ Brown/ Pioneer/Blue; range confirmed by ZEISS product guide; book $131.40 L20
ZEISS,ZEISS,ClearMind Single Vision 1.50,,Single vision,1.50,AdaptiveSun PhotoFusion,Freeform,grind,,-6.00,+6.00,-4.00,6.00,sphere,,,,122.63,81.75,L25,DuraVision Plus Platinum UV,,ZEISS book p5; AdaptiveSun PhotoFusion Grey/ Brown/ Pioneer/Blue; range confirmed by ZEISS product guide; book $130.80 L20
ZEISS,ZEISS,ClearMind Single Vision 1.50,,Single vision,1.50,AdaptiveSun PhotoFusion,Freeform,grind,,-6.00,+6.00,-4.00,6.00,sphere,,,,120.23,80.16,L25,DuraVision Plus Chrome UV,,ZEISS book p5; AdaptiveSun PhotoFusion Grey/ Brown/ Pioneer/Blue; range confirmed by ZEISS product guide; book $128.25 L20
ZEISS,ZEISS,ClearMind Single Vision 1.50,,Single vision,1.50,AdaptiveSun PhotoFusion,Freeform,grind,,-6.00,+6.00,-4.00,6.00,sphere,,,,94.69,63.12,L25,DSHC hard coat,,ZEISS book p5; AdaptiveSun PhotoFusion Grey/ Brown/ Pioneer/Blue; range confirmed by ZEISS product guide; book $101.00 L20
ZEISS,ZEISS,ClearMind Single Vision 1.50,,Single vision,1.50,AdaptiveSun Polarised,Freeform,grind,,-8.00,+8.00,-4.00,8.00,sphere,,,,125.81,83.88,L25,DuraVision Plus Gold UV,,ZEISS book p5; AdaptiveSun Polarised Grey/ Brown/ Pioneer; range confirmed by ZEISS product guide; book $134.20 L20
ZEISS,ZEISS,ClearMind Single Vision 1.50,,Single vision,1.50,AdaptiveSun Polarised,Freeform,grind,,-8.00,+8.00,-4.00,8.00,sphere,,,,125.25,83.50,L25,DuraVision Plus Platinum UV,,ZEISS book p5; AdaptiveSun Polarised Grey/ Brown/ Pioneer; range confirmed by ZEISS product guide; book $133.60 L20
ZEISS,ZEISS,ClearMind Single Vision 1.50,,Single vision,1.50,AdaptiveSun Polarised,Freeform,grind,,-8.00,+8.00,-4.00,8.00,sphere,,,,122.86,81.91,L25,DuraVision Plus Chrome UV,,ZEISS book p5; AdaptiveSun Polarised Grey/ Brown/ Pioneer; range confirmed by ZEISS product guide; book $131.05 L20
ZEISS,ZEISS,ClearMind Single Vision 1.50,,Single vision,1.50,AdaptiveSun Polarised,Freeform,grind,,-8.00,+8.00,-4.00,8.00,sphere,,,,124.27,82.84,L25,DuraVision Plus Sun UV,,ZEISS book p5; AdaptiveSun Polarised Grey/ Brown/ Pioneer; range confirmed by ZEISS product guide; book $132.55 L20
ZEISS,ZEISS,ClearMind Single Vision 1.50,,Single vision,1.50,AdaptiveSun Polarised,Freeform,grind,,-8.00,+8.00,-4.00,8.00,sphere,,,,97.31,64.88,L25,DSHC hard coat,,ZEISS book p5; AdaptiveSun Polarised Grey/ Brown/ Pioneer; range confirmed by ZEISS product guide; book $103.80 L20
ZEISS,ZEISS,ClearMind Single Vision 1.53,,Single vision,1.53,Clear,Freeform,grind,,-7.00,+7.00,-4.00,7.00,sphere,,,,87.05,58.03,L25,DuraVision Plus Gold UV,,ZEISS book p5; Clear; range confirmed by ZEISS product guide; book $92.85 L20
ZEISS,ZEISS,ClearMind Single Vision 1.53,,Single vision,1.53,Clear,Freeform,grind,,-7.00,+7.00,-4.00,7.00,sphere,,,,86.48,57.66,L25,DuraVision Plus Platinum UV,,ZEISS book p5; Clear; range confirmed by ZEISS product guide; book $92.25 L20
ZEISS,ZEISS,ClearMind Single Vision 1.53,,Single vision,1.53,Clear,Freeform,grind,,-7.00,+7.00,-4.00,7.00,sphere,,,,84.09,56.06,L25,DuraVision Plus Chrome UV,,ZEISS book p5; Clear; range confirmed by ZEISS product guide; book $89.70 L20
ZEISS,ZEISS,ClearMind Single Vision 1.53,,Single vision,1.53,Clear,Freeform,grind,,-7.00,+7.00,-4.00,7.00,sphere,,,,58.55,39.03,L25,DSHC hard coat,,ZEISS book p5; Clear; range confirmed by ZEISS product guide; book $62.45 L20
ZEISS,ZEISS,ClearMind Single Vision 1.53,,Single vision,1.53,Polarised,Freeform,grind,,-7.00,+5.00,-4.00,7.00,sphere,,,,118.78,79.19,L25,DuraVision Plus Gold UV,,ZEISS book p5; Polarised Grey/ Brown; range confirmed by ZEISS product guide; book $126.70 L20
ZEISS,ZEISS,ClearMind Single Vision 1.53,,Single vision,1.53,Polarised,Freeform,grind,,-7.00,+5.00,-4.00,7.00,sphere,,,,118.22,78.81,L25,DuraVision Plus Platinum UV,,ZEISS book p5; Polarised Grey/ Brown; range confirmed by ZEISS product guide; book $126.10 L20
ZEISS,ZEISS,ClearMind Single Vision 1.53,,Single vision,1.53,Polarised,Freeform,grind,,-7.00,+5.00,-4.00,7.00,sphere,,,,115.83,77.22,L25,DuraVision Plus Chrome UV,,ZEISS book p5; Polarised Grey/ Brown; range confirmed by ZEISS product guide; book $123.55 L20
ZEISS,ZEISS,ClearMind Single Vision 1.53,,Single vision,1.53,Polarised,Freeform,grind,,-7.00,+5.00,-4.00,7.00,sphere,,,,117.23,78.16,L25,DuraVision Plus Sun UV,,ZEISS book p5; Polarised Grey/ Brown; range confirmed by ZEISS product guide; book $125.05 L20
ZEISS,ZEISS,ClearMind Single Vision 1.53,,Single vision,1.53,Polarised,Freeform,grind,,-7.00,+5.00,-4.00,7.00,sphere,,,,90.28,60.19,L25,DSHC hard coat,,ZEISS book p5; Polarised Grey/ Brown; range confirmed by ZEISS product guide; book $96.30 L20
ZEISS,ZEISS,ClearMind Single Vision 1.59,,Single vision,1.59,Clear,Freeform,grind,,-10.00,+8.00,-6.00,10.00,sphere,,,,94.12,62.75,L25,DuraVision Plus Gold UV,,ZEISS book p5; Clear; range confirmed by ZEISS product guide; book $100.40 L20
ZEISS,ZEISS,ClearMind Single Vision 1.59,,Single vision,1.59,Clear,Freeform,grind,,-10.00,+8.00,-6.00,10.00,sphere,,,,93.56,62.38,L25,DuraVision Plus Platinum UV,,ZEISS book p5; Clear; range confirmed by ZEISS product guide; book $99.80 L20
ZEISS,ZEISS,ClearMind Single Vision 1.59,,Single vision,1.59,Clear,Freeform,grind,,-10.00,+8.00,-6.00,10.00,sphere,,,,91.17,60.78,L25,DuraVision Plus Chrome UV,,ZEISS book p5; Clear; range confirmed by ZEISS product guide; book $97.25 L20
ZEISS,ZEISS,ClearMind Single Vision 1.59,,Single vision,1.59,Clear,Freeform,grind,,-10.00,+8.00,-6.00,10.00,sphere,,,,65.62,43.75,L25,DSHC hard coat,,ZEISS book p5; Clear; range confirmed by ZEISS product guide; book $70.00 L20
ZEISS,ZEISS,ClearMind Single Vision 1.59,,Single vision,1.59,PhotoFusionX,Freeform,grind,,-10.00,+8.00,-6.00,10.00,sphere,,,,124.97,83.31,L25,DuraVision Plus Gold UV,,ZEISS book p5; PhotoFusionX Grey/Brown/Pioneer/Extra Grey/Blue/Burgundy/Black; range confirmed by ZEISS product guide; book $133.30 L20
ZEISS,ZEISS,ClearMind Single Vision 1.59,,Single vision,1.59,PhotoFusionX,Freeform,grind,,-10.00,+8.00,-6.00,10.00,sphere,,,,124.41,82.94,L25,DuraVision Plus Platinum UV,,ZEISS book p5; PhotoFusionX Grey/Brown/Pioneer/Extra Grey/Blue/Burgundy/Black; range confirmed by ZEISS product guide; book $132.70 L20
ZEISS,ZEISS,ClearMind Single Vision 1.59,,Single vision,1.59,PhotoFusionX,Freeform,grind,,-10.00,+8.00,-6.00,10.00,sphere,,,,122.02,81.34,L25,DuraVision Plus Chrome UV,,ZEISS book p5; PhotoFusionX Grey/Brown/Pioneer/Extra Grey/Blue/Burgundy/Black; range confirmed by ZEISS product guide; book $130.15 L20
ZEISS,ZEISS,ClearMind Single Vision 1.59,,Single vision,1.59,PhotoFusionX,Freeform,grind,,-10.00,+8.00,-6.00,10.00,sphere,,,,96.47,64.31,L25,DSHC hard coat,,ZEISS book p5; PhotoFusionX Grey/Brown/Pioneer/Extra Grey/Blue/Burgundy/Black; range confirmed by ZEISS product guide; book $102.90 L20
ZEISS,ZEISS,ClearMind Single Vision 1.59,,Single vision,1.59,Polarised,Freeform,grind,,-10.00,+8.00,-4.00,10.00,sphere,,,,125.86,83.91,L25,DuraVision Plus Gold UV,,ZEISS book p5; Polarised Grey/ Brown; range confirmed by ZEISS product guide; book $134.25 L20
ZEISS,ZEISS,ClearMind Single Vision 1.59,,Single vision,1.59,Polarised,Freeform,grind,,-10.00,+8.00,-4.00,10.00,sphere,,,,125.30,83.53,L25,DuraVision Plus Platinum UV,,ZEISS book p5; Polarised Grey/ Brown; range confirmed by ZEISS product guide; book $133.65 L20
ZEISS,ZEISS,ClearMind Single Vision 1.59,,Single vision,1.59,Polarised,Freeform,grind,,-10.00,+8.00,-4.00,10.00,sphere,,,,122.91,81.94,L25,DuraVision Plus Chrome UV,,ZEISS book p5; Polarised Grey/ Brown; range confirmed by ZEISS product guide; book $131.10 L20
ZEISS,ZEISS,ClearMind Single Vision 1.59,,Single vision,1.59,Polarised,Freeform,grind,,-10.00,+8.00,-4.00,10.00,sphere,,,,124.31,82.88,L25,DuraVision Plus Sun UV,,ZEISS book p5; Polarised Grey/ Brown; range confirmed by ZEISS product guide; book $132.60 L20
ZEISS,ZEISS,ClearMind Single Vision 1.59,,Single vision,1.59,Polarised,Freeform,grind,,-10.00,+8.00,-4.00,10.00,sphere,,,,97.36,64.91,L25,DSHC hard coat,,ZEISS book p5; Polarised Grey/ Brown; range confirmed by ZEISS product guide; book $103.85 L20
ZEISS,ZEISS,ClearMind Single Vision 1.60,,Single vision,1.60,Clear,Freeform,grind,,-10.00,+10.00,-6.00,10.00,sphere,,,,94.12,62.75,L25,DuraVision Plus Gold UV,,"ZEISS book p5; Clear; RANGE DIFFERS — product guide prints -10.00 to +8.00, cyl -6.00, max combined -10.00 — confirm in VISUSTORE; book $100.40 L20"
ZEISS,ZEISS,ClearMind Single Vision 1.60,,Single vision,1.60,Clear,Freeform,grind,,-10.00,+10.00,-6.00,10.00,sphere,,,,93.56,62.38,L25,DuraVision Plus Platinum UV,,"ZEISS book p5; Clear; RANGE DIFFERS — product guide prints -10.00 to +8.00, cyl -6.00, max combined -10.00 — confirm in VISUSTORE; book $99.80 L20"
ZEISS,ZEISS,ClearMind Single Vision 1.60,,Single vision,1.60,Clear,Freeform,grind,,-10.00,+10.00,-6.00,10.00,sphere,,,,91.17,60.78,L25,DuraVision Plus Chrome UV,,"ZEISS book p5; Clear; RANGE DIFFERS — product guide prints -10.00 to +8.00, cyl -6.00, max combined -10.00 — confirm in VISUSTORE; book $97.25 L20"
ZEISS,ZEISS,ClearMind Single Vision 1.60,,Single vision,1.60,Clear,Freeform,grind,,-10.00,+10.00,-6.00,10.00,sphere,,,,65.62,43.75,L25,DSHC hard coat,,"ZEISS book p5; Clear; RANGE DIFFERS — product guide prints -10.00 to +8.00, cyl -6.00, max combined -10.00 — confirm in VISUSTORE; book $70.00 L20"
ZEISS,ZEISS,ClearMind Single Vision 1.60,,Single vision,1.60,Clear BluePro,Freeform,grind,,-10.00,+10.00,-6.00,10.00,sphere,,,,96.28,64.19,L25,DuraVision Plus Gold UV,,"ZEISS book p5; Clear BluePro; RANGE DIFFERS — product guide prints -10.00 to +8.00, cyl -6.00, max combined -10.00 — confirm in VISUSTORE; book $102.70 L20"
ZEISS,ZEISS,ClearMind Single Vision 1.60,,Single vision,1.60,Clear BluePro,Freeform,grind,,-10.00,+10.00,-6.00,10.00,sphere,,,,95.72,63.81,L25,DuraVision Plus Platinum UV,,"ZEISS book p5; Clear BluePro; RANGE DIFFERS — product guide prints -10.00 to +8.00, cyl -6.00, max combined -10.00 — confirm in VISUSTORE; book $102.10 L20"
ZEISS,ZEISS,ClearMind Single Vision 1.60,,Single vision,1.60,Clear BluePro,Freeform,grind,,-10.00,+10.00,-6.00,10.00,sphere,,,,93.33,62.22,L25,DuraVision Plus Chrome UV,,"ZEISS book p5; Clear BluePro; RANGE DIFFERS — product guide prints -10.00 to +8.00, cyl -6.00, max combined -10.00 — confirm in VISUSTORE; book $99.55 L20"
ZEISS,ZEISS,ClearMind Single Vision 1.60,,Single vision,1.60,PhotoFusionX,Freeform,grind,,-10.00,+8.00,-6.00,10.00,sphere,,,,124.97,83.31,L25,DuraVision Plus Gold UV,,ZEISS book p5; PhotoFusionX Grey/Brown/Pioneer/Extra Grey/Blue/Burgundy/Black; range confirmed by ZEISS product guide; book $133.30 L20
ZEISS,ZEISS,ClearMind Single Vision 1.60,,Single vision,1.60,PhotoFusionX,Freeform,grind,,-10.00,+8.00,-6.00,10.00,sphere,,,,124.41,82.94,L25,DuraVision Plus Platinum UV,,ZEISS book p5; PhotoFusionX Grey/Brown/Pioneer/Extra Grey/Blue/Burgundy/Black; range confirmed by ZEISS product guide; book $132.70 L20
ZEISS,ZEISS,ClearMind Single Vision 1.60,,Single vision,1.60,PhotoFusionX,Freeform,grind,,-10.00,+8.00,-6.00,10.00,sphere,,,,122.02,81.34,L25,DuraVision Plus Chrome UV,,ZEISS book p5; PhotoFusionX Grey/Brown/Pioneer/Extra Grey/Blue/Burgundy/Black; range confirmed by ZEISS product guide; book $130.15 L20
ZEISS,ZEISS,ClearMind Single Vision 1.60,,Single vision,1.60,PhotoFusionX,Freeform,grind,,-10.00,+8.00,-6.00,10.00,sphere,,,,96.47,64.31,L25,DSHC hard coat,,ZEISS book p5; PhotoFusionX Grey/Brown/Pioneer/Extra Grey/Blue/Burgundy/Black; range confirmed by ZEISS product guide; book $102.90 L20
ZEISS,ZEISS,ClearMind Single Vision 1.60,,Single vision,1.60,Polarised,Freeform,grind,,-11.00,+10.00,-6.00,11.00,sphere,,,,125.86,83.91,L25,DuraVision Plus Gold UV,,ZEISS book p5; Polarised Grey/ Brown/ Pioneer; range confirmed by ZEISS product guide; book $134.25 L20
ZEISS,ZEISS,ClearMind Single Vision 1.60,,Single vision,1.60,Polarised,Freeform,grind,,-11.00,+10.00,-6.00,11.00,sphere,,,,125.30,83.53,L25,DuraVision Plus Platinum UV,,ZEISS book p5; Polarised Grey/ Brown/ Pioneer; range confirmed by ZEISS product guide; book $133.65 L20
ZEISS,ZEISS,ClearMind Single Vision 1.60,,Single vision,1.60,Polarised,Freeform,grind,,-11.00,+10.00,-6.00,11.00,sphere,,,,122.91,81.94,L25,DuraVision Plus Chrome UV,,ZEISS book p5; Polarised Grey/ Brown/ Pioneer; range confirmed by ZEISS product guide; book $131.10 L20
ZEISS,ZEISS,ClearMind Single Vision 1.60,,Single vision,1.60,Polarised,Freeform,grind,,-11.00,+10.00,-6.00,11.00,sphere,,,,124.31,82.88,L25,DuraVision Plus Sun UV,,ZEISS book p5; Polarised Grey/ Brown/ Pioneer; range confirmed by ZEISS product guide; book $132.60 L20
ZEISS,ZEISS,ClearMind Single Vision 1.60,,Single vision,1.60,Polarised,Freeform,grind,,-11.00,+10.00,-6.00,11.00,sphere,,,,97.36,64.91,L25,DSHC hard coat,,ZEISS book p5; Polarised Grey/ Brown/ Pioneer; range confirmed by ZEISS product guide; book $103.85 L20
ZEISS,ZEISS,ClearMind Single Vision 1.60,,Single vision,1.60,AdaptiveSun PhotoFusion,Freeform,grind,,-10.00,+8.00,-6.00,10.00,sphere,,,,151.41,100.94,L25,DuraVision Plus Gold UV,,ZEISS book p5; AdaptiveSun PhotoFusion Grey/ Brown/ Pioneer/Blue; range confirmed by ZEISS product guide; book $161.50 L20
ZEISS,ZEISS,ClearMind Single Vision 1.60,,Single vision,1.60,AdaptiveSun PhotoFusion,Freeform,grind,,-10.00,+8.00,-6.00,10.00,sphere,,,,150.84,100.56,L25,DuraVision Plus Platinum UV,,ZEISS book p5; AdaptiveSun PhotoFusion Grey/ Brown/ Pioneer/Blue; range confirmed by ZEISS product guide; book $160.90 L20
ZEISS,ZEISS,ClearMind Single Vision 1.60,,Single vision,1.60,AdaptiveSun PhotoFusion,Freeform,grind,,-10.00,+8.00,-6.00,10.00,sphere,,,,148.45,98.97,L25,DuraVision Plus Chrome UV,,ZEISS book p5; AdaptiveSun PhotoFusion Grey/ Brown/ Pioneer/Blue; range confirmed by ZEISS product guide; book $158.35 L20
ZEISS,ZEISS,ClearMind Single Vision 1.60,,Single vision,1.60,AdaptiveSun PhotoFusion,Freeform,grind,,-10.00,+8.00,-6.00,10.00,sphere,,,,122.91,81.94,L25,DSHC hard coat,,ZEISS book p5; AdaptiveSun PhotoFusion Grey/ Brown/ Pioneer/Blue; range confirmed by ZEISS product guide; book $131.10 L20
ZEISS,ZEISS,ClearMind Single Vision 1.60,,Single vision,1.60,AdaptiveSun Polarised,Freeform,grind,,-11.00,+10.00,-6.00,11.00,sphere,,,,154.03,102.69,L25,DuraVision Plus Gold UV,,ZEISS book p5; AdaptiveSun Polarised Grey/ Brown/ Pioneer; range confirmed by ZEISS product guide; book $164.30 L20
ZEISS,ZEISS,ClearMind Single Vision 1.60,,Single vision,1.60,AdaptiveSun Polarised,Freeform,grind,,-11.00,+10.00,-6.00,11.00,sphere,,,,153.47,102.31,L25,DuraVision Plus Platinum UV,,ZEISS book p5; AdaptiveSun Polarised Grey/ Brown/ Pioneer; range confirmed by ZEISS product guide; book $163.70 L20
ZEISS,ZEISS,ClearMind Single Vision 1.60,,Single vision,1.60,AdaptiveSun Polarised,Freeform,grind,,-11.00,+10.00,-6.00,11.00,sphere,,,,151.08,100.72,L25,DuraVision Plus Chrome UV,,ZEISS book p5; AdaptiveSun Polarised Grey/ Brown/ Pioneer; range confirmed by ZEISS product guide; book $161.15 L20
ZEISS,ZEISS,ClearMind Single Vision 1.60,,Single vision,1.60,AdaptiveSun Polarised,Freeform,grind,,-11.00,+10.00,-6.00,11.00,sphere,,,,152.48,101.66,L25,DuraVision Plus Sun UV,,ZEISS book p5; AdaptiveSun Polarised Grey/ Brown/ Pioneer; range confirmed by ZEISS product guide; book $162.65 L20
ZEISS,ZEISS,ClearMind Single Vision 1.60,,Single vision,1.60,AdaptiveSun Polarised,Freeform,grind,,-11.00,+10.00,-6.00,11.00,sphere,,,,125.53,83.69,L25,DSHC hard coat,,ZEISS book p5; AdaptiveSun Polarised Grey/ Brown/ Pioneer; range confirmed by ZEISS product guide; book $133.90 L20
ZEISS,ZEISS,ClearMind Single Vision 1.67,,Single vision,1.67,Clear,Freeform,grind,,-17.00,+10.00,-6.00,17.00,sphere,,,,116.16,77.44,L25,DuraVision Plus Gold UV,,"ZEISS book p5; Clear; RANGE DIFFERS — product guide prints -12.00 to +8.00, cyl -6.00, max combined -12.00 — confirm in VISUSTORE; book $123.90 L20"
ZEISS,ZEISS,ClearMind Single Vision 1.67,,Single vision,1.67,Clear,Freeform,grind,,-17.00,+10.00,-6.00,17.00,sphere,,,,115.59,77.06,L25,DuraVision Plus Platinum UV,,"ZEISS book p5; Clear; RANGE DIFFERS — product guide prints -12.00 to +8.00, cyl -6.00, max combined -12.00 — confirm in VISUSTORE; book $123.30 L20"
ZEISS,ZEISS,ClearMind Single Vision 1.67,,Single vision,1.67,Clear,Freeform,grind,,-17.00,+10.00,-6.00,17.00,sphere,,,,113.20,75.47,L25,DuraVision Plus Chrome UV,,"ZEISS book p5; Clear; RANGE DIFFERS — product guide prints -12.00 to +8.00, cyl -6.00, max combined -12.00 — confirm in VISUSTORE; book $120.75 L20"
ZEISS,ZEISS,ClearMind Single Vision 1.67,,Single vision,1.67,Clear BluePro,Freeform,grind,,-17.00,+10.00,-6.00,17.00,sphere,,,,118.36,78.91,L25,DuraVision Plus Gold UV,,"ZEISS book p5; Clear BluePro; RANGE DIFFERS — product guide prints -12.00 to +8.00, cyl -6.00, max combined -12.00 — confirm in VISUSTORE; book $126.25 L20"
ZEISS,ZEISS,ClearMind Single Vision 1.67,,Single vision,1.67,Clear BluePro,Freeform,grind,,-17.00,+10.00,-6.00,17.00,sphere,,,,117.80,78.53,L25,DuraVision Plus Platinum UV,,"ZEISS book p5; Clear BluePro; RANGE DIFFERS — product guide prints -12.00 to +8.00, cyl -6.00, max combined -12.00 — confirm in VISUSTORE; book $125.65 L20"
ZEISS,ZEISS,ClearMind Single Vision 1.67,,Single vision,1.67,Clear BluePro,Freeform,grind,,-17.00,+10.00,-6.00,17.00,sphere,,,,115.41,76.94,L25,DuraVision Plus Chrome UV,,"ZEISS book p5; Clear BluePro; RANGE DIFFERS — product guide prints -12.00 to +8.00, cyl -6.00, max combined -12.00 — confirm in VISUSTORE; book $123.10 L20"
ZEISS,ZEISS,ClearMind Single Vision 1.67,,Single vision,1.67,PhotoFusionX,Freeform,grind,,-12.00,+8.00,-6.00,12.00,sphere,,,,147.00,98.00,L25,DuraVision Plus Gold UV,,ZEISS book p5; PhotoFusionX Grey/Brown/Pioneer/Extra Grey/Blue/Burgundy/Black; range confirmed by ZEISS product guide; book $156.80 L20
ZEISS,ZEISS,ClearMind Single Vision 1.67,,Single vision,1.67,PhotoFusionX,Freeform,grind,,-12.00,+8.00,-6.00,12.00,sphere,,,,146.44,97.62,L25,DuraVision Plus Platinum UV,,ZEISS book p5; PhotoFusionX Grey/Brown/Pioneer/Extra Grey/Blue/Burgundy/Black; range confirmed by ZEISS product guide; book $156.20 L20
ZEISS,ZEISS,ClearMind Single Vision 1.67,,Single vision,1.67,PhotoFusionX,Freeform,grind,,-12.00,+8.00,-6.00,12.00,sphere,,,,144.05,96.03,L25,DuraVision Plus Chrome UV,,ZEISS book p5; PhotoFusionX Grey/Brown/Pioneer/Extra Grey/Blue/Burgundy/Black; range confirmed by ZEISS product guide; book $153.65 L20
ZEISS,ZEISS,ClearMind Single Vision 1.67,,Single vision,1.67,Polarised,Freeform,grind,,-12.00,+11.00,-6.00,12.00,sphere,,,,147.84,98.56,L25,DuraVision Plus Gold UV,,ZEISS book p5; Polarised Grey/ Brown/ Pioneer; range confirmed by ZEISS product guide; book $157.70 L20
ZEISS,ZEISS,ClearMind Single Vision 1.67,,Single vision,1.67,Polarised,Freeform,grind,,-12.00,+11.00,-6.00,12.00,sphere,,,,147.28,98.19,L25,DuraVision Plus Platinum UV,,ZEISS book p5; Polarised Grey/ Brown/ Pioneer; range confirmed by ZEISS product guide; book $157.10 L20
ZEISS,ZEISS,ClearMind Single Vision 1.67,,Single vision,1.67,Polarised,Freeform,grind,,-12.00,+11.00,-6.00,12.00,sphere,,,,144.89,96.59,L25,DuraVision Plus Chrome UV,,ZEISS book p5; Polarised Grey/ Brown/ Pioneer; range confirmed by ZEISS product guide; book $154.55 L20
ZEISS,ZEISS,ClearMind Single Vision 1.67,,Single vision,1.67,Polarised,Freeform,grind,,-12.00,+11.00,-6.00,12.00,sphere,,,,146.30,97.53,L25,DuraVision Plus Sun UV,,ZEISS book p5; Polarised Grey/ Brown/ Pioneer; range confirmed by ZEISS product guide; book $156.05 L20
ZEISS,ZEISS,ClearMind Single Vision 1.67,,Single vision,1.67,AdaptiveSun PhotoFusion,Freeform,grind,,-12.00,+8.00,-6.00,12.00,sphere,,,,173.44,115.62,L25,DuraVision Plus Gold UV,,ZEISS book p5; AdaptiveSun PhotoFusion Grey/ Brown/ Pioneer; range confirmed by ZEISS product guide; book $185.00 L20
ZEISS,ZEISS,ClearMind Single Vision 1.67,,Single vision,1.67,AdaptiveSun PhotoFusion,Freeform,grind,,-12.00,+8.00,-6.00,12.00,sphere,,,,172.88,115.25,L25,DuraVision Plus Platinum UV,,ZEISS book p5; AdaptiveSun PhotoFusion Grey/ Brown/ Pioneer; range confirmed by ZEISS product guide; book $184.40 L20
ZEISS,ZEISS,ClearMind Single Vision 1.67,,Single vision,1.67,AdaptiveSun PhotoFusion,Freeform,grind,,-12.00,+8.00,-6.00,12.00,sphere,,,,170.48,113.66,L25,DuraVision Plus Chrome UV,,ZEISS book p5; AdaptiveSun PhotoFusion Grey/ Brown/ Pioneer; range confirmed by ZEISS product guide; book $181.85 L20
ZEISS,ZEISS,ClearMind Single Vision 1.74,,Single vision,1.74,Clear,Freeform,grind,,-20.00,+16.00,-6.00,20.00,sphere,,,,138.19,92.12,L25,DuraVision Plus Gold UV,,ZEISS book p5; Clear; range confirmed by ZEISS product guide; book $147.40 L20
ZEISS,ZEISS,ClearMind Single Vision 1.74,,Single vision,1.74,Clear,Freeform,grind,,-20.00,+16.00,-6.00,20.00,sphere,,,,137.62,91.75,L25,DuraVision Plus Platinum UV,,ZEISS book p5; Clear; range confirmed by ZEISS product guide; book $146.80 L20
ZEISS,ZEISS,ClearMind Single Vision 1.74,,Single vision,1.74,Clear,Freeform,grind,,-20.00,+16.00,-6.00,20.00,sphere,,,,135.23,90.16,L25,DuraVision Plus Chrome UV,,ZEISS book p5; Clear; range confirmed by ZEISS product guide; book $144.25 L20
ZEISS,ZEISS,ClearMind Single Vision 1.74,,Single vision,1.74,Clear BluePro,Freeform,grind,,-20.00,+16.00,-6.00,20.00,sphere,,,,140.39,93.59,L25,DuraVision Plus Gold UV,,ZEISS book p5; Clear BluePro; range confirmed by ZEISS product guide; book $149.75 L20
ZEISS,ZEISS,ClearMind Single Vision 1.74,,Single vision,1.74,Clear BluePro,Freeform,grind,,-20.00,+16.00,-6.00,20.00,sphere,,,,139.83,93.22,L25,DuraVision Plus Platinum UV,,ZEISS book p5; Clear BluePro; range confirmed by ZEISS product guide; book $149.15 L20
ZEISS,ZEISS,ClearMind Single Vision 1.74,,Single vision,1.74,Clear BluePro,Freeform,grind,,-20.00,+16.00,-6.00,20.00,sphere,,,,137.44,91.62,L25,DuraVision Plus Chrome UV,,ZEISS book p5; Clear BluePro; range confirmed by ZEISS product guide; book $146.60 L20
ZEISS,ZEISS,ClearMind Single Vision 1.74,,Single vision,1.74,PhotoFusionX,Freeform,grind,,-14.00,+9.00,-6.00,14.00,sphere,,,,168.28,112.19,L25,DuraVision Plus Gold UV,,ZEISS book p5; PhotoFusionX Grey/Brown/Extra Grey/Black; range confirmed by ZEISS product guide; book $179.50 L20
ZEISS,ZEISS,ClearMind Single Vision 1.74,,Single vision,1.74,PhotoFusionX,Freeform,grind,,-14.00,+9.00,-6.00,14.00,sphere,,,,167.72,111.81,L25,DuraVision Plus Platinum UV,,ZEISS book p5; PhotoFusionX Grey/Brown/Extra Grey/Black; range confirmed by ZEISS product guide; book $178.90 L20
ZEISS,ZEISS,ClearMind Single Vision 1.74,,Single vision,1.74,PhotoFusionX,Freeform,grind,,-14.00,+9.00,-6.00,14.00,sphere,,,,165.33,110.22,L25,DuraVision Plus Chrome UV,,ZEISS book p5; PhotoFusionX Grey/Brown/Extra Grey/Black; range confirmed by ZEISS product guide; book $176.35 L20
ZEISS,ZEISS,SmartLife Single Vision Individual 3 1.50,,Single vision,1.50,Clear,Freeform,grind,,-6.00,+6.00,-4.00,6.00,sphere,,,,72.61,48.41,L25,DuraVision Plus Gold UV,,ZEISS book p6; Clear; book $77.45 L20
ZEISS,ZEISS,SmartLife Single Vision Individual 3 1.50,,Single vision,1.50,Clear,Freeform,grind,,-6.00,+6.00,-4.00,6.00,sphere,,,,72.05,48.03,L25,DuraVision Plus Platinum UV,,ZEISS book p6; Clear; book $76.85 L20
ZEISS,ZEISS,SmartLife Single Vision Individual 3 1.50,,Single vision,1.50,Clear,Freeform,grind,,-6.00,+6.00,-4.00,6.00,sphere,,,,69.66,46.44,L25,DuraVision Plus Chrome UV,,ZEISS book p6; Clear; book $74.30 L20
ZEISS,ZEISS,SmartLife Single Vision Individual 3 1.50,,Single vision,1.50,Clear,Freeform,grind,,-6.00,+6.00,-4.00,6.00,sphere,,,,44.11,29.41,L25,DSHC hard coat,,ZEISS book p6; Clear; book $47.05 L20
ZEISS,ZEISS,SmartLife Single Vision Individual 3 1.50,,Single vision,1.50,Clear BluePro,Freeform,grind,,-6.00,+6.00,-4.00,6.00,sphere,,,,74.72,49.81,L25,DuraVision Plus Gold UV,,ZEISS book p6; Clear BluePro; book $79.70 L20
ZEISS,ZEISS,SmartLife Single Vision Individual 3 1.50,,Single vision,1.50,Clear BluePro,Freeform,grind,,-6.00,+6.00,-4.00,6.00,sphere,,,,74.16,49.44,L25,DuraVision Plus Platinum UV,,ZEISS book p6; Clear BluePro; book $79.10 L20
ZEISS,ZEISS,SmartLife Single Vision Individual 3 1.50,,Single vision,1.50,Clear BluePro,Freeform,grind,,-6.00,+6.00,-4.00,6.00,sphere,,,,71.77,47.84,L25,DuraVision Plus Chrome UV,,ZEISS book p6; Clear BluePro; book $76.55 L20
ZEISS,ZEISS,SmartLife Single Vision Individual 3 1.50,,Single vision,1.50,PhotoFusionX,Freeform,grind,,-6.00,+6.00,-4.00,6.00,sphere,,,,101.72,67.81,L25,DuraVision Plus Gold UV,,ZEISS book p6; PhotoFusionX Grey/Brown/Pioneer/Extra Grey/Blue/Burgundy/Black; book $108.50 L20
ZEISS,ZEISS,SmartLife Single Vision Individual 3 1.50,,Single vision,1.50,PhotoFusionX,Freeform,grind,,-6.00,+6.00,-4.00,6.00,sphere,,,,101.16,67.44,L25,DuraVision Plus Platinum UV,,ZEISS book p6; PhotoFusionX Grey/Brown/Pioneer/Extra Grey/Blue/Burgundy/Black; book $107.90 L20
ZEISS,ZEISS,SmartLife Single Vision Individual 3 1.50,,Single vision,1.50,PhotoFusionX,Freeform,grind,,-6.00,+6.00,-4.00,6.00,sphere,,,,98.77,65.84,L25,DuraVision Plus Chrome UV,,ZEISS book p6; PhotoFusionX Grey/Brown/Pioneer/Extra Grey/Blue/Burgundy/Black; book $105.35 L20
ZEISS,ZEISS,SmartLife Single Vision Individual 3 1.50,,Single vision,1.50,PhotoFusionX,Freeform,grind,,-6.00,+6.00,-4.00,6.00,sphere,,,,73.22,48.81,L25,DSHC hard coat,,ZEISS book p6; PhotoFusionX Grey/Brown/Pioneer/Extra Grey/Blue/Burgundy/Black; book $78.10 L20
ZEISS,ZEISS,SmartLife Single Vision Individual 3 1.50,,Single vision,1.50,Polarised,Freeform,grind,,-8.00,+8.00,-4.00,8.00,sphere,,,,102.61,68.41,L25,DuraVision Plus Gold UV,,ZEISS book p6; Polarised Grey/ Brown/ Pioneer; book $109.45 L20
ZEISS,ZEISS,SmartLife Single Vision Individual 3 1.50,,Single vision,1.50,Polarised,Freeform,grind,,-8.00,+8.00,-4.00,8.00,sphere,,,,102.05,68.03,L25,DuraVision Plus Platinum UV,,ZEISS book p6; Polarised Grey/ Brown/ Pioneer; book $108.85 L20
ZEISS,ZEISS,SmartLife Single Vision Individual 3 1.50,,Single vision,1.50,Polarised,Freeform,grind,,-8.00,+8.00,-4.00,8.00,sphere,,,,99.66,66.44,L25,DuraVision Plus Chrome UV,,ZEISS book p6; Polarised Grey/ Brown/ Pioneer; book $106.30 L20
ZEISS,ZEISS,SmartLife Single Vision Individual 3 1.50,,Single vision,1.50,Polarised,Freeform,grind,,-8.00,+8.00,-4.00,8.00,sphere,,,,101.06,67.38,L25,DuraVision Plus Sun UV,,ZEISS book p6; Polarised Grey/ Brown/ Pioneer; book $107.80 L20
ZEISS,ZEISS,SmartLife Single Vision Individual 3 1.50,,Single vision,1.50,Polarised,Freeform,grind,,-8.00,+8.00,-4.00,8.00,sphere,,,,74.11,49.41,L25,DSHC hard coat,,ZEISS book p6; Polarised Grey/ Brown/ Pioneer; book $79.05 L20
ZEISS,ZEISS,SmartLife Single Vision Individual 3 1.50,,Single vision,1.50,AdaptiveSun PhotoFusion,Freeform,grind,,-6.00,+6.00,-4.00,6.00,sphere,,,,126.70,84.47,L25,DuraVision Plus Gold UV,,ZEISS book p6; AdaptiveSun PhotoFusion Grey/ Brown/ Pioneer/Blue; book $135.15 L20
ZEISS,ZEISS,SmartLife Single Vision Individual 3 1.50,,Single vision,1.50,AdaptiveSun PhotoFusion,Freeform,grind,,-6.00,+6.00,-4.00,6.00,sphere,,,,126.14,84.09,L25,DuraVision Plus Platinum UV,,ZEISS book p6; AdaptiveSun PhotoFusion Grey/ Brown/ Pioneer/Blue; book $134.55 L20
ZEISS,ZEISS,SmartLife Single Vision Individual 3 1.50,,Single vision,1.50,AdaptiveSun PhotoFusion,Freeform,grind,,-6.00,+6.00,-4.00,6.00,sphere,,,,123.75,82.50,L25,DuraVision Plus Chrome UV,,ZEISS book p6; AdaptiveSun PhotoFusion Grey/ Brown/ Pioneer/Blue; book $132.00 L20
ZEISS,ZEISS,SmartLife Single Vision Individual 3 1.50,,Single vision,1.50,AdaptiveSun PhotoFusion,Freeform,grind,,-6.00,+6.00,-4.00,6.00,sphere,,,,98.20,65.47,L25,DSHC hard coat,,ZEISS book p6; AdaptiveSun PhotoFusion Grey/ Brown/ Pioneer/Blue; book $104.75 L20
ZEISS,ZEISS,SmartLife Single Vision Individual 3 1.50,,Single vision,1.50,AdaptiveSun Polarised,Freeform,grind,,-8.00,+8.00,-4.00,8.00,sphere,,,,129.23,86.16,L25,DuraVision Plus Gold UV,,ZEISS book p6; AdaptiveSun Polarised Grey/ Brown/ Pioneer; book $137.85 L20
ZEISS,ZEISS,SmartLife Single Vision Individual 3 1.50,,Single vision,1.50,AdaptiveSun Polarised,Freeform,grind,,-8.00,+8.00,-4.00,8.00,sphere,,,,128.67,85.78,L25,DuraVision Plus Platinum UV,,ZEISS book p6; AdaptiveSun Polarised Grey/ Brown/ Pioneer; book $137.25 L20
ZEISS,ZEISS,SmartLife Single Vision Individual 3 1.50,,Single vision,1.50,AdaptiveSun Polarised,Freeform,grind,,-8.00,+8.00,-4.00,8.00,sphere,,,,126.28,84.19,L25,DuraVision Plus Chrome UV,,ZEISS book p6; AdaptiveSun Polarised Grey/ Brown/ Pioneer; book $134.70 L20
ZEISS,ZEISS,SmartLife Single Vision Individual 3 1.50,,Single vision,1.50,AdaptiveSun Polarised,Freeform,grind,,-8.00,+8.00,-4.00,8.00,sphere,,,,127.69,85.12,L25,DuraVision Plus Sun UV,,ZEISS book p6; AdaptiveSun Polarised Grey/ Brown/ Pioneer; book $136.20 L20
ZEISS,ZEISS,SmartLife Single Vision Individual 3 1.50,,Single vision,1.50,AdaptiveSun Polarised,Freeform,grind,,-8.00,+8.00,-4.00,8.00,sphere,,,,100.73,67.16,L25,DSHC hard coat,,ZEISS book p6; AdaptiveSun Polarised Grey/ Brown/ Pioneer; book $107.45 L20
ZEISS,ZEISS,SmartLife Single Vision Individual 3 1.53,,Single vision,1.53,Clear,Freeform,grind,,-7.00,+7.00,-4.00,7.00,sphere,,,,92.58,61.72,L25,DuraVision Plus Gold UV,,ZEISS book p6; Clear; book $98.75 L20
ZEISS,ZEISS,SmartLife Single Vision Individual 3 1.53,,Single vision,1.53,Clear,Freeform,grind,,-7.00,+7.00,-4.00,7.00,sphere,,,,92.02,61.34,L25,DuraVision Plus Platinum UV,,ZEISS book p6; Clear; book $98.15 L20
ZEISS,ZEISS,SmartLife Single Vision Individual 3 1.53,,Single vision,1.53,Clear,Freeform,grind,,-7.00,+7.00,-4.00,7.00,sphere,,,,89.62,59.75,L25,DuraVision Plus Chrome UV,,ZEISS book p6; Clear; book $95.60 L20
ZEISS,ZEISS,SmartLife Single Vision Individual 3 1.53,,Single vision,1.53,Clear,Freeform,grind,,-7.00,+7.00,-4.00,7.00,sphere,,,,64.08,42.72,L25,DSHC hard coat,,ZEISS book p6; Clear; book $68.35 L20
ZEISS,ZEISS,SmartLife Single Vision Individual 3 1.53,,Single vision,1.53,Polarised,Freeform,grind,,-7.00,+5.00,-4.00,7.00,sphere,,,,122.58,81.72,L25,DuraVision Plus Gold UV,,ZEISS book p6; Polarised Grey/ Brown; book $130.75 L20
ZEISS,ZEISS,SmartLife Single Vision Individual 3 1.53,,Single vision,1.53,Polarised,Freeform,grind,,-7.00,+5.00,-4.00,7.00,sphere,,,,122.02,81.34,L25,DuraVision Plus Platinum UV,,ZEISS book p6; Polarised Grey/ Brown; book $130.15 L20
ZEISS,ZEISS,SmartLife Single Vision Individual 3 1.53,,Single vision,1.53,Polarised,Freeform,grind,,-7.00,+5.00,-4.00,7.00,sphere,,,,119.62,79.75,L25,DuraVision Plus Chrome UV,,ZEISS book p6; Polarised Grey/ Brown; book $127.60 L20
ZEISS,ZEISS,SmartLife Single Vision Individual 3 1.53,,Single vision,1.53,Polarised,Freeform,grind,,-7.00,+5.00,-4.00,7.00,sphere,,,,121.03,80.69,L25,DuraVision Plus Sun UV,,ZEISS book p6; Polarised Grey/ Brown; book $129.10 L20
ZEISS,ZEISS,SmartLife Single Vision Individual 3 1.53,,Single vision,1.53,Polarised,Freeform,grind,,-7.00,+5.00,-4.00,7.00,sphere,,,,94.08,62.72,L25,DSHC hard coat,,ZEISS book p6; Polarised Grey/ Brown; book $100.35 L20
ZEISS,ZEISS,SmartLife Single Vision Individual 3 1.59,,Single vision,1.59,Clear,Freeform,grind,,-10.00,+8.00,-6.00,10.00,sphere,,,,99.28,66.19,L25,DuraVision Plus Gold UV,,ZEISS book p6; Clear; book $105.90 L20
ZEISS,ZEISS,SmartLife Single Vision Individual 3 1.59,,Single vision,1.59,Clear,Freeform,grind,,-10.00,+8.00,-6.00,10.00,sphere,,,,98.72,65.81,L25,DuraVision Plus Platinum UV,,ZEISS book p6; Clear; book $105.30 L20
ZEISS,ZEISS,SmartLife Single Vision Individual 3 1.59,,Single vision,1.59,Clear,Freeform,grind,,-10.00,+8.00,-6.00,10.00,sphere,,,,96.33,64.22,L25,DuraVision Plus Chrome UV,,ZEISS book p6; Clear; book $102.75 L20
ZEISS,ZEISS,SmartLife Single Vision Individual 3 1.59,,Single vision,1.59,Clear,Freeform,grind,,-10.00,+8.00,-6.00,10.00,sphere,,,,70.78,47.19,L25,DSHC hard coat,,ZEISS book p6; Clear; book $75.50 L20
ZEISS,ZEISS,SmartLife Single Vision Individual 3 1.59,,Single vision,1.59,PhotoFusionX,Freeform,grind,,-10.00,+8.00,-6.00,10.00,sphere,,,,128.44,85.62,L25,DuraVision Plus Gold UV,,ZEISS book p6; PhotoFusionX Grey/Brown/Pioneer/Extra Grey/Blue/Burgundy/Black; book $137.00 L20
ZEISS,ZEISS,SmartLife Single Vision Individual 3 1.59,,Single vision,1.59,PhotoFusionX,Freeform,grind,,-10.00,+8.00,-6.00,10.00,sphere,,,,127.88,85.25,L25,DuraVision Plus Platinum UV,,ZEISS book p6; PhotoFusionX Grey/Brown/Pioneer/Extra Grey/Blue/Burgundy/Black; book $136.40 L20
ZEISS,ZEISS,SmartLife Single Vision Individual 3 1.59,,Single vision,1.59,PhotoFusionX,Freeform,grind,,-10.00,+8.00,-6.00,10.00,sphere,,,,125.48,83.66,L25,DuraVision Plus Chrome UV,,ZEISS book p6; PhotoFusionX Grey/Brown/Pioneer/Extra Grey/Blue/Burgundy/Black; book $133.85 L20
ZEISS,ZEISS,SmartLife Single Vision Individual 3 1.59,,Single vision,1.59,PhotoFusionX,Freeform,grind,,-10.00,+8.00,-6.00,10.00,sphere,,,,99.94,66.62,L25,DSHC hard coat,,ZEISS book p6; PhotoFusionX Grey/Brown/Pioneer/Extra Grey/Blue/Burgundy/Black; book $106.60 L20
ZEISS,ZEISS,SmartLife Single Vision Individual 3 1.59,,Single vision,1.59,Polarised,Freeform,grind,,-10.00,+8.00,-4.00,10.00,sphere,,,,129.28,86.19,L25,DuraVision Plus Gold UV,,ZEISS book p6; Polarised Grey/ Brown; book $137.90 L20
ZEISS,ZEISS,SmartLife Single Vision Individual 3 1.59,,Single vision,1.59,Polarised,Freeform,grind,,-10.00,+8.00,-4.00,10.00,sphere,,,,128.72,85.81,L25,DuraVision Plus Platinum UV,,ZEISS book p6; Polarised Grey/ Brown; book $137.30 L20
ZEISS,ZEISS,SmartLife Single Vision Individual 3 1.59,,Single vision,1.59,Polarised,Freeform,grind,,-10.00,+8.00,-4.00,10.00,sphere,,,,126.33,84.22,L25,DuraVision Plus Chrome UV,,ZEISS book p6; Polarised Grey/ Brown; book $134.75 L20
ZEISS,ZEISS,SmartLife Single Vision Individual 3 1.59,,Single vision,1.59,Polarised,Freeform,grind,,-10.00,+8.00,-4.00,10.00,sphere,,,,127.73,85.16,L25,DuraVision Plus Sun UV,,ZEISS book p6; Polarised Grey/ Brown; book $136.25 L20
ZEISS,ZEISS,SmartLife Single Vision Individual 3 1.59,,Single vision,1.59,Polarised,Freeform,grind,,-10.00,+8.00,-4.00,10.00,sphere,,,,100.78,67.19,L25,DSHC hard coat,,ZEISS book p6; Polarised Grey/ Brown; book $107.50 L20
ZEISS,ZEISS,SmartLife Single Vision Individual 3 1.60,,Single vision,1.60,Clear,Freeform,grind,,-10.00,+10.00,-6.00,10.00,sphere,,,,99.28,66.19,L25,DuraVision Plus Gold UV,,ZEISS book p6; Clear; book $105.90 L20
ZEISS,ZEISS,SmartLife Single Vision Individual 3 1.60,,Single vision,1.60,Clear,Freeform,grind,,-10.00,+10.00,-6.00,10.00,sphere,,,,98.72,65.81,L25,DuraVision Plus Platinum UV,,ZEISS book p6; Clear; book $105.30 L20
ZEISS,ZEISS,SmartLife Single Vision Individual 3 1.60,,Single vision,1.60,Clear,Freeform,grind,,-10.00,+10.00,-6.00,10.00,sphere,,,,96.33,64.22,L25,DuraVision Plus Chrome UV,,ZEISS book p6; Clear; book $102.75 L20
ZEISS,ZEISS,SmartLife Single Vision Individual 3 1.60,,Single vision,1.60,Clear,Freeform,grind,,-10.00,+10.00,-6.00,10.00,sphere,,,,70.78,47.19,L25,DSHC hard coat,,ZEISS book p6; Clear; book $75.50 L20
ZEISS,ZEISS,SmartLife Single Vision Individual 3 1.60,,Single vision,1.60,Clear BluePro,Freeform,grind,,-10.00,+10.00,-6.00,10.00,sphere,,,,101.34,67.56,L25,DuraVision Plus Gold UV,,ZEISS book p6; Clear BluePro; book $108.10 L20
ZEISS,ZEISS,SmartLife Single Vision Individual 3 1.60,,Single vision,1.60,Clear BluePro,Freeform,grind,,-10.00,+10.00,-6.00,10.00,sphere,,,,100.78,67.19,L25,DuraVision Plus Platinum UV,,ZEISS book p6; Clear BluePro; book $107.50 L20
ZEISS,ZEISS,SmartLife Single Vision Individual 3 1.60,,Single vision,1.60,Clear BluePro,Freeform,grind,,-10.00,+10.00,-6.00,10.00,sphere,,,,98.39,65.59,L25,DuraVision Plus Chrome UV,,ZEISS book p6; Clear BluePro; book $104.95 L20
ZEISS,ZEISS,SmartLife Single Vision Individual 3 1.60,,Single vision,1.60,PhotoFusionX,Freeform,grind,,-10.00,+8.00,-6.00,10.00,sphere,,,,128.44,85.62,L25,DuraVision Plus Gold UV,,ZEISS book p6; PhotoFusionX Grey/Brown/Pioneer/Extra Grey/Blue/Burgundy/Black; book $137.00 L20
ZEISS,ZEISS,SmartLife Single Vision Individual 3 1.60,,Single vision,1.60,PhotoFusionX,Freeform,grind,,-10.00,+8.00,-6.00,10.00,sphere,,,,127.88,85.25,L25,DuraVision Plus Platinum UV,,ZEISS book p6; PhotoFusionX Grey/Brown/Pioneer/Extra Grey/Blue/Burgundy/Black; book $136.40 L20
ZEISS,ZEISS,SmartLife Single Vision Individual 3 1.60,,Single vision,1.60,PhotoFusionX,Freeform,grind,,-10.00,+8.00,-6.00,10.00,sphere,,,,125.48,83.66,L25,DuraVision Plus Chrome UV,,ZEISS book p6; PhotoFusionX Grey/Brown/Pioneer/Extra Grey/Blue/Burgundy/Black; book $133.85 L20
ZEISS,ZEISS,SmartLife Single Vision Individual 3 1.60,,Single vision,1.60,PhotoFusionX,Freeform,grind,,-10.00,+8.00,-6.00,10.00,sphere,,,,99.94,66.62,L25,DSHC hard coat,,ZEISS book p6; PhotoFusionX Grey/Brown/Pioneer/Extra Grey/Blue/Burgundy/Black; book $106.60 L20
ZEISS,ZEISS,SmartLife Single Vision Individual 3 1.60,,Single vision,1.60,Polarised,Freeform,grind,,-11.00,+10.00,-6.00,11.00,sphere,,,,129.28,86.19,L25,DuraVision Plus Gold UV,,ZEISS book p6; Polarised Grey/ Brown/ Pioneer; book $137.90 L20
ZEISS,ZEISS,SmartLife Single Vision Individual 3 1.60,,Single vision,1.60,Polarised,Freeform,grind,,-11.00,+10.00,-6.00,11.00,sphere,,,,128.72,85.81,L25,DuraVision Plus Platinum UV,,ZEISS book p6; Polarised Grey/ Brown/ Pioneer; book $137.30 L20
ZEISS,ZEISS,SmartLife Single Vision Individual 3 1.60,,Single vision,1.60,Polarised,Freeform,grind,,-11.00,+10.00,-6.00,11.00,sphere,,,,126.33,84.22,L25,DuraVision Plus Chrome UV,,ZEISS book p6; Polarised Grey/ Brown/ Pioneer; book $134.75 L20
ZEISS,ZEISS,SmartLife Single Vision Individual 3 1.60,,Single vision,1.60,Polarised,Freeform,grind,,-11.00,+10.00,-6.00,11.00,sphere,,,,127.73,85.16,L25,DuraVision Plus Sun UV,,ZEISS book p6; Polarised Grey/ Brown/ Pioneer; book $136.25 L20
ZEISS,ZEISS,SmartLife Single Vision Individual 3 1.60,,Single vision,1.60,Polarised,Freeform,grind,,-11.00,+10.00,-6.00,11.00,sphere,,,,100.78,67.19,L25,DSHC hard coat,,ZEISS book p6; Polarised Grey/ Brown/ Pioneer; book $107.50 L20
ZEISS,ZEISS,SmartLife Single Vision Individual 3 1.60,,Single vision,1.60,AdaptiveSun PhotoFusion,Freeform,grind,,-10.00,+8.00,-6.00,10.00,sphere,,,,153.42,102.28,L25,DuraVision Plus Gold UV,,ZEISS book p6; AdaptiveSun PhotoFusion Grey/ Brown/ Pioneer/Blue; book $163.65 L20
ZEISS,ZEISS,SmartLife Single Vision Individual 3 1.60,,Single vision,1.60,AdaptiveSun PhotoFusion,Freeform,grind,,-10.00,+8.00,-6.00,10.00,sphere,,,,152.86,101.91,L25,DuraVision Plus Platinum UV,,ZEISS book p6; AdaptiveSun PhotoFusion Grey/ Brown/ Pioneer/Blue; book $163.05 L20
ZEISS,ZEISS,SmartLife Single Vision Individual 3 1.60,,Single vision,1.60,AdaptiveSun PhotoFusion,Freeform,grind,,-10.00,+8.00,-6.00,10.00,sphere,,,,150.47,100.31,L25,DuraVision Plus Chrome UV,,ZEISS book p6; AdaptiveSun PhotoFusion Grey/ Brown/ Pioneer/Blue; book $160.50 L20
ZEISS,ZEISS,SmartLife Single Vision Individual 3 1.60,,Single vision,1.60,AdaptiveSun PhotoFusion,Freeform,grind,,-10.00,+8.00,-6.00,10.00,sphere,,,,124.92,83.28,L25,DSHC hard coat,,ZEISS book p6; AdaptiveSun PhotoFusion Grey/ Brown/ Pioneer/Blue; book $133.25 L20
ZEISS,ZEISS,SmartLife Single Vision Individual 3 1.60,,Single vision,1.60,AdaptiveSun Polarised,Freeform,grind,,-11.00,+10.00,-6.00,11.00,sphere,,,,155.91,103.94,L25,DuraVision Plus Gold UV,,ZEISS book p6; AdaptiveSun Polarised Grey/ Brown/ Pioneer; book $166.30 L20
ZEISS,ZEISS,SmartLife Single Vision Individual 3 1.60,,Single vision,1.60,AdaptiveSun Polarised,Freeform,grind,,-11.00,+10.00,-6.00,11.00,sphere,,,,155.34,103.56,L25,DuraVision Plus Platinum UV,,ZEISS book p6; AdaptiveSun Polarised Grey/ Brown/ Pioneer; book $165.70 L20
ZEISS,ZEISS,SmartLife Single Vision Individual 3 1.60,,Single vision,1.60,AdaptiveSun Polarised,Freeform,grind,,-11.00,+10.00,-6.00,11.00,sphere,,,,152.95,101.97,L25,DuraVision Plus Chrome UV,,ZEISS book p6; AdaptiveSun Polarised Grey/ Brown/ Pioneer; book $163.15 L20
ZEISS,ZEISS,SmartLife Single Vision Individual 3 1.60,,Single vision,1.60,AdaptiveSun Polarised,Freeform,grind,,-11.00,+10.00,-6.00,11.00,sphere,,,,154.36,102.91,L25,DuraVision Plus Sun UV,,ZEISS book p6; AdaptiveSun Polarised Grey/ Brown/ Pioneer; book $164.65 L20
ZEISS,ZEISS,SmartLife Single Vision Individual 3 1.60,,Single vision,1.60,AdaptiveSun Polarised,Freeform,grind,,-11.00,+10.00,-6.00,11.00,sphere,,,,127.41,84.94,L25,DSHC hard coat,,ZEISS book p6; AdaptiveSun Polarised Grey/ Brown/ Pioneer; book $135.90 L20
ZEISS,ZEISS,SmartLife Single Vision Individual 3 1.67,,Single vision,1.67,Clear,Freeform,grind,,-17.00,+10.00,-6.00,17.00,sphere,,,,120.09,80.06,L25,DuraVision Plus Gold UV,,ZEISS book p6; Clear; book $128.10 L20
ZEISS,ZEISS,SmartLife Single Vision Individual 3 1.67,,Single vision,1.67,Clear,Freeform,grind,,-17.00,+10.00,-6.00,17.00,sphere,,,,119.53,79.69,L25,DuraVision Plus Platinum UV,,ZEISS book p6; Clear; book $127.50 L20
ZEISS,ZEISS,SmartLife Single Vision Individual 3 1.67,,Single vision,1.67,Clear,Freeform,grind,,-17.00,+10.00,-6.00,17.00,sphere,,,,117.14,78.09,L25,DuraVision Plus Chrome UV,,ZEISS book p6; Clear; book $124.95 L20
ZEISS,ZEISS,SmartLife Single Vision Individual 3 1.67,,Single vision,1.67,Clear BluePro,Freeform,grind,,-17.00,+10.00,-6.00,17.00,sphere,,,,122.16,81.44,L25,DuraVision Plus Gold UV,,ZEISS book p6; Clear BluePro; book $130.30 L20
ZEISS,ZEISS,SmartLife Single Vision Individual 3 1.67,,Single vision,1.67,Clear BluePro,Freeform,grind,,-17.00,+10.00,-6.00,17.00,sphere,,,,121.59,81.06,L25,DuraVision Plus Platinum UV,,ZEISS book p6; Clear BluePro; book $129.70 L20
ZEISS,ZEISS,SmartLife Single Vision Individual 3 1.67,,Single vision,1.67,Clear BluePro,Freeform,grind,,-17.00,+10.00,-6.00,17.00,sphere,,,,119.20,79.47,L25,DuraVision Plus Chrome UV,,ZEISS book p6; Clear BluePro; book $127.15 L20
ZEISS,ZEISS,SmartLife Single Vision Individual 3 1.67,,Single vision,1.67,PhotoFusionX,Freeform,grind,,-12.00,+8.00,-6.00,12.00,sphere,,,,149.25,99.50,L25,DuraVision Plus Gold UV,,ZEISS book p6; PhotoFusionX Grey/Brown/Pioneer/Extra Grey/Blue/Burgundy/Black; book $159.20 L20
ZEISS,ZEISS,SmartLife Single Vision Individual 3 1.67,,Single vision,1.67,PhotoFusionX,Freeform,grind,,-12.00,+8.00,-6.00,12.00,sphere,,,,148.69,99.12,L25,DuraVision Plus Platinum UV,,ZEISS book p6; PhotoFusionX Grey/Brown/Pioneer/Extra Grey/Blue/Burgundy/Black; book $158.60 L20
ZEISS,ZEISS,SmartLife Single Vision Individual 3 1.67,,Single vision,1.67,PhotoFusionX,Freeform,grind,,-12.00,+8.00,-6.00,12.00,sphere,,,,146.30,97.53,L25,DuraVision Plus Chrome UV,,ZEISS book p6; PhotoFusionX Grey/Brown/Pioneer/Extra Grey/Blue/Burgundy/Black; book $156.05 L20
ZEISS,ZEISS,SmartLife Single Vision Individual 3 1.67,,Single vision,1.67,Polarised,Freeform,grind,,-12.00,+11.00,-6.00,12.00,sphere,,,,150.09,100.06,L25,DuraVision Plus Gold UV,,ZEISS book p6; Polarised Grey/ Brown/ Pioneer; book $160.10 L20
ZEISS,ZEISS,SmartLife Single Vision Individual 3 1.67,,Single vision,1.67,Polarised,Freeform,grind,,-12.00,+11.00,-6.00,12.00,sphere,,,,149.53,99.69,L25,DuraVision Plus Platinum UV,,ZEISS book p6; Polarised Grey/ Brown/ Pioneer; book $159.50 L20
ZEISS,ZEISS,SmartLife Single Vision Individual 3 1.67,,Single vision,1.67,Polarised,Freeform,grind,,-12.00,+11.00,-6.00,12.00,sphere,,,,147.14,98.09,L25,DuraVision Plus Chrome UV,,ZEISS book p6; Polarised Grey/ Brown/ Pioneer; book $156.95 L20
ZEISS,ZEISS,SmartLife Single Vision Individual 3 1.67,,Single vision,1.67,Polarised,Freeform,grind,,-12.00,+11.00,-6.00,12.00,sphere,,,,148.55,99.03,L25,DuraVision Plus Sun UV,,ZEISS book p6; Polarised Grey/ Brown/ Pioneer; book $158.45 L20
ZEISS,ZEISS,SmartLife Single Vision Individual 3 1.67,,Single vision,1.67,AdaptiveSun PhotoFusion,Freeform,grind,,-12.00,+8.00,-6.00,12.00,sphere,,,,174.23,116.16,L25,DuraVision Plus Gold UV,,ZEISS book p6; AdaptiveSun PhotoFusion Grey/ Brown/ Pioneer; book $185.85 L20
ZEISS,ZEISS,SmartLife Single Vision Individual 3 1.67,,Single vision,1.67,AdaptiveSun PhotoFusion,Freeform,grind,,-12.00,+8.00,-6.00,12.00,sphere,,,,173.67,115.78,L25,DuraVision Plus Platinum UV,,ZEISS book p6; AdaptiveSun PhotoFusion Grey/ Brown/ Pioneer; book $185.25 L20
ZEISS,ZEISS,SmartLife Single Vision Individual 3 1.67,,Single vision,1.67,AdaptiveSun PhotoFusion,Freeform,grind,,-12.00,+8.00,-6.00,12.00,sphere,,,,171.28,114.19,L25,DuraVision Plus Chrome UV,,ZEISS book p6; AdaptiveSun PhotoFusion Grey/ Brown/ Pioneer; book $182.70 L20
ZEISS,ZEISS,SmartLife Single Vision Individual 3 1.74,,Single vision,1.74,Clear,Freeform,grind,,-20.00,+16.00,-6.00,20.00,sphere,,,,140.91,93.94,L25,DuraVision Plus Gold UV,,ZEISS book p6; Clear; book $150.30 L20
ZEISS,ZEISS,SmartLife Single Vision Individual 3 1.74,,Single vision,1.74,Clear,Freeform,grind,,-20.00,+16.00,-6.00,20.00,sphere,,,,140.34,93.56,L25,DuraVision Plus Platinum UV,,ZEISS book p6; Clear; book $149.70 L20
ZEISS,ZEISS,SmartLife Single Vision Individual 3 1.74,,Single vision,1.74,Clear,Freeform,grind,,-20.00,+16.00,-6.00,20.00,sphere,,,,137.95,91.97,L25,DuraVision Plus Chrome UV,,ZEISS book p6; Clear; book $147.15 L20
ZEISS,ZEISS,SmartLife Single Vision Individual 3 1.74,,Single vision,1.74,Clear BluePro,Freeform,grind,,-20.00,+16.00,-6.00,20.00,sphere,,,,143.02,95.34,L25,DuraVision Plus Gold UV,,ZEISS book p6; Clear BluePro; book $152.55 L20
ZEISS,ZEISS,SmartLife Single Vision Individual 3 1.74,,Single vision,1.74,Clear BluePro,Freeform,grind,,-20.00,+16.00,-6.00,20.00,sphere,,,,142.45,94.97,L25,DuraVision Plus Platinum UV,,ZEISS book p6; Clear BluePro; book $151.95 L20
ZEISS,ZEISS,SmartLife Single Vision Individual 3 1.74,,Single vision,1.74,Clear BluePro,Freeform,grind,,-20.00,+16.00,-6.00,20.00,sphere,,,,140.06,93.38,L25,DuraVision Plus Chrome UV,,ZEISS book p6; Clear BluePro; book $149.40 L20
ZEISS,ZEISS,SmartLife Single Vision Individual 3 1.74,,Single vision,1.74,PhotoFusionX,Freeform,grind,,-14.00,+9.00,-6.00,14.00,sphere,,,,170.06,113.38,L25,DuraVision Plus Gold UV,,ZEISS book p6; PhotoFusionX Grey/Brown/Extra Grey/Black; book $181.40 L20
ZEISS,ZEISS,SmartLife Single Vision Individual 3 1.74,,Single vision,1.74,PhotoFusionX,Freeform,grind,,-14.00,+9.00,-6.00,14.00,sphere,,,,169.50,113.00,L25,DuraVision Plus Platinum UV,,ZEISS book p6; PhotoFusionX Grey/Brown/Extra Grey/Black; book $180.80 L20
ZEISS,ZEISS,SmartLife Single Vision Individual 3 1.74,,Single vision,1.74,PhotoFusionX,Freeform,grind,,-14.00,+9.00,-6.00,14.00,sphere,,,,167.11,111.41,L25,DuraVision Plus Chrome UV,,ZEISS book p6; PhotoFusionX Grey/Brown/Extra Grey/Black; book $178.25 L20
ZEISS,ZEISS,SmartLife Single Vision 1.50,,Single vision,1.50,Clear,Freeform,grind,,-6.00,+6.00,-4.00,6.00,sphere,,,,63.80,42.53,L25,DuraVision Plus Gold UV,,ZEISS book p7; Clear; range confirmed by ZEISS product guide; book $68.05 L20
ZEISS,ZEISS,SmartLife Single Vision 1.50,,Single vision,1.50,Clear,Freeform,grind,,-6.00,+6.00,-4.00,6.00,sphere,,,,63.23,42.16,L25,DuraVision Plus Platinum UV,,ZEISS book p7; Clear; range confirmed by ZEISS product guide; book $67.45 L20
ZEISS,ZEISS,SmartLife Single Vision 1.50,,Single vision,1.50,Clear,Freeform,grind,,-6.00,+6.00,-4.00,6.00,sphere,,,,60.84,40.56,L25,DuraVision Plus Chrome UV,,ZEISS book p7; Clear; range confirmed by ZEISS product guide; book $64.90 L20
ZEISS,ZEISS,SmartLife Single Vision 1.50,,Single vision,1.50,Clear,Freeform,grind,,-6.00,+6.00,-4.00,6.00,sphere,,,,35.30,23.53,L25,DSHC hard coat,,ZEISS book p7; Clear; range confirmed by ZEISS product guide; book $37.65 L20
ZEISS,ZEISS,SmartLife Single Vision 1.50,,Single vision,1.50,Clear BluePro,Freeform,grind,,-6.00,+6.00,-4.00,6.00,sphere,,,,65.91,43.94,L25,DuraVision Plus Gold UV,,ZEISS book p7; Clear BluePro; range confirmed by ZEISS product guide; book $70.30 L20
ZEISS,ZEISS,SmartLife Single Vision 1.50,,Single vision,1.50,Clear BluePro,Freeform,grind,,-6.00,+6.00,-4.00,6.00,sphere,,,,65.34,43.56,L25,DuraVision Plus Platinum UV,,ZEISS book p7; Clear BluePro; range confirmed by ZEISS product guide; book $69.70 L20
ZEISS,ZEISS,SmartLife Single Vision 1.50,,Single vision,1.50,Clear BluePro,Freeform,grind,,-6.00,+6.00,-4.00,6.00,sphere,,,,62.95,41.97,L25,DuraVision Plus Chrome UV,,ZEISS book p7; Clear BluePro; range confirmed by ZEISS product guide; book $67.15 L20
ZEISS,ZEISS,SmartLife Single Vision 1.50,,Single vision,1.50,PhotoFusionX,Freeform,grind,,-6.00,+6.00,-4.00,6.00,sphere,,,,92.95,61.97,L25,DuraVision Plus Gold UV,,ZEISS book p7; PhotoFusionX Grey/Brown/Pioneer/Extra Grey/Blue/Burgundy/Black; range confirmed by ZEISS product guide; book $99.15 L20
ZEISS,ZEISS,SmartLife Single Vision 1.50,,Single vision,1.50,PhotoFusionX,Freeform,grind,,-6.00,+6.00,-4.00,6.00,sphere,,,,92.39,61.59,L25,DuraVision Plus Platinum UV,,ZEISS book p7; PhotoFusionX Grey/Brown/Pioneer/Extra Grey/Blue/Burgundy/Black; range confirmed by ZEISS product guide; book $98.55 L20
ZEISS,ZEISS,SmartLife Single Vision 1.50,,Single vision,1.50,PhotoFusionX,Freeform,grind,,-6.00,+6.00,-4.00,6.00,sphere,,,,90.00,60.00,L25,DuraVision Plus Chrome UV,,ZEISS book p7; PhotoFusionX Grey/Brown/Pioneer/Extra Grey/Blue/Burgundy/Black; range confirmed by ZEISS product guide; book $96.00 L20
ZEISS,ZEISS,SmartLife Single Vision 1.50,,Single vision,1.50,PhotoFusionX,Freeform,grind,,-6.00,+6.00,-4.00,6.00,sphere,,,,64.45,42.97,L25,DSHC hard coat,,ZEISS book p7; PhotoFusionX Grey/Brown/Pioneer/Extra Grey/Blue/Burgundy/Black; range confirmed by ZEISS product guide; book $68.75 L20
ZEISS,ZEISS,SmartLife Single Vision 1.50,,Single vision,1.50,Polarised,Freeform,grind,,-8.00,+8.00,-4.00,8.00,sphere,,,,93.80,62.53,L25,DuraVision Plus Gold UV,,ZEISS book p7; Polarised Grey/ Brown/ Pioneer; range confirmed by ZEISS product guide; book $100.05 L20
ZEISS,ZEISS,SmartLife Single Vision 1.50,,Single vision,1.50,Polarised,Freeform,grind,,-8.00,+8.00,-4.00,8.00,sphere,,,,93.23,62.16,L25,DuraVision Plus Platinum UV,,ZEISS book p7; Polarised Grey/ Brown/ Pioneer; range confirmed by ZEISS product guide; book $99.45 L20
ZEISS,ZEISS,SmartLife Single Vision 1.50,,Single vision,1.50,Polarised,Freeform,grind,,-8.00,+8.00,-4.00,8.00,sphere,,,,90.84,60.56,L25,DuraVision Plus Chrome UV,,ZEISS book p7; Polarised Grey/ Brown/ Pioneer; range confirmed by ZEISS product guide; book $96.90 L20
ZEISS,ZEISS,SmartLife Single Vision 1.50,,Single vision,1.50,Polarised,Freeform,grind,,-8.00,+8.00,-4.00,8.00,sphere,,,,92.25,61.50,L25,DuraVision Plus Sun UV,,ZEISS book p7; Polarised Grey/ Brown/ Pioneer; range confirmed by ZEISS product guide; book $98.40 L20
ZEISS,ZEISS,SmartLife Single Vision 1.50,,Single vision,1.50,Polarised,Freeform,grind,,-8.00,+8.00,-4.00,8.00,sphere,,,,65.30,43.53,L25,DSHC hard coat,,ZEISS book p7; Polarised Grey/ Brown/ Pioneer; range confirmed by ZEISS product guide; book $69.65 L20
ZEISS,ZEISS,SmartLife Single Vision 1.50,,Single vision,1.50,AdaptiveSun PhotoFusion,Freeform,grind,,-6.00,+6.00,-4.00,6.00,sphere,,,,117.94,78.62,L25,DuraVision Plus Gold UV,,ZEISS book p7; AdaptiveSun PhotoFusion Grey/ Brown/ Pioneer/Blue; range confirmed by ZEISS product guide; book $125.80 L20
ZEISS,ZEISS,SmartLife Single Vision 1.50,,Single vision,1.50,AdaptiveSun PhotoFusion,Freeform,grind,,-6.00,+6.00,-4.00,6.00,sphere,,,,117.38,78.25,L25,DuraVision Plus Platinum UV,,ZEISS book p7; AdaptiveSun PhotoFusion Grey/ Brown/ Pioneer/Blue; range confirmed by ZEISS product guide; book $125.20 L20
ZEISS,ZEISS,SmartLife Single Vision 1.50,,Single vision,1.50,AdaptiveSun PhotoFusion,Freeform,grind,,-6.00,+6.00,-4.00,6.00,sphere,,,,114.98,76.66,L25,DuraVision Plus Chrome UV,,ZEISS book p7; AdaptiveSun PhotoFusion Grey/ Brown/ Pioneer/Blue; range confirmed by ZEISS product guide; book $122.65 L20
ZEISS,ZEISS,SmartLife Single Vision 1.50,,Single vision,1.50,AdaptiveSun PhotoFusion,Freeform,grind,,-6.00,+6.00,-4.00,6.00,sphere,,,,89.44,59.62,L25,DSHC hard coat,,ZEISS book p7; AdaptiveSun PhotoFusion Grey/ Brown/ Pioneer/Blue; range confirmed by ZEISS product guide; book $95.40 L20
ZEISS,ZEISS,SmartLife Single Vision 1.50,,Single vision,1.50,AdaptiveSun Polarised,Freeform,grind,,-8.00,+8.00,-4.00,8.00,sphere,,,,120.42,80.28,L25,DuraVision Plus Gold UV,,ZEISS book p7; AdaptiveSun Polarised Grey/ Brown/ Pioneer; range confirmed by ZEISS product guide; book $128.45 L20
ZEISS,ZEISS,SmartLife Single Vision 1.50,,Single vision,1.50,AdaptiveSun Polarised,Freeform,grind,,-8.00,+8.00,-4.00,8.00,sphere,,,,119.86,79.91,L25,DuraVision Plus Platinum UV,,ZEISS book p7; AdaptiveSun Polarised Grey/ Brown/ Pioneer; range confirmed by ZEISS product guide; book $127.85 L20
ZEISS,ZEISS,SmartLife Single Vision 1.50,,Single vision,1.50,AdaptiveSun Polarised,Freeform,grind,,-8.00,+8.00,-4.00,8.00,sphere,,,,117.47,78.31,L25,DuraVision Plus Chrome UV,,ZEISS book p7; AdaptiveSun Polarised Grey/ Brown/ Pioneer; range confirmed by ZEISS product guide; book $125.30 L20
ZEISS,ZEISS,SmartLife Single Vision 1.50,,Single vision,1.50,AdaptiveSun Polarised,Freeform,grind,,-8.00,+8.00,-4.00,8.00,sphere,,,,118.88,79.25,L25,DuraVision Plus Sun UV,,ZEISS book p7; AdaptiveSun Polarised Grey/ Brown/ Pioneer; range confirmed by ZEISS product guide; book $126.80 L20
ZEISS,ZEISS,SmartLife Single Vision 1.50,,Single vision,1.50,AdaptiveSun Polarised,Freeform,grind,,-8.00,+8.00,-4.00,8.00,sphere,,,,91.92,61.28,L25,DSHC hard coat,,ZEISS book p7; AdaptiveSun Polarised Grey/ Brown/ Pioneer; range confirmed by ZEISS product guide; book $98.05 L20
ZEISS,ZEISS,SmartLife Single Vision 1.53,,Single vision,1.53,Clear,Freeform,grind,,-7.00,+7.00,-4.00,7.00,sphere,,,,83.77,55.84,L25,DuraVision Plus Gold UV,,ZEISS book p7; Clear; range confirmed by ZEISS product guide; book $89.35 L20
ZEISS,ZEISS,SmartLife Single Vision 1.53,,Single vision,1.53,Clear,Freeform,grind,,-7.00,+7.00,-4.00,7.00,sphere,,,,83.20,55.47,L25,DuraVision Plus Platinum UV,,ZEISS book p7; Clear; range confirmed by ZEISS product guide; book $88.75 L20
ZEISS,ZEISS,SmartLife Single Vision 1.53,,Single vision,1.53,Clear,Freeform,grind,,-7.00,+7.00,-4.00,7.00,sphere,,,,80.81,53.88,L25,DuraVision Plus Chrome UV,,ZEISS book p7; Clear; range confirmed by ZEISS product guide; book $86.20 L20
ZEISS,ZEISS,SmartLife Single Vision 1.53,,Single vision,1.53,Clear,Freeform,grind,,-7.00,+7.00,-4.00,7.00,sphere,,,,55.27,36.84,L25,DSHC hard coat,,ZEISS book p7; Clear; range confirmed by ZEISS product guide; book $58.95 L20
ZEISS,ZEISS,SmartLife Single Vision 1.53,,Single vision,1.53,Polarised,Freeform,grind,,-7.00,+5.00,-4.00,7.00,sphere,,,,113.77,75.84,L25,DuraVision Plus Gold UV,,ZEISS book p7; Polarised Grey/ Brown; range confirmed by ZEISS product guide; book $121.35 L20
ZEISS,ZEISS,SmartLife Single Vision 1.53,,Single vision,1.53,Polarised,Freeform,grind,,-7.00,+5.00,-4.00,7.00,sphere,,,,113.20,75.47,L25,DuraVision Plus Platinum UV,,ZEISS book p7; Polarised Grey/ Brown; range confirmed by ZEISS product guide; book $120.75 L20
ZEISS,ZEISS,SmartLife Single Vision 1.53,,Single vision,1.53,Polarised,Freeform,grind,,-7.00,+5.00,-4.00,7.00,sphere,,,,110.81,73.88,L25,DuraVision Plus Chrome UV,,ZEISS book p7; Polarised Grey/ Brown; range confirmed by ZEISS product guide; book $118.20 L20
ZEISS,ZEISS,SmartLife Single Vision 1.53,,Single vision,1.53,Polarised,Freeform,grind,,-7.00,+5.00,-4.00,7.00,sphere,,,,112.22,74.81,L25,DuraVision Plus Sun UV,,ZEISS book p7; Polarised Grey/ Brown; range confirmed by ZEISS product guide; book $119.70 L20
ZEISS,ZEISS,SmartLife Single Vision 1.53,,Single vision,1.53,Polarised,Freeform,grind,,-7.00,+5.00,-4.00,7.00,sphere,,,,85.27,56.84,L25,DSHC hard coat,,ZEISS book p7; Polarised Grey/ Brown; range confirmed by ZEISS product guide; book $90.95 L20
ZEISS,ZEISS,SmartLife Single Vision 1.59,,Single vision,1.59,Clear,Freeform,grind,,-10.00,+8.00,-6.00,10.00,sphere,,,,90.47,60.31,L25,DuraVision Plus Gold UV,,ZEISS book p7; Clear; range confirmed by ZEISS product guide; book $96.50 L20
ZEISS,ZEISS,SmartLife Single Vision 1.59,,Single vision,1.59,Clear,Freeform,grind,,-10.00,+8.00,-6.00,10.00,sphere,,,,89.91,59.94,L25,DuraVision Plus Platinum UV,,ZEISS book p7; Clear; range confirmed by ZEISS product guide; book $95.90 L20
ZEISS,ZEISS,SmartLife Single Vision 1.59,,Single vision,1.59,Clear,Freeform,grind,,-10.00,+8.00,-6.00,10.00,sphere,,,,87.52,58.34,L25,DuraVision Plus Chrome UV,,ZEISS book p7; Clear; range confirmed by ZEISS product guide; book $93.35 L20
ZEISS,ZEISS,SmartLife Single Vision 1.59,,Single vision,1.59,Clear,Freeform,grind,,-10.00,+8.00,-6.00,10.00,sphere,,,,61.97,41.31,L25,DSHC hard coat,,ZEISS book p7; Clear; range confirmed by ZEISS product guide; book $66.10 L20
ZEISS,ZEISS,SmartLife Single Vision 1.59,,Single vision,1.59,PhotoFusionX,Freeform,grind,,-10.00,+8.00,-6.00,10.00,sphere,,,,119.62,79.75,L25,DuraVision Plus Gold UV,,ZEISS book p7; PhotoFusionX Grey/Brown/Pioneer/Extra Grey/Blue/Burgundy/Black; range confirmed by ZEISS product guide; book $127.60 L20
ZEISS,ZEISS,SmartLife Single Vision 1.59,,Single vision,1.59,PhotoFusionX,Freeform,grind,,-10.00,+8.00,-6.00,10.00,sphere,,,,119.06,79.38,L25,DuraVision Plus Platinum UV,,ZEISS book p7; PhotoFusionX Grey/Brown/Pioneer/Extra Grey/Blue/Burgundy/Black; range confirmed by ZEISS product guide; book $127.00 L20
ZEISS,ZEISS,SmartLife Single Vision 1.59,,Single vision,1.59,PhotoFusionX,Freeform,grind,,-10.00,+8.00,-6.00,10.00,sphere,,,,116.67,77.78,L25,DuraVision Plus Chrome UV,,ZEISS book p7; PhotoFusionX Grey/Brown/Pioneer/Extra Grey/Blue/Burgundy/Black; range confirmed by ZEISS product guide; book $124.45 L20
ZEISS,ZEISS,SmartLife Single Vision 1.59,,Single vision,1.59,PhotoFusionX,Freeform,grind,,-10.00,+8.00,-6.00,10.00,sphere,,,,91.12,60.75,L25,DSHC hard coat,,ZEISS book p7; PhotoFusionX Grey/Brown/Pioneer/Extra Grey/Blue/Burgundy/Black; range confirmed by ZEISS product guide; book $97.20 L20
ZEISS,ZEISS,SmartLife Single Vision 1.59,,Single vision,1.59,Polarised,Freeform,grind,,-10.00,+8.00,-4.00,10.00,sphere,,,,120.47,80.31,L25,DuraVision Plus Gold UV,,ZEISS book p7; Polarised Grey/ Brown; range confirmed by ZEISS product guide; book $128.50 L20
ZEISS,ZEISS,SmartLife Single Vision 1.59,,Single vision,1.59,Polarised,Freeform,grind,,-10.00,+8.00,-4.00,10.00,sphere,,,,119.91,79.94,L25,DuraVision Plus Platinum UV,,ZEISS book p7; Polarised Grey/ Brown; range confirmed by ZEISS product guide; book $127.90 L20
ZEISS,ZEISS,SmartLife Single Vision 1.59,,Single vision,1.59,Polarised,Freeform,grind,,-10.00,+8.00,-4.00,10.00,sphere,,,,117.52,78.34,L25,DuraVision Plus Chrome UV,,ZEISS book p7; Polarised Grey/ Brown; range confirmed by ZEISS product guide; book $125.35 L20
ZEISS,ZEISS,SmartLife Single Vision 1.59,,Single vision,1.59,Polarised,Freeform,grind,,-10.00,+8.00,-4.00,10.00,sphere,,,,118.92,79.28,L25,DuraVision Plus Sun UV,,ZEISS book p7; Polarised Grey/ Brown; range confirmed by ZEISS product guide; book $126.85 L20
ZEISS,ZEISS,SmartLife Single Vision 1.59,,Single vision,1.59,Polarised,Freeform,grind,,-10.00,+8.00,-4.00,10.00,sphere,,,,91.97,61.31,L25,DSHC hard coat,,ZEISS book p7; Polarised Grey/ Brown; range confirmed by ZEISS product guide; book $98.10 L20
ZEISS,ZEISS,SmartLife Single Vision 1.60,,Single vision,1.60,Clear,Freeform,grind,,-10.00,+10.00,-6.00,10.00,sphere,,,,90.47,60.31,L25,DuraVision Plus Gold UV,,"ZEISS book p7; Clear; RANGE DIFFERS — product guide prints -10.00 to +8.00, cyl -6.00, max combined -10.00 — confirm in VISUSTORE; book $96.50 L20"
ZEISS,ZEISS,SmartLife Single Vision 1.60,,Single vision,1.60,Clear,Freeform,grind,,-10.00,+10.00,-6.00,10.00,sphere,,,,89.91,59.94,L25,DuraVision Plus Platinum UV,,"ZEISS book p7; Clear; RANGE DIFFERS — product guide prints -10.00 to +8.00, cyl -6.00, max combined -10.00 — confirm in VISUSTORE; book $95.90 L20"
ZEISS,ZEISS,SmartLife Single Vision 1.60,,Single vision,1.60,Clear,Freeform,grind,,-10.00,+10.00,-6.00,10.00,sphere,,,,87.52,58.34,L25,DuraVision Plus Chrome UV,,"ZEISS book p7; Clear; RANGE DIFFERS — product guide prints -10.00 to +8.00, cyl -6.00, max combined -10.00 — confirm in VISUSTORE; book $93.35 L20"
ZEISS,ZEISS,SmartLife Single Vision 1.60,,Single vision,1.60,Clear,Freeform,grind,,-10.00,+10.00,-6.00,10.00,sphere,,,,61.97,41.31,L25,DSHC hard coat,,"ZEISS book p7; Clear; RANGE DIFFERS — product guide prints -10.00 to +8.00, cyl -6.00, max combined -10.00 — confirm in VISUSTORE; book $66.10 L20"
ZEISS,ZEISS,SmartLife Single Vision 1.60,,Single vision,1.60,Clear BluePro,Freeform,grind,,-10.00,+10.00,-6.00,10.00,sphere,,,,92.53,61.69,L25,DuraVision Plus Gold UV,,"ZEISS book p7; Clear BluePro; RANGE DIFFERS — product guide prints -10.00 to +8.00, cyl -6.00, max combined -10.00 — confirm in VISUSTORE; book $98.70 L20"
ZEISS,ZEISS,SmartLife Single Vision 1.60,,Single vision,1.60,Clear BluePro,Freeform,grind,,-10.00,+10.00,-6.00,10.00,sphere,,,,91.97,61.31,L25,DuraVision Plus Platinum UV,,"ZEISS book p7; Clear BluePro; RANGE DIFFERS — product guide prints -10.00 to +8.00, cyl -6.00, max combined -10.00 — confirm in VISUSTORE; book $98.10 L20"
ZEISS,ZEISS,SmartLife Single Vision 1.60,,Single vision,1.60,Clear BluePro,Freeform,grind,,-10.00,+10.00,-6.00,10.00,sphere,,,,89.58,59.72,L25,DuraVision Plus Chrome UV,,"ZEISS book p7; Clear BluePro; RANGE DIFFERS — product guide prints -10.00 to +8.00, cyl -6.00, max combined -10.00 — confirm in VISUSTORE; book $95.55 L20"
ZEISS,ZEISS,SmartLife Single Vision 1.60,,Single vision,1.60,PhotoFusionX,Freeform,grind,,-10.00,+8.00,-6.00,10.00,sphere,,,,119.62,79.75,L25,DuraVision Plus Gold UV,,ZEISS book p7; PhotoFusionX Grey/Brown/Pioneer/Extra Grey/Blue/Burgundy/Black; range confirmed by ZEISS product guide; book $127.60 L20
ZEISS,ZEISS,SmartLife Single Vision 1.60,,Single vision,1.60,PhotoFusionX,Freeform,grind,,-10.00,+8.00,-6.00,10.00,sphere,,,,119.06,79.38,L25,DuraVision Plus Platinum UV,,ZEISS book p7; PhotoFusionX Grey/Brown/Pioneer/Extra Grey/Blue/Burgundy/Black; range confirmed by ZEISS product guide; book $127.00 L20
ZEISS,ZEISS,SmartLife Single Vision 1.60,,Single vision,1.60,PhotoFusionX,Freeform,grind,,-10.00,+8.00,-6.00,10.00,sphere,,,,116.67,77.78,L25,DuraVision Plus Chrome UV,,ZEISS book p7; PhotoFusionX Grey/Brown/Pioneer/Extra Grey/Blue/Burgundy/Black; range confirmed by ZEISS product guide; book $124.45 L20
ZEISS,ZEISS,SmartLife Single Vision 1.60,,Single vision,1.60,PhotoFusionX,Freeform,grind,,-10.00,+8.00,-6.00,10.00,sphere,,,,91.12,60.75,L25,DSHC hard coat,,ZEISS book p7; PhotoFusionX Grey/Brown/Pioneer/Extra Grey/Blue/Burgundy/Black; range confirmed by ZEISS product guide; book $97.20 L20
ZEISS,ZEISS,SmartLife Single Vision 1.60,,Single vision,1.60,Polarised,Freeform,grind,,-11.00,+10.00,-6.00,11.00,sphere,,,,120.47,80.31,L25,DuraVision Plus Gold UV,,ZEISS book p7; Polarised Grey/ Brown/ Pioneer; range confirmed by ZEISS product guide; book $128.50 L20
ZEISS,ZEISS,SmartLife Single Vision 1.60,,Single vision,1.60,Polarised,Freeform,grind,,-11.00,+10.00,-6.00,11.00,sphere,,,,119.91,79.94,L25,DuraVision Plus Platinum UV,,ZEISS book p7; Polarised Grey/ Brown/ Pioneer; range confirmed by ZEISS product guide; book $127.90 L20
ZEISS,ZEISS,SmartLife Single Vision 1.60,,Single vision,1.60,Polarised,Freeform,grind,,-11.00,+10.00,-6.00,11.00,sphere,,,,117.52,78.34,L25,DuraVision Plus Chrome UV,,ZEISS book p7; Polarised Grey/ Brown/ Pioneer; range confirmed by ZEISS product guide; book $125.35 L20
ZEISS,ZEISS,SmartLife Single Vision 1.60,,Single vision,1.60,Polarised,Freeform,grind,,-11.00,+10.00,-6.00,11.00,sphere,,,,118.92,79.28,L25,DuraVision Plus Sun UV,,ZEISS book p7; Polarised Grey/ Brown/ Pioneer; range confirmed by ZEISS product guide; book $126.85 L20
ZEISS,ZEISS,SmartLife Single Vision 1.60,,Single vision,1.60,Polarised,Freeform,grind,,-11.00,+10.00,-6.00,11.00,sphere,,,,91.97,61.31,L25,DSHC hard coat,,ZEISS book p7; Polarised Grey/ Brown/ Pioneer; range confirmed by ZEISS product guide; book $98.10 L20
ZEISS,ZEISS,SmartLife Single Vision 1.60,,Single vision,1.60,AdaptiveSun PhotoFusion,Freeform,grind,,-10.00,+8.00,-6.00,10.00,sphere,,,,144.61,96.41,L25,DuraVision Plus Gold UV,,ZEISS book p7; AdaptiveSun PhotoFusion Grey/ Brown/ Pioneer/Blue; range confirmed by ZEISS product guide; book $154.25 L20
ZEISS,ZEISS,SmartLife Single Vision 1.60,,Single vision,1.60,AdaptiveSun PhotoFusion,Freeform,grind,,-10.00,+8.00,-6.00,10.00,sphere,,,,144.05,96.03,L25,DuraVision Plus Platinum UV,,ZEISS book p7; AdaptiveSun PhotoFusion Grey/ Brown/ Pioneer/Blue; range confirmed by ZEISS product guide; book $153.65 L20
ZEISS,ZEISS,SmartLife Single Vision 1.60,,Single vision,1.60,AdaptiveSun PhotoFusion,Freeform,grind,,-10.00,+8.00,-6.00,10.00,sphere,,,,141.66,94.44,L25,DuraVision Plus Chrome UV,,ZEISS book p7; AdaptiveSun PhotoFusion Grey/ Brown/ Pioneer/Blue; range confirmed by ZEISS product guide; book $151.10 L20
ZEISS,ZEISS,SmartLife Single Vision 1.60,,Single vision,1.60,AdaptiveSun PhotoFusion,Freeform,grind,,-10.00,+8.00,-6.00,10.00,sphere,,,,116.11,77.41,L25,DSHC hard coat,,ZEISS book p7; AdaptiveSun PhotoFusion Grey/ Brown/ Pioneer/Blue; range confirmed by ZEISS product guide; book $123.85 L20
ZEISS,ZEISS,SmartLife Single Vision 1.60,,Single vision,1.60,AdaptiveSun Polarised,Freeform,grind,,-11.00,+10.00,-6.00,11.00,sphere,,,,147.09,98.06,L25,DuraVision Plus Gold UV,,ZEISS book p7; AdaptiveSun Polarised Grey/ Brown/ Pioneer; range confirmed by ZEISS product guide; book $156.90 L20
ZEISS,ZEISS,SmartLife Single Vision 1.60,,Single vision,1.60,AdaptiveSun Polarised,Freeform,grind,,-11.00,+10.00,-6.00,11.00,sphere,,,,146.53,97.69,L25,DuraVision Plus Platinum UV,,ZEISS book p7; AdaptiveSun Polarised Grey/ Brown/ Pioneer; range confirmed by ZEISS product guide; book $156.30 L20
ZEISS,ZEISS,SmartLife Single Vision 1.60,,Single vision,1.60,AdaptiveSun Polarised,Freeform,grind,,-11.00,+10.00,-6.00,11.00,sphere,,,,144.14,96.09,L25,DuraVision Plus Chrome UV,,ZEISS book p7; AdaptiveSun Polarised Grey/ Brown/ Pioneer; range confirmed by ZEISS product guide; book $153.75 L20
ZEISS,ZEISS,SmartLife Single Vision 1.60,,Single vision,1.60,AdaptiveSun Polarised,Freeform,grind,,-11.00,+10.00,-6.00,11.00,sphere,,,,145.55,97.03,L25,DuraVision Plus Sun UV,,ZEISS book p7; AdaptiveSun Polarised Grey/ Brown/ Pioneer; range confirmed by ZEISS product guide; book $155.25 L20
ZEISS,ZEISS,SmartLife Single Vision 1.60,,Single vision,1.60,AdaptiveSun Polarised,Freeform,grind,,-11.00,+10.00,-6.00,11.00,sphere,,,,118.59,79.06,L25,DSHC hard coat,,ZEISS book p7; AdaptiveSun Polarised Grey/ Brown/ Pioneer; range confirmed by ZEISS product guide; book $126.50 L20
ZEISS,ZEISS,SmartLife Single Vision 1.67,,Single vision,1.67,Clear,Freeform,grind,,-17.00,+10.00,-6.00,17.00,sphere,,,,111.28,74.19,L25,DuraVision Plus Gold UV,,"ZEISS book p7; Clear; RANGE DIFFERS — product guide prints -12.00 to +8.00, cyl -6.00, max combined -12.00 — confirm in VISUSTORE; book $118.70 L20"
ZEISS,ZEISS,SmartLife Single Vision 1.67,,Single vision,1.67,Clear,Freeform,grind,,-17.00,+10.00,-6.00,17.00,sphere,,,,110.72,73.81,L25,DuraVision Plus Platinum UV,,"ZEISS book p7; Clear; RANGE DIFFERS — product guide prints -12.00 to +8.00, cyl -6.00, max combined -12.00 — confirm in VISUSTORE; book $118.10 L20"
ZEISS,ZEISS,SmartLife Single Vision 1.67,,Single vision,1.67,Clear,Freeform,grind,,-17.00,+10.00,-6.00,17.00,sphere,,,,108.33,72.22,L25,DuraVision Plus Chrome UV,,"ZEISS book p7; Clear; RANGE DIFFERS — product guide prints -12.00 to +8.00, cyl -6.00, max combined -12.00 — confirm in VISUSTORE; book $115.55 L20"
ZEISS,ZEISS,SmartLife Single Vision 1.67,,Single vision,1.67,Clear BluePro,Freeform,grind,,-17.00,+10.00,-6.00,17.00,sphere,,,,113.34,75.56,L25,DuraVision Plus Gold UV,,"ZEISS book p7; Clear BluePro; RANGE DIFFERS — product guide prints -12.00 to +8.00, cyl -6.00, max combined -12.00 — confirm in VISUSTORE; book $120.90 L20"
ZEISS,ZEISS,SmartLife Single Vision 1.67,,Single vision,1.67,Clear BluePro,Freeform,grind,,-17.00,+10.00,-6.00,17.00,sphere,,,,112.78,75.19,L25,DuraVision Plus Platinum UV,,"ZEISS book p7; Clear BluePro; RANGE DIFFERS — product guide prints -12.00 to +8.00, cyl -6.00, max combined -12.00 — confirm in VISUSTORE; book $120.30 L20"
ZEISS,ZEISS,SmartLife Single Vision 1.67,,Single vision,1.67,Clear BluePro,Freeform,grind,,-17.00,+10.00,-6.00,17.00,sphere,,,,110.39,73.59,L25,DuraVision Plus Chrome UV,,"ZEISS book p7; Clear BluePro; RANGE DIFFERS — product guide prints -12.00 to +8.00, cyl -6.00, max combined -12.00 — confirm in VISUSTORE; book $117.75 L20"
ZEISS,ZEISS,SmartLife Single Vision 1.67,,Single vision,1.67,PhotoFusionX,Freeform,grind,,-12.00,+8.00,-6.00,12.00,sphere,,,,140.44,93.62,L25,DuraVision Plus Gold UV,,ZEISS book p7; PhotoFusionX Grey/Brown/Pioneer/Extra Grey/Blue/Burgundy/Black; range confirmed by ZEISS product guide; book $149.80 L20
ZEISS,ZEISS,SmartLife Single Vision 1.67,,Single vision,1.67,PhotoFusionX,Freeform,grind,,-12.00,+8.00,-6.00,12.00,sphere,,,,139.88,93.25,L25,DuraVision Plus Platinum UV,,ZEISS book p7; PhotoFusionX Grey/Brown/Pioneer/Extra Grey/Blue/Burgundy/Black; range confirmed by ZEISS product guide; book $149.20 L20
ZEISS,ZEISS,SmartLife Single Vision 1.67,,Single vision,1.67,PhotoFusionX,Freeform,grind,,-12.00,+8.00,-6.00,12.00,sphere,,,,137.48,91.66,L25,DuraVision Plus Chrome UV,,ZEISS book p7; PhotoFusionX Grey/Brown/Pioneer/Extra Grey/Blue/Burgundy/Black; range confirmed by ZEISS product guide; book $146.65 L20
ZEISS,ZEISS,SmartLife Single Vision 1.67,,Single vision,1.67,Polarised,Freeform,grind,,-12.00,+11.00,-6.00,12.00,sphere,,,,141.28,94.19,L25,DuraVision Plus Gold UV,,ZEISS book p7; Polarised Grey/ Brown/ Pioneer; range confirmed by ZEISS product guide; book $150.70 L20
ZEISS,ZEISS,SmartLife Single Vision 1.67,,Single vision,1.67,Polarised,Freeform,grind,,-12.00,+11.00,-6.00,12.00,sphere,,,,140.72,93.81,L25,DuraVision Plus Platinum UV,,ZEISS book p7; Polarised Grey/ Brown/ Pioneer; range confirmed by ZEISS product guide; book $150.10 L20
ZEISS,ZEISS,SmartLife Single Vision 1.67,,Single vision,1.67,Polarised,Freeform,grind,,-12.00,+11.00,-6.00,12.00,sphere,,,,138.33,92.22,L25,DuraVision Plus Chrome UV,,ZEISS book p7; Polarised Grey/ Brown/ Pioneer; range confirmed by ZEISS product guide; book $147.55 L20
ZEISS,ZEISS,SmartLife Single Vision 1.67,,Single vision,1.67,Polarised,Freeform,grind,,-12.00,+11.00,-6.00,12.00,sphere,,,,139.73,93.16,L25,DuraVision Plus Sun UV,,ZEISS book p7; Polarised Grey/ Brown/ Pioneer; range confirmed by ZEISS product guide; book $149.05 L20
ZEISS,ZEISS,SmartLife Single Vision 1.67,,Single vision,1.67,AdaptiveSun PhotoFusion,Freeform,grind,,-12.00,+8.00,-6.00,12.00,sphere,,,,165.42,110.28,L25,DuraVision Plus Gold UV,,ZEISS book p7; AdaptiveSun PhotoFusion Grey/ Brown/ Pioneer; range confirmed by ZEISS product guide; book $176.45 L20
ZEISS,ZEISS,SmartLife Single Vision 1.67,,Single vision,1.67,AdaptiveSun PhotoFusion,Freeform,grind,,-12.00,+8.00,-6.00,12.00,sphere,,,,164.86,109.91,L25,DuraVision Plus Platinum UV,,ZEISS book p7; AdaptiveSun PhotoFusion Grey/ Brown/ Pioneer; range confirmed by ZEISS product guide; book $175.85 L20
ZEISS,ZEISS,SmartLife Single Vision 1.67,,Single vision,1.67,AdaptiveSun PhotoFusion,Freeform,grind,,-12.00,+8.00,-6.00,12.00,sphere,,,,162.47,108.31,L25,DuraVision Plus Chrome UV,,ZEISS book p7; AdaptiveSun PhotoFusion Grey/ Brown/ Pioneer; range confirmed by ZEISS product guide; book $173.30 L20
ZEISS,ZEISS,SmartLife Single Vision 1.74,,Single vision,1.74,Clear,Freeform,grind,,-20.00,+16.00,-6.00,20.00,sphere,,,,132.09,88.06,L25,DuraVision Plus Gold UV,,ZEISS book p7; Clear; range confirmed by ZEISS product guide; book $140.90 L20
ZEISS,ZEISS,SmartLife Single Vision 1.74,,Single vision,1.74,Clear,Freeform,grind,,-20.00,+16.00,-6.00,20.00,sphere,,,,131.53,87.69,L25,DuraVision Plus Platinum UV,,ZEISS book p7; Clear; range confirmed by ZEISS product guide; book $140.30 L20
ZEISS,ZEISS,SmartLife Single Vision 1.74,,Single vision,1.74,Clear,Freeform,grind,,-20.00,+16.00,-6.00,20.00,sphere,,,,129.14,86.09,L25,DuraVision Plus Chrome UV,,ZEISS book p7; Clear; range confirmed by ZEISS product guide; book $137.75 L20
ZEISS,ZEISS,SmartLife Single Vision 1.74,,Single vision,1.74,Clear BluePro,Freeform,grind,,-20.00,+16.00,-6.00,20.00,sphere,,,,134.20,89.47,L25,DuraVision Plus Gold UV,,ZEISS book p7; Clear BluePro; range confirmed by ZEISS product guide; book $143.15 L20
ZEISS,ZEISS,SmartLife Single Vision 1.74,,Single vision,1.74,Clear BluePro,Freeform,grind,,-20.00,+16.00,-6.00,20.00,sphere,,,,133.64,89.09,L25,DuraVision Plus Platinum UV,,ZEISS book p7; Clear BluePro; range confirmed by ZEISS product guide; book $142.55 L20
ZEISS,ZEISS,SmartLife Single Vision 1.74,,Single vision,1.74,Clear BluePro,Freeform,grind,,-20.00,+16.00,-6.00,20.00,sphere,,,,131.25,87.50,L25,DuraVision Plus Chrome UV,,ZEISS book p7; Clear BluePro; range confirmed by ZEISS product guide; book $140.00 L20
ZEISS,ZEISS,SmartLife Single Vision 1.74,,Single vision,1.74,PhotoFusionX,Freeform,grind,,-14.00,+9.00,-6.00,14.00,sphere,,,,160.50,107.00,L25,DuraVision Plus Gold UV,,ZEISS book p7; PhotoFusionX Grey/Brown/Extra Grey/Black; range confirmed by ZEISS product guide; book $171.20 L20
ZEISS,ZEISS,SmartLife Single Vision 1.74,,Single vision,1.74,PhotoFusionX,Freeform,grind,,-14.00,+9.00,-6.00,14.00,sphere,,,,159.94,106.62,L25,DuraVision Plus Platinum UV,,ZEISS book p7; PhotoFusionX Grey/Brown/Extra Grey/Black; range confirmed by ZEISS product guide; book $170.60 L20
ZEISS,ZEISS,SmartLife Single Vision 1.74,,Single vision,1.74,PhotoFusionX,Freeform,grind,,-14.00,+9.00,-6.00,14.00,sphere,,,,157.55,105.03,L25,DuraVision Plus Chrome UV,,ZEISS book p7; PhotoFusionX Grey/Brown/Extra Grey/Black; range confirmed by ZEISS product guide; book $168.05 L20
ZEISS,ZEISS,ClearView Single Vision 1.50,,Single vision,1.50,Clear,Freeform,grind,,-8.00,+8.00,-4.00,8.00,sphere,,,,57.66,38.44,L25,DuraVision Plus Gold UV,,ZEISS book p8; Clear; range confirmed by ZEISS product guide; book $61.50 L20
ZEISS,ZEISS,ClearView Single Vision 1.50,,Single vision,1.50,Clear,Freeform,grind,,-8.00,+8.00,-4.00,8.00,sphere,,,,57.09,38.06,L25,DuraVision Plus Platinum UV,,ZEISS book p8; Clear; range confirmed by ZEISS product guide; book $60.90 L20
ZEISS,ZEISS,ClearView Single Vision 1.50,,Single vision,1.50,Clear,Freeform,grind,,-8.00,+8.00,-4.00,8.00,sphere,,,,54.70,36.47,L25,DuraVision Plus Chrome UV,,ZEISS book p8; Clear; range confirmed by ZEISS product guide; book $58.35 L20
ZEISS,ZEISS,ClearView Single Vision 1.50,,Single vision,1.50,Clear,Freeform,grind,,-8.00,+8.00,-4.00,8.00,sphere,,,,29.16,19.44,L25,DSHC hard coat,,ZEISS book p8; Clear; range confirmed by ZEISS product guide; book $31.10 L20
ZEISS,ZEISS,ClearView Single Vision 1.50,,Single vision,1.50,Clear BluePro,Freeform,grind,,-8.00,+8.00,-4.00,8.00,sphere,,,,59.72,39.81,L25,DuraVision Plus Gold UV,,ZEISS book p8; Clear BluePro; range confirmed by ZEISS product guide; book $63.70 L20
ZEISS,ZEISS,ClearView Single Vision 1.50,,Single vision,1.50,Clear BluePro,Freeform,grind,,-8.00,+8.00,-4.00,8.00,sphere,,,,59.16,39.44,L25,DuraVision Plus Platinum UV,,ZEISS book p8; Clear BluePro; range confirmed by ZEISS product guide; book $63.10 L20
ZEISS,ZEISS,ClearView Single Vision 1.50,,Single vision,1.50,Clear BluePro,Freeform,grind,,-8.00,+8.00,-4.00,8.00,sphere,,,,56.77,37.84,L25,DuraVision Plus Chrome UV,,ZEISS book p8; Clear BluePro; range confirmed by ZEISS product guide; book $60.55 L20
ZEISS,ZEISS,ClearView Single Vision 1.50,,Single vision,1.50,PhotoFusionX,Freeform,grind,,-6.00,+6.00,-4.00,6.00,sphere,,,,86.77,57.84,L25,DuraVision Plus Gold UV,,ZEISS book p8; PhotoFusionX Grey/Brown/Pioneer/Extra Grey/Blue/Burgundy/Black; range confirmed by ZEISS product guide; book $92.55 L20
ZEISS,ZEISS,ClearView Single Vision 1.50,,Single vision,1.50,PhotoFusionX,Freeform,grind,,-6.00,+6.00,-4.00,6.00,sphere,,,,86.20,57.47,L25,DuraVision Plus Platinum UV,,ZEISS book p8; PhotoFusionX Grey/Brown/Pioneer/Extra Grey/Blue/Burgundy/Black; range confirmed by ZEISS product guide; book $91.95 L20
ZEISS,ZEISS,ClearView Single Vision 1.50,,Single vision,1.50,PhotoFusionX,Freeform,grind,,-6.00,+6.00,-4.00,6.00,sphere,,,,83.81,55.88,L25,DuraVision Plus Chrome UV,,ZEISS book p8; PhotoFusionX Grey/Brown/Pioneer/Extra Grey/Blue/Burgundy/Black; range confirmed by ZEISS product guide; book $89.40 L20
ZEISS,ZEISS,ClearView Single Vision 1.50,,Single vision,1.50,PhotoFusionX,Freeform,grind,,-6.00,+6.00,-4.00,6.00,sphere,,,,58.27,38.84,L25,DSHC hard coat,,ZEISS book p8; PhotoFusionX Grey/Brown/Pioneer/Extra Grey/Blue/Burgundy/Black; range confirmed by ZEISS product guide; book $62.15 L20
ZEISS,ZEISS,ClearView Single Vision 1.50,,Single vision,1.50,Polarised,Freeform,grind,,-8.00,+8.00,-4.00,8.00,sphere,,,,87.66,58.44,L25,DuraVision Plus Gold UV,,ZEISS book p8; Polarised Grey/ Brown/ Pioneer; range confirmed by ZEISS product guide; book $93.50 L20
ZEISS,ZEISS,ClearView Single Vision 1.50,,Single vision,1.50,Polarised,Freeform,grind,,-8.00,+8.00,-4.00,8.00,sphere,,,,87.09,58.06,L25,DuraVision Plus Platinum UV,,ZEISS book p8; Polarised Grey/ Brown/ Pioneer; range confirmed by ZEISS product guide; book $92.90 L20
ZEISS,ZEISS,ClearView Single Vision 1.50,,Single vision,1.50,Polarised,Freeform,grind,,-8.00,+8.00,-4.00,8.00,sphere,,,,84.70,56.47,L25,DuraVision Plus Chrome UV,,ZEISS book p8; Polarised Grey/ Brown/ Pioneer; range confirmed by ZEISS product guide; book $90.35 L20
ZEISS,ZEISS,ClearView Single Vision 1.50,,Single vision,1.50,Polarised,Freeform,grind,,-8.00,+8.00,-4.00,8.00,sphere,,,,86.11,57.41,L25,DuraVision Plus Sun UV,,ZEISS book p8; Polarised Grey/ Brown/ Pioneer; range confirmed by ZEISS product guide; book $91.85 L20
ZEISS,ZEISS,ClearView Single Vision 1.50,,Single vision,1.50,Polarised,Freeform,grind,,-8.00,+8.00,-4.00,8.00,sphere,,,,59.16,39.44,L25,DSHC hard coat,,ZEISS book p8; Polarised Grey/ Brown/ Pioneer; range confirmed by ZEISS product guide; book $63.10 L20
ZEISS,ZEISS,ClearView Single Vision 1.53,,Single vision,1.53,Clear,Freeform,grind,,-7.00,+7.00,-4.00,7.00,sphere,,,,77.62,51.75,L25,DuraVision Plus Gold UV,,ZEISS book p8; Clear; range confirmed by ZEISS product guide; book $82.80 L20
ZEISS,ZEISS,ClearView Single Vision 1.53,,Single vision,1.53,Clear,Freeform,grind,,-7.00,+7.00,-4.00,7.00,sphere,,,,77.06,51.38,L25,DuraVision Plus Platinum UV,,ZEISS book p8; Clear; range confirmed by ZEISS product guide; book $82.20 L20
ZEISS,ZEISS,ClearView Single Vision 1.53,,Single vision,1.53,Clear,Freeform,grind,,-7.00,+7.00,-4.00,7.00,sphere,,,,74.67,49.78,L25,DuraVision Plus Chrome UV,,ZEISS book p8; Clear; range confirmed by ZEISS product guide; book $79.65 L20
ZEISS,ZEISS,ClearView Single Vision 1.53,,Single vision,1.53,Clear,Freeform,grind,,-7.00,+7.00,-4.00,7.00,sphere,,,,49.12,32.75,L25,DSHC hard coat,,ZEISS book p8; Clear; range confirmed by ZEISS product guide; book $52.40 L20
ZEISS,ZEISS,ClearView Single Vision 1.53,,Single vision,1.53,Polarised,Freeform,grind,,-7.00,+5.00,-4.00,7.00,sphere,,,,107.58,71.72,L25,DuraVision Plus Gold UV,,ZEISS book p8; Polarised Grey/ Brown; range confirmed by ZEISS product guide; book $114.75 L20
ZEISS,ZEISS,ClearView Single Vision 1.53,,Single vision,1.53,Polarised,Freeform,grind,,-7.00,+5.00,-4.00,7.00,sphere,,,,107.02,71.34,L25,DuraVision Plus Platinum UV,,ZEISS book p8; Polarised Grey/ Brown; range confirmed by ZEISS product guide; book $114.15 L20
ZEISS,ZEISS,ClearView Single Vision 1.53,,Single vision,1.53,Polarised,Freeform,grind,,-7.00,+5.00,-4.00,7.00,sphere,,,,104.62,69.75,L25,DuraVision Plus Chrome UV,,ZEISS book p8; Polarised Grey/ Brown; range confirmed by ZEISS product guide; book $111.60 L20
ZEISS,ZEISS,ClearView Single Vision 1.53,,Single vision,1.53,Polarised,Freeform,grind,,-7.00,+5.00,-4.00,7.00,sphere,,,,106.03,70.69,L25,DuraVision Plus Sun UV,,ZEISS book p8; Polarised Grey/ Brown; range confirmed by ZEISS product guide; book $113.10 L20
ZEISS,ZEISS,ClearView Single Vision 1.53,,Single vision,1.53,Polarised,Freeform,grind,,-7.00,+5.00,-4.00,7.00,sphere,,,,79.08,52.72,L25,DSHC hard coat,,ZEISS book p8; Polarised Grey/ Brown; range confirmed by ZEISS product guide; book $84.35 L20
ZEISS,ZEISS,ClearView Single Vision 1.59,,Single vision,1.59,Clear,Freeform,grind,,-10.00,+8.00,-6.00,10.00,sphere,,,,84.28,56.19,L25,DuraVision Plus Gold UV,,ZEISS book p8; Clear; range confirmed by ZEISS product guide; book $89.90 L20
ZEISS,ZEISS,ClearView Single Vision 1.59,,Single vision,1.59,Clear,Freeform,grind,,-10.00,+8.00,-6.00,10.00,sphere,,,,83.72,55.81,L25,DuraVision Plus Platinum UV,,ZEISS book p8; Clear; range confirmed by ZEISS product guide; book $89.30 L20
ZEISS,ZEISS,ClearView Single Vision 1.59,,Single vision,1.59,Clear,Freeform,grind,,-10.00,+8.00,-6.00,10.00,sphere,,,,81.33,54.22,L25,DuraVision Plus Chrome UV,,ZEISS book p8; Clear; range confirmed by ZEISS product guide; book $86.75 L20
ZEISS,ZEISS,ClearView Single Vision 1.59,,Single vision,1.59,Clear,Freeform,grind,,-10.00,+8.00,-6.00,10.00,sphere,,,,55.78,37.19,L25,DSHC hard coat,,ZEISS book p8; Clear; range confirmed by ZEISS product guide; book $59.50 L20
ZEISS,ZEISS,ClearView Single Vision 1.59,,Single vision,1.59,PhotoFusionX,Freeform,grind,,-10.00,+8.00,-6.00,10.00,sphere,,,,113.44,75.62,L25,DuraVision Plus Gold UV,,ZEISS book p8; PhotoFusionX Grey/Brown/Pioneer/Extra Grey/Blue/Burgundy/Black; range confirmed by ZEISS product guide; book $121.00 L20
ZEISS,ZEISS,ClearView Single Vision 1.59,,Single vision,1.59,PhotoFusionX,Freeform,grind,,-10.00,+8.00,-6.00,10.00,sphere,,,,112.88,75.25,L25,DuraVision Plus Platinum UV,,ZEISS book p8; PhotoFusionX Grey/Brown/Pioneer/Extra Grey/Blue/Burgundy/Black; range confirmed by ZEISS product guide; book $120.40 L20
ZEISS,ZEISS,ClearView Single Vision 1.59,,Single vision,1.59,PhotoFusionX,Freeform,grind,,-10.00,+8.00,-6.00,10.00,sphere,,,,110.48,73.66,L25,DuraVision Plus Chrome UV,,ZEISS book p8; PhotoFusionX Grey/Brown/Pioneer/Extra Grey/Blue/Burgundy/Black; range confirmed by ZEISS product guide; book $117.85 L20
ZEISS,ZEISS,ClearView Single Vision 1.59,,Single vision,1.59,PhotoFusionX,Freeform,grind,,-10.00,+8.00,-6.00,10.00,sphere,,,,84.94,56.62,L25,DSHC hard coat,,ZEISS book p8; PhotoFusionX Grey/Brown/Pioneer/Extra Grey/Blue/Burgundy/Black; range confirmed by ZEISS product guide; book $90.60 L20
ZEISS,ZEISS,ClearView Single Vision 1.59,,Single vision,1.59,Polarised,Freeform,grind,,-10.00,+8.00,-4.00,10.00,sphere,,,,114.28,76.19,L25,DuraVision Plus Gold UV,,ZEISS book p8; Polarised Grey/ Brown; range confirmed by ZEISS product guide; book $121.90 L20
ZEISS,ZEISS,ClearView Single Vision 1.59,,Single vision,1.59,Polarised,Freeform,grind,,-10.00,+8.00,-4.00,10.00,sphere,,,,113.72,75.81,L25,DuraVision Plus Platinum UV,,ZEISS book p8; Polarised Grey/ Brown; range confirmed by ZEISS product guide; book $121.30 L20
ZEISS,ZEISS,ClearView Single Vision 1.59,,Single vision,1.59,Polarised,Freeform,grind,,-10.00,+8.00,-4.00,10.00,sphere,,,,111.33,74.22,L25,DuraVision Plus Chrome UV,,ZEISS book p8; Polarised Grey/ Brown; range confirmed by ZEISS product guide; book $118.75 L20
ZEISS,ZEISS,ClearView Single Vision 1.59,,Single vision,1.59,Polarised,Freeform,grind,,-10.00,+8.00,-4.00,10.00,sphere,,,,112.73,75.16,L25,DuraVision Plus Sun UV,,ZEISS book p8; Polarised Grey/ Brown; range confirmed by ZEISS product guide; book $120.25 L20
ZEISS,ZEISS,ClearView Single Vision 1.59,,Single vision,1.59,Polarised,Freeform,grind,,-10.00,+8.00,-4.00,10.00,sphere,,,,85.78,57.19,L25,DSHC hard coat,,ZEISS book p8; Polarised Grey/ Brown; range confirmed by ZEISS product guide; book $91.50 L20
ZEISS,ZEISS,ClearView Single Vision 1.60,,Single vision,1.60,Clear,Freeform,grind,,-11.00,+10.00,-6.00,11.00,sphere,,,,84.28,56.19,L25,DuraVision Plus Gold UV,,ZEISS book p8; Clear; range confirmed by ZEISS product guide; book $89.90 L20
ZEISS,ZEISS,ClearView Single Vision 1.60,,Single vision,1.60,Clear,Freeform,grind,,-11.00,+10.00,-6.00,11.00,sphere,,,,83.72,55.81,L25,DuraVision Plus Platinum UV,,ZEISS book p8; Clear; range confirmed by ZEISS product guide; book $89.30 L20
ZEISS,ZEISS,ClearView Single Vision 1.60,,Single vision,1.60,Clear,Freeform,grind,,-11.00,+10.00,-6.00,11.00,sphere,,,,81.33,54.22,L25,DuraVision Plus Chrome UV,,ZEISS book p8; Clear; range confirmed by ZEISS product guide; book $86.75 L20
ZEISS,ZEISS,ClearView Single Vision 1.60,,Single vision,1.60,Clear,Freeform,grind,,-11.00,+10.00,-6.00,11.00,sphere,,,,55.78,37.19,L25,DSHC hard coat,,ZEISS book p8; Clear; range confirmed by ZEISS product guide; book $59.50 L20
ZEISS,ZEISS,ClearView Single Vision 1.60,,Single vision,1.60,Clear BluePro,Freeform,grind,,-11.00,+10.00,-6.00,11.00,sphere,,,,86.39,57.59,L25,DuraVision Plus Gold UV,,ZEISS book p8; Clear BluePro; range confirmed by ZEISS product guide; book $92.15 L20
ZEISS,ZEISS,ClearView Single Vision 1.60,,Single vision,1.60,Clear BluePro,Freeform,grind,,-11.00,+10.00,-6.00,11.00,sphere,,,,85.83,57.22,L25,DuraVision Plus Platinum UV,,ZEISS book p8; Clear BluePro; range confirmed by ZEISS product guide; book $91.55 L20
ZEISS,ZEISS,ClearView Single Vision 1.60,,Single vision,1.60,Clear BluePro,Freeform,grind,,-11.00,+10.00,-6.00,11.00,sphere,,,,83.44,55.62,L25,DuraVision Plus Chrome UV,,ZEISS book p8; Clear BluePro; range confirmed by ZEISS product guide; book $89.00 L20
ZEISS,ZEISS,ClearView Single Vision 1.60,,Single vision,1.60,PhotoFusionX,Freeform,grind,,-11.00,+10.00,-6.00,11.00,sphere,,,,113.44,75.62,L25,DuraVision Plus Gold UV,,ZEISS book p8; PhotoFusionX Grey/Brown/Pioneer/Extra Grey/Blue/Burgundy/Black; range confirmed by ZEISS product guide; book $121.00 L20
ZEISS,ZEISS,ClearView Single Vision 1.60,,Single vision,1.60,PhotoFusionX,Freeform,grind,,-11.00,+10.00,-6.00,11.00,sphere,,,,112.88,75.25,L25,DuraVision Plus Platinum UV,,ZEISS book p8; PhotoFusionX Grey/Brown/Pioneer/Extra Grey/Blue/Burgundy/Black; range confirmed by ZEISS product guide; book $120.40 L20
ZEISS,ZEISS,ClearView Single Vision 1.60,,Single vision,1.60,PhotoFusionX,Freeform,grind,,-11.00,+10.00,-6.00,11.00,sphere,,,,110.48,73.66,L25,DuraVision Plus Chrome UV,,ZEISS book p8; PhotoFusionX Grey/Brown/Pioneer/Extra Grey/Blue/Burgundy/Black; range confirmed by ZEISS product guide; book $117.85 L20
ZEISS,ZEISS,ClearView Single Vision 1.60,,Single vision,1.60,PhotoFusionX,Freeform,grind,,-11.00,+10.00,-6.00,11.00,sphere,,,,84.94,56.62,L25,DSHC hard coat,,ZEISS book p8; PhotoFusionX Grey/Brown/Pioneer/Extra Grey/Blue/Burgundy/Black; range confirmed by ZEISS product guide; book $90.60 L20
ZEISS,ZEISS,ClearView Single Vision 1.60,,Single vision,1.60,Polarised,Freeform,grind,,-11.50,+8.00,-6.00,11.50,sphere,,,,114.28,76.19,L25,DuraVision Plus Gold UV,,ZEISS book p8; Polarised Grey/ Brown/ Pioneer; range confirmed by ZEISS product guide; book $121.90 L20
ZEISS,ZEISS,ClearView Single Vision 1.60,,Single vision,1.60,Polarised,Freeform,grind,,-11.50,+8.00,-6.00,11.50,sphere,,,,113.72,75.81,L25,DuraVision Plus Platinum UV,,ZEISS book p8; Polarised Grey/ Brown/ Pioneer; range confirmed by ZEISS product guide; book $121.30 L20
ZEISS,ZEISS,ClearView Single Vision 1.60,,Single vision,1.60,Polarised,Freeform,grind,,-11.50,+8.00,-6.00,11.50,sphere,,,,111.33,74.22,L25,DuraVision Plus Chrome UV,,ZEISS book p8; Polarised Grey/ Brown/ Pioneer; range confirmed by ZEISS product guide; book $118.75 L20
ZEISS,ZEISS,ClearView Single Vision 1.60,,Single vision,1.60,Polarised,Freeform,grind,,-11.50,+8.00,-6.00,11.50,sphere,,,,112.73,75.16,L25,DuraVision Plus Sun UV,,ZEISS book p8; Polarised Grey/ Brown/ Pioneer; range confirmed by ZEISS product guide; book $120.25 L20
ZEISS,ZEISS,ClearView Single Vision 1.60,,Single vision,1.60,Polarised,Freeform,grind,,-11.50,+8.00,-6.00,11.50,sphere,,,,85.78,57.19,L25,DSHC hard coat,,ZEISS book p8; Polarised Grey/ Brown/ Pioneer; range confirmed by ZEISS product guide; book $91.50 L20
ZEISS,ZEISS,ClearView Single Vision 1.67,,Single vision,1.67,Clear,Freeform,grind,,-12.00,+11.00,-6.00,12.00,sphere,,,,105.14,70.09,L25,DuraVision Plus Gold UV,,ZEISS book p8; Clear; range confirmed by ZEISS product guide; book $112.15 L20
ZEISS,ZEISS,ClearView Single Vision 1.67,,Single vision,1.67,Clear,Freeform,grind,,-12.00,+11.00,-6.00,12.00,sphere,,,,104.58,69.72,L25,DuraVision Plus Platinum UV,,ZEISS book p8; Clear; range confirmed by ZEISS product guide; book $111.55 L20
ZEISS,ZEISS,ClearView Single Vision 1.67,,Single vision,1.67,Clear,Freeform,grind,,-12.00,+11.00,-6.00,12.00,sphere,,,,102.19,68.12,L25,DuraVision Plus Chrome UV,,ZEISS book p8; Clear; range confirmed by ZEISS product guide; book $109.00 L20
ZEISS,ZEISS,ClearView Single Vision 1.67,,Single vision,1.67,Clear BluePro,Freeform,grind,,-12.00,+11.00,-6.00,12.00,sphere,,,,107.20,71.47,L25,DuraVision Plus Gold UV,,ZEISS book p8; Clear BluePro; range confirmed by ZEISS product guide; book $114.35 L20
ZEISS,ZEISS,ClearView Single Vision 1.67,,Single vision,1.67,Clear BluePro,Freeform,grind,,-12.00,+11.00,-6.00,12.00,sphere,,,,106.64,71.09,L25,DuraVision Plus Platinum UV,,ZEISS book p8; Clear BluePro; range confirmed by ZEISS product guide; book $113.75 L20
ZEISS,ZEISS,ClearView Single Vision 1.67,,Single vision,1.67,Clear BluePro,Freeform,grind,,-12.00,+11.00,-6.00,12.00,sphere,,,,104.25,69.50,L25,DuraVision Plus Chrome UV,,ZEISS book p8; Clear BluePro; range confirmed by ZEISS product guide; book $111.20 L20
ZEISS,ZEISS,ClearView Single Vision 1.67,,Single vision,1.67,PhotoFusionX,Freeform,grind,,-12.00,+8.00,-6.00,12.00,sphere,,,,134.30,89.53,L25,DuraVision Plus Gold UV,,ZEISS book p8; PhotoFusionX Grey/Brown/Pioneer/Extra Grey/Blue/Burgundy/Black; range confirmed by ZEISS product guide; book $143.25 L20
ZEISS,ZEISS,ClearView Single Vision 1.67,,Single vision,1.67,PhotoFusionX,Freeform,grind,,-12.00,+8.00,-6.00,12.00,sphere,,,,133.73,89.16,L25,DuraVision Plus Platinum UV,,ZEISS book p8; PhotoFusionX Grey/Brown/Pioneer/Extra Grey/Blue/Burgundy/Black; range confirmed by ZEISS product guide; book $142.65 L20
ZEISS,ZEISS,ClearView Single Vision 1.67,,Single vision,1.67,PhotoFusionX,Freeform,grind,,-12.00,+8.00,-6.00,12.00,sphere,,,,131.34,87.56,L25,DuraVision Plus Chrome UV,,ZEISS book p8; PhotoFusionX Grey/Brown/Pioneer/Extra Grey/Blue/Burgundy/Black; range confirmed by ZEISS product guide; book $140.10 L20
ZEISS,ZEISS,ClearView Single Vision 1.67,,Single vision,1.67,Polarised,Freeform,grind,,-12.00,+11.00,-6.00,12.00,sphere,,,,135.09,90.06,L25,DuraVision Plus Gold UV,,ZEISS book p8; Polarised Grey/ Brown/ Pioneer; range confirmed by ZEISS product guide; book $144.10 L20
ZEISS,ZEISS,ClearView Single Vision 1.67,,Single vision,1.67,Polarised,Freeform,grind,,-12.00,+11.00,-6.00,12.00,sphere,,,,134.53,89.69,L25,DuraVision Plus Platinum UV,,ZEISS book p8; Polarised Grey/ Brown/ Pioneer; range confirmed by ZEISS product guide; book $143.50 L20
ZEISS,ZEISS,ClearView Single Vision 1.67,,Single vision,1.67,Polarised,Freeform,grind,,-12.00,+11.00,-6.00,12.00,sphere,,,,132.14,88.09,L25,DuraVision Plus Chrome UV,,ZEISS book p8; Polarised Grey/ Brown/ Pioneer; range confirmed by ZEISS product guide; book $140.95 L20
ZEISS,ZEISS,ClearView Single Vision 1.67,,Single vision,1.67,Polarised,Freeform,grind,,-12.00,+11.00,-6.00,12.00,sphere,,,,133.55,89.03,L25,DuraVision Plus Sun UV,,ZEISS book p8; Polarised Grey/ Brown/ Pioneer; range confirmed by ZEISS product guide; book $142.45 L20
ZEISS,ZEISS,ClearView Single Vision 1.74,,Single vision,1.74,Clear,Freeform,grind,,-20.00,+12.50,-6.00,20.00,sphere,,,,125.95,83.97,L25,DuraVision Plus Gold UV,,ZEISS book p8; Clear; range confirmed by ZEISS product guide; book $134.35 L20
ZEISS,ZEISS,ClearView Single Vision 1.74,,Single vision,1.74,Clear,Freeform,grind,,-20.00,+12.50,-6.00,20.00,sphere,,,,125.39,83.59,L25,DuraVision Plus Platinum UV,,ZEISS book p8; Clear; range confirmed by ZEISS product guide; book $133.75 L20
ZEISS,ZEISS,ClearView Single Vision 1.74,,Single vision,1.74,Clear,Freeform,grind,,-20.00,+12.50,-6.00,20.00,sphere,,,,123.00,82.00,L25,DuraVision Plus Chrome UV,,ZEISS book p8; Clear; range confirmed by ZEISS product guide; book $131.20 L20
ZEISS,ZEISS,ClearView Single Vision 1.74,,Single vision,1.74,Clear BluePro,Freeform,grind,,-20.00,+12.50,-6.00,20.00,sphere,,,,128.02,85.34,L25,DuraVision Plus Gold UV,,ZEISS book p8; Clear BluePro; range confirmed by ZEISS product guide; book $136.55 L20
ZEISS,ZEISS,ClearView Single Vision 1.74,,Single vision,1.74,Clear BluePro,Freeform,grind,,-20.00,+12.50,-6.00,20.00,sphere,,,,127.45,84.97,L25,DuraVision Plus Platinum UV,,ZEISS book p8; Clear BluePro; range confirmed by ZEISS product guide; book $135.95 L20
ZEISS,ZEISS,ClearView Single Vision 1.74,,Single vision,1.74,Clear BluePro,Freeform,grind,,-20.00,+12.50,-6.00,20.00,sphere,,,,125.06,83.38,L25,DuraVision Plus Chrome UV,,ZEISS book p8; Clear BluePro; range confirmed by ZEISS product guide; book $133.40 L20
ZEISS,ZEISS,ClearView Single Vision 1.74,,Single vision,1.74,PhotoFusionX,Freeform,grind,,-14.00,+11.25,-6.00,14.00,sphere,,,,155.11,103.41,L25,DuraVision Plus Gold UV,,ZEISS book p8; PhotoFusionX Grey/Brown/Extra Grey/Black; range confirmed by ZEISS product guide; book $165.45 L20
ZEISS,ZEISS,ClearView Single Vision 1.74,,Single vision,1.74,PhotoFusionX,Freeform,grind,,-14.00,+11.25,-6.00,14.00,sphere,,,,154.55,103.03,L25,DuraVision Plus Platinum UV,,ZEISS book p8; PhotoFusionX Grey/Brown/Extra Grey/Black; range confirmed by ZEISS product guide; book $164.85 L20
ZEISS,ZEISS,ClearView Single Vision 1.74,,Single vision,1.74,PhotoFusionX,Freeform,grind,,-14.00,+11.25,-6.00,14.00,sphere,,,,152.16,101.44,L25,DuraVision Plus Chrome UV,,ZEISS book p8; PhotoFusionX Grey/Brown/Extra Grey/Black; range confirmed by ZEISS product guide; book $162.30 L20
ZEISS,ZEISS,ClearMind Digital Individual 3 1.50,,Anti-fatigue,1.50,Clear,Freeform,grind,,-7.00,+6.00,-6.00,7.00,sphere,0.50,1.25,Add 0.50 to 1.25,75.19,50.12,L25,DuraVision Plus Gold UV,,ZEISS book p9; Clear; book $80.20 L20
ZEISS,ZEISS,ClearMind Digital Individual 3 1.50,,Anti-fatigue,1.50,Clear,Freeform,grind,,-7.00,+6.00,-6.00,7.00,sphere,0.50,1.25,Add 0.50 to 1.25,74.62,49.75,L25,DuraVision Plus Platinum UV,,ZEISS book p9; Clear; book $79.60 L20
ZEISS,ZEISS,ClearMind Digital Individual 3 1.50,,Anti-fatigue,1.50,Clear,Freeform,grind,,-7.00,+6.00,-6.00,7.00,sphere,0.50,1.25,Add 0.50 to 1.25,72.23,48.16,L25,DuraVision Plus Chrome UV,,ZEISS book p9; Clear; book $77.05 L20
ZEISS,ZEISS,ClearMind Digital Individual 3 1.50,,Anti-fatigue,1.50,Clear,Freeform,grind,,-7.00,+6.00,-6.00,7.00,sphere,0.50,1.25,Add 0.50 to 1.25,46.69,31.12,L25,DSHC hard coat,,ZEISS book p9; Clear; book $49.80 L20
ZEISS,ZEISS,ClearMind Digital Individual 3 1.50,,Anti-fatigue,1.50,Clear BluePro,Freeform,grind,,-7.00,+6.00,-6.00,7.00,sphere,0.50,1.25,Add 0.50 to 1.25,77.44,51.62,L25,DuraVision Plus Gold UV,,ZEISS book p9; Clear BluePro; book $82.60 L20
ZEISS,ZEISS,ClearMind Digital Individual 3 1.50,,Anti-fatigue,1.50,Clear BluePro,Freeform,grind,,-7.00,+6.00,-6.00,7.00,sphere,0.50,1.25,Add 0.50 to 1.25,76.88,51.25,L25,DuraVision Plus Platinum UV,,ZEISS book p9; Clear BluePro; book $82.00 L20
ZEISS,ZEISS,ClearMind Digital Individual 3 1.50,,Anti-fatigue,1.50,Clear BluePro,Freeform,grind,,-7.00,+6.00,-6.00,7.00,sphere,0.50,1.25,Add 0.50 to 1.25,74.48,49.66,L25,DuraVision Plus Chrome UV,,ZEISS book p9; Clear BluePro; book $79.45 L20
ZEISS,ZEISS,ClearMind Digital Individual 3 1.50,,Anti-fatigue,1.50,PhotoFusionX,Freeform,grind,,-7.00,+5.00,-4.00,7.00,sphere,0.50,1.25,Add 0.50 to 1.25,106.03,70.69,L25,DuraVision Plus Gold UV,,ZEISS book p9; PhotoFusionX Grey/Brown/Pioneer/Extra Grey/Blue/Burgundy/Black; book $113.10 L20
ZEISS,ZEISS,ClearMind Digital Individual 3 1.50,,Anti-fatigue,1.50,PhotoFusionX,Freeform,grind,,-7.00,+5.00,-4.00,7.00,sphere,0.50,1.25,Add 0.50 to 1.25,105.47,70.31,L25,DuraVision Plus Platinum UV,,ZEISS book p9; PhotoFusionX Grey/Brown/Pioneer/Extra Grey/Blue/Burgundy/Black; book $112.50 L20
ZEISS,ZEISS,ClearMind Digital Individual 3 1.50,,Anti-fatigue,1.50,PhotoFusionX,Freeform,grind,,-7.00,+5.00,-4.00,7.00,sphere,0.50,1.25,Add 0.50 to 1.25,103.08,68.72,L25,DuraVision Plus Chrome UV,,ZEISS book p9; PhotoFusionX Grey/Brown/Pioneer/Extra Grey/Blue/Burgundy/Black; book $109.95 L20
ZEISS,ZEISS,ClearMind Digital Individual 3 1.50,,Anti-fatigue,1.50,PhotoFusionX,Freeform,grind,,-7.00,+5.00,-4.00,7.00,sphere,0.50,1.25,Add 0.50 to 1.25,77.53,51.69,L25,DSHC hard coat,,ZEISS book p9; PhotoFusionX Grey/Brown/Pioneer/Extra Grey/Blue/Burgundy/Black; book $82.70 L20
ZEISS,ZEISS,ClearMind Digital Individual 3 1.50,,Anti-fatigue,1.50,Polarised,Freeform,grind,,-8.00,+5.00,-4.00,8.00,sphere,0.50,1.25,Add 0.50 to 1.25,106.97,71.31,L25,DuraVision Plus Gold UV,,ZEISS book p9; Polarised Grey/ Brown/ Pioneer; book $114.10 L20
ZEISS,ZEISS,ClearMind Digital Individual 3 1.50,,Anti-fatigue,1.50,Polarised,Freeform,grind,,-8.00,+5.00,-4.00,8.00,sphere,0.50,1.25,Add 0.50 to 1.25,106.41,70.94,L25,DuraVision Plus Platinum UV,,ZEISS book p9; Polarised Grey/ Brown/ Pioneer; book $113.50 L20
ZEISS,ZEISS,ClearMind Digital Individual 3 1.50,,Anti-fatigue,1.50,Polarised,Freeform,grind,,-8.00,+5.00,-4.00,8.00,sphere,0.50,1.25,Add 0.50 to 1.25,104.02,69.34,L25,DuraVision Plus Chrome UV,,ZEISS book p9; Polarised Grey/ Brown/ Pioneer; book $110.95 L20
ZEISS,ZEISS,ClearMind Digital Individual 3 1.50,,Anti-fatigue,1.50,Polarised,Freeform,grind,,-8.00,+5.00,-4.00,8.00,sphere,0.50,1.25,Add 0.50 to 1.25,105.42,70.28,L25,DuraVision Plus Sun UV,,ZEISS book p9; Polarised Grey/ Brown/ Pioneer; book $112.45 L20
ZEISS,ZEISS,ClearMind Digital Individual 3 1.50,,Anti-fatigue,1.50,Polarised,Freeform,grind,,-8.00,+5.00,-4.00,8.00,sphere,0.50,1.25,Add 0.50 to 1.25,78.47,52.31,L25,DSHC hard coat,,ZEISS book p9; Polarised Grey/ Brown/ Pioneer; book $83.70 L20
ZEISS,ZEISS,ClearMind Digital Individual 3 1.50,,Anti-fatigue,1.50,AdaptiveSun PhotoFusion,Freeform,grind,,-7.00,+5.00,-4.00,7.00,sphere,0.50,1.25,Add 0.50 to 1.25,132.47,88.31,L25,DuraVision Plus Gold UV,,ZEISS book p9; AdaptiveSun PhotoFusion Grey/ Brown/ Pioneer/Blue; book $141.30 L20
ZEISS,ZEISS,ClearMind Digital Individual 3 1.50,,Anti-fatigue,1.50,AdaptiveSun PhotoFusion,Freeform,grind,,-7.00,+5.00,-4.00,7.00,sphere,0.50,1.25,Add 0.50 to 1.25,131.91,87.94,L25,DuraVision Plus Platinum UV,,ZEISS book p9; AdaptiveSun PhotoFusion Grey/ Brown/ Pioneer/Blue; book $140.70 L20
ZEISS,ZEISS,ClearMind Digital Individual 3 1.50,,Anti-fatigue,1.50,AdaptiveSun PhotoFusion,Freeform,grind,,-7.00,+5.00,-4.00,7.00,sphere,0.50,1.25,Add 0.50 to 1.25,129.52,86.34,L25,DuraVision Plus Chrome UV,,ZEISS book p9; AdaptiveSun PhotoFusion Grey/ Brown/ Pioneer/Blue; book $138.15 L20
ZEISS,ZEISS,ClearMind Digital Individual 3 1.50,,Anti-fatigue,1.50,AdaptiveSun PhotoFusion,Freeform,grind,,-7.00,+5.00,-4.00,7.00,sphere,0.50,1.25,Add 0.50 to 1.25,103.97,69.31,L25,DSHC hard coat,,ZEISS book p9; AdaptiveSun PhotoFusion Grey/ Brown/ Pioneer/Blue; book $110.90 L20
ZEISS,ZEISS,ClearMind Digital Individual 3 1.50,,Anti-fatigue,1.50,AdaptiveSun Polarised,Freeform,grind,,-8.00,+5.00,-4.00,8.00,sphere,0.50,1.25,Add 0.50 to 1.25,135.14,90.09,L25,DuraVision Plus Gold UV,,ZEISS book p9; AdaptiveSun Polarised Grey/ Brown/ Pioneer; book $144.15 L20
ZEISS,ZEISS,ClearMind Digital Individual 3 1.50,,Anti-fatigue,1.50,AdaptiveSun Polarised,Freeform,grind,,-8.00,+5.00,-4.00,8.00,sphere,0.50,1.25,Add 0.50 to 1.25,134.58,89.72,L25,DuraVision Plus Platinum UV,,ZEISS book p9; AdaptiveSun Polarised Grey/ Brown/ Pioneer; book $143.55 L20
ZEISS,ZEISS,ClearMind Digital Individual 3 1.50,,Anti-fatigue,1.50,AdaptiveSun Polarised,Freeform,grind,,-8.00,+5.00,-4.00,8.00,sphere,0.50,1.25,Add 0.50 to 1.25,132.19,88.12,L25,DuraVision Plus Chrome UV,,ZEISS book p9; AdaptiveSun Polarised Grey/ Brown/ Pioneer; book $141.00 L20
ZEISS,ZEISS,ClearMind Digital Individual 3 1.50,,Anti-fatigue,1.50,AdaptiveSun Polarised,Freeform,grind,,-8.00,+5.00,-4.00,8.00,sphere,0.50,1.25,Add 0.50 to 1.25,133.59,89.06,L25,DuraVision Plus Sun UV,,ZEISS book p9; AdaptiveSun Polarised Grey/ Brown/ Pioneer; book $142.50 L20
ZEISS,ZEISS,ClearMind Digital Individual 3 1.50,,Anti-fatigue,1.50,AdaptiveSun Polarised,Freeform,grind,,-8.00,+5.00,-4.00,8.00,sphere,0.50,1.25,Add 0.50 to 1.25,106.64,71.09,L25,DSHC hard coat,,ZEISS book p9; AdaptiveSun Polarised Grey/ Brown/ Pioneer; book $113.75 L20
ZEISS,ZEISS,ClearMind Digital Individual 3 1.53,,Anti-fatigue,1.53,Clear,Freeform,grind,,-7.00,+5.00,-4.00,7.00,sphere,0.50,1.25,Add 0.50 to 1.25,96.38,64.25,L25,DuraVision Plus Gold UV,,ZEISS book p9; Clear; book $102.80 L20
ZEISS,ZEISS,ClearMind Digital Individual 3 1.53,,Anti-fatigue,1.53,Clear,Freeform,grind,,-7.00,+5.00,-4.00,7.00,sphere,0.50,1.25,Add 0.50 to 1.25,95.81,63.88,L25,DuraVision Plus Platinum UV,,ZEISS book p9; Clear; book $102.20 L20
ZEISS,ZEISS,ClearMind Digital Individual 3 1.53,,Anti-fatigue,1.53,Clear,Freeform,grind,,-7.00,+5.00,-4.00,7.00,sphere,0.50,1.25,Add 0.50 to 1.25,93.42,62.28,L25,DuraVision Plus Chrome UV,,ZEISS book p9; Clear; book $99.65 L20
ZEISS,ZEISS,ClearMind Digital Individual 3 1.53,,Anti-fatigue,1.53,Clear,Freeform,grind,,-7.00,+5.00,-4.00,7.00,sphere,0.50,1.25,Add 0.50 to 1.25,67.88,45.25,L25,DSHC hard coat,,ZEISS book p9; Clear; book $72.40 L20
ZEISS,ZEISS,ClearMind Digital Individual 3 1.53,,Anti-fatigue,1.53,Polarised,Freeform,grind,,-7.00,+5.00,-4.00,7.00,sphere,0.50,1.25,Add 0.50 to 1.25,128.16,85.44,L25,DuraVision Plus Gold UV,,ZEISS book p9; Polarised Grey/ Brown; book $136.70 L20
ZEISS,ZEISS,ClearMind Digital Individual 3 1.53,,Anti-fatigue,1.53,Polarised,Freeform,grind,,-7.00,+5.00,-4.00,7.00,sphere,0.50,1.25,Add 0.50 to 1.25,127.59,85.06,L25,DuraVision Plus Platinum UV,,ZEISS book p9; Polarised Grey/ Brown; book $136.10 L20
ZEISS,ZEISS,ClearMind Digital Individual 3 1.53,,Anti-fatigue,1.53,Polarised,Freeform,grind,,-7.00,+5.00,-4.00,7.00,sphere,0.50,1.25,Add 0.50 to 1.25,125.20,83.47,L25,DuraVision Plus Chrome UV,,ZEISS book p9; Polarised Grey/ Brown; book $133.55 L20
ZEISS,ZEISS,ClearMind Digital Individual 3 1.53,,Anti-fatigue,1.53,Polarised,Freeform,grind,,-7.00,+5.00,-4.00,7.00,sphere,0.50,1.25,Add 0.50 to 1.25,126.61,84.41,L25,DuraVision Plus Sun UV,,ZEISS book p9; Polarised Grey/ Brown; book $135.05 L20
ZEISS,ZEISS,ClearMind Digital Individual 3 1.53,,Anti-fatigue,1.53,Polarised,Freeform,grind,,-7.00,+5.00,-4.00,7.00,sphere,0.50,1.25,Add 0.50 to 1.25,99.66,66.44,L25,DSHC hard coat,,ZEISS book p9; Polarised Grey/ Brown; book $106.30 L20
ZEISS,ZEISS,ClearMind Digital Individual 3 1.59,,Anti-fatigue,1.59,Clear,Freeform,grind,,-10.00,+6.00,-6.00,10.00,sphere,0.50,1.25,Add 0.50 to 1.25,103.45,68.97,L25,DuraVision Plus Gold UV,,ZEISS book p9; Clear; book $110.35 L20
ZEISS,ZEISS,ClearMind Digital Individual 3 1.59,,Anti-fatigue,1.59,Clear,Freeform,grind,,-10.00,+6.00,-6.00,10.00,sphere,0.50,1.25,Add 0.50 to 1.25,102.89,68.59,L25,DuraVision Plus Platinum UV,,ZEISS book p9; Clear; book $109.75 L20
ZEISS,ZEISS,ClearMind Digital Individual 3 1.59,,Anti-fatigue,1.59,Clear,Freeform,grind,,-10.00,+6.00,-6.00,10.00,sphere,0.50,1.25,Add 0.50 to 1.25,100.50,67.00,L25,DuraVision Plus Chrome UV,,ZEISS book p9; Clear; book $107.20 L20
ZEISS,ZEISS,ClearMind Digital Individual 3 1.59,,Anti-fatigue,1.59,Clear,Freeform,grind,,-10.00,+6.00,-6.00,10.00,sphere,0.50,1.25,Add 0.50 to 1.25,74.95,49.97,L25,DSHC hard coat,,ZEISS book p9; Clear; book $79.95 L20
ZEISS,ZEISS,ClearMind Digital Individual 3 1.59,,Anti-fatigue,1.59,PhotoFusionX,Freeform,grind,,-10.00,+6.00,-6.00,10.00,sphere,0.50,1.25,Add 0.50 to 1.25,134.34,89.56,L25,DuraVision Plus Gold UV,,ZEISS book p9; PhotoFusionX Grey/Brown/Pioneer/Extra Grey/Blue/Burgundy/Black; book $143.30 L20
ZEISS,ZEISS,ClearMind Digital Individual 3 1.59,,Anti-fatigue,1.59,PhotoFusionX,Freeform,grind,,-10.00,+6.00,-6.00,10.00,sphere,0.50,1.25,Add 0.50 to 1.25,133.78,89.19,L25,DuraVision Plus Platinum UV,,ZEISS book p9; PhotoFusionX Grey/Brown/Pioneer/Extra Grey/Blue/Burgundy/Black; book $142.70 L20
ZEISS,ZEISS,ClearMind Digital Individual 3 1.59,,Anti-fatigue,1.59,PhotoFusionX,Freeform,grind,,-10.00,+6.00,-6.00,10.00,sphere,0.50,1.25,Add 0.50 to 1.25,131.39,87.59,L25,DuraVision Plus Chrome UV,,ZEISS book p9; PhotoFusionX Grey/Brown/Pioneer/Extra Grey/Blue/Burgundy/Black; book $140.15 L20
ZEISS,ZEISS,ClearMind Digital Individual 3 1.59,,Anti-fatigue,1.59,PhotoFusionX,Freeform,grind,,-10.00,+6.00,-6.00,10.00,sphere,0.50,1.25,Add 0.50 to 1.25,105.84,70.56,L25,DSHC hard coat,,ZEISS book p9; PhotoFusionX Grey/Brown/Pioneer/Extra Grey/Blue/Burgundy/Black; book $112.90 L20
ZEISS,ZEISS,ClearMind Digital Individual 3 1.59,,Anti-fatigue,1.59,Polarised,Freeform,grind,,-10.00,+6.00,-4.00,10.00,sphere,0.50,1.25,Add 0.50 to 1.25,135.19,90.12,L25,DuraVision Plus Gold UV,,ZEISS book p9; Polarised Grey/ Brown; book $144.20 L20
ZEISS,ZEISS,ClearMind Digital Individual 3 1.59,,Anti-fatigue,1.59,Polarised,Freeform,grind,,-10.00,+6.00,-4.00,10.00,sphere,0.50,1.25,Add 0.50 to 1.25,134.62,89.75,L25,DuraVision Plus Platinum UV,,ZEISS book p9; Polarised Grey/ Brown; book $143.60 L20
ZEISS,ZEISS,ClearMind Digital Individual 3 1.59,,Anti-fatigue,1.59,Polarised,Freeform,grind,,-10.00,+6.00,-4.00,10.00,sphere,0.50,1.25,Add 0.50 to 1.25,132.23,88.16,L25,DuraVision Plus Chrome UV,,ZEISS book p9; Polarised Grey/ Brown; book $141.05 L20
ZEISS,ZEISS,ClearMind Digital Individual 3 1.59,,Anti-fatigue,1.59,Polarised,Freeform,grind,,-10.00,+6.00,-4.00,10.00,sphere,0.50,1.25,Add 0.50 to 1.25,133.64,89.09,L25,DuraVision Plus Sun UV,,ZEISS book p9; Polarised Grey/ Brown; book $142.55 L20
ZEISS,ZEISS,ClearMind Digital Individual 3 1.59,,Anti-fatigue,1.59,Polarised,Freeform,grind,,-10.00,+6.00,-4.00,10.00,sphere,0.50,1.25,Add 0.50 to 1.25,106.69,71.12,L25,DSHC hard coat,,ZEISS book p9; Polarised Grey/ Brown; book $113.80 L20
ZEISS,ZEISS,ClearMind Digital Individual 3 1.60,,Anti-fatigue,1.60,Clear,Freeform,grind,,-10.00,+10.00,-6.00,10.00,sphere,0.50,1.25,Add 0.50 to 1.25,103.45,68.97,L25,DuraVision Plus Gold UV,,ZEISS book p9; Clear; book $110.35 L20
ZEISS,ZEISS,ClearMind Digital Individual 3 1.60,,Anti-fatigue,1.60,Clear,Freeform,grind,,-10.00,+10.00,-6.00,10.00,sphere,0.50,1.25,Add 0.50 to 1.25,102.89,68.59,L25,DuraVision Plus Platinum UV,,ZEISS book p9; Clear; book $109.75 L20
ZEISS,ZEISS,ClearMind Digital Individual 3 1.60,,Anti-fatigue,1.60,Clear,Freeform,grind,,-10.00,+10.00,-6.00,10.00,sphere,0.50,1.25,Add 0.50 to 1.25,100.50,67.00,L25,DuraVision Plus Chrome UV,,ZEISS book p9; Clear; book $107.20 L20
ZEISS,ZEISS,ClearMind Digital Individual 3 1.60,,Anti-fatigue,1.60,Clear,Freeform,grind,,-10.00,+10.00,-6.00,10.00,sphere,0.50,1.25,Add 0.50 to 1.25,74.95,49.97,L25,DSHC hard coat,,ZEISS book p9; Clear; book $79.95 L20
ZEISS,ZEISS,ClearMind Digital Individual 3 1.60,,Anti-fatigue,1.60,Clear BluePro,Freeform,grind,,-10.00,+10.00,-6.00,10.00,sphere,0.50,1.25,Add 0.50 to 1.25,105.66,70.44,L25,DuraVision Plus Gold UV,,ZEISS book p9; Clear BluePro; book $112.70 L20
ZEISS,ZEISS,ClearMind Digital Individual 3 1.60,,Anti-fatigue,1.60,Clear BluePro,Freeform,grind,,-10.00,+10.00,-6.00,10.00,sphere,0.50,1.25,Add 0.50 to 1.25,105.09,70.06,L25,DuraVision Plus Platinum UV,,ZEISS book p9; Clear BluePro; book $112.10 L20
ZEISS,ZEISS,ClearMind Digital Individual 3 1.60,,Anti-fatigue,1.60,Clear BluePro,Freeform,grind,,-10.00,+10.00,-6.00,10.00,sphere,0.50,1.25,Add 0.50 to 1.25,102.70,68.47,L25,DuraVision Plus Chrome UV,,ZEISS book p9; Clear BluePro; book $109.55 L20
ZEISS,ZEISS,ClearMind Digital Individual 3 1.60,,Anti-fatigue,1.60,PhotoFusionX,Freeform,grind,,-10.00,+6.00,-6.00,10.00,sphere,0.50,1.25,Add 0.50 to 1.25,134.34,89.56,L25,DuraVision Plus Gold UV,,ZEISS book p9; PhotoFusionX Grey/Brown/Pioneer/Extra Grey/Blue/Burgundy/Black; book $143.30 L20
ZEISS,ZEISS,ClearMind Digital Individual 3 1.60,,Anti-fatigue,1.60,PhotoFusionX,Freeform,grind,,-10.00,+6.00,-6.00,10.00,sphere,0.50,1.25,Add 0.50 to 1.25,133.78,89.19,L25,DuraVision Plus Platinum UV,,ZEISS book p9; PhotoFusionX Grey/Brown/Pioneer/Extra Grey/Blue/Burgundy/Black; book $142.70 L20
ZEISS,ZEISS,ClearMind Digital Individual 3 1.60,,Anti-fatigue,1.60,PhotoFusionX,Freeform,grind,,-10.00,+6.00,-6.00,10.00,sphere,0.50,1.25,Add 0.50 to 1.25,131.39,87.59,L25,DuraVision Plus Chrome UV,,ZEISS book p9; PhotoFusionX Grey/Brown/Pioneer/Extra Grey/Blue/Burgundy/Black; book $140.15 L20
ZEISS,ZEISS,ClearMind Digital Individual 3 1.60,,Anti-fatigue,1.60,PhotoFusionX,Freeform,grind,,-10.00,+6.00,-6.00,10.00,sphere,0.50,1.25,Add 0.50 to 1.25,105.84,70.56,L25,DSHC hard coat,,ZEISS book p9; PhotoFusionX Grey/Brown/Pioneer/Extra Grey/Blue/Burgundy/Black; book $112.90 L20
ZEISS,ZEISS,ClearMind Digital Individual 3 1.60,,Anti-fatigue,1.60,Polarised,Freeform,grind,,-11.00,+6.00,-6.00,11.00,sphere,0.50,1.25,Add 0.50 to 1.25,135.19,90.12,L25,DuraVision Plus Gold UV,,ZEISS book p9; Polarised Grey/ Brown/ Pioneer; book $144.20 L20
ZEISS,ZEISS,ClearMind Digital Individual 3 1.60,,Anti-fatigue,1.60,Polarised,Freeform,grind,,-11.00,+6.00,-6.00,11.00,sphere,0.50,1.25,Add 0.50 to 1.25,134.62,89.75,L25,DuraVision Plus Platinum UV,,ZEISS book p9; Polarised Grey/ Brown/ Pioneer; book $143.60 L20
ZEISS,ZEISS,ClearMind Digital Individual 3 1.60,,Anti-fatigue,1.60,Polarised,Freeform,grind,,-11.00,+6.00,-6.00,11.00,sphere,0.50,1.25,Add 0.50 to 1.25,132.23,88.16,L25,DuraVision Plus Chrome UV,,ZEISS book p9; Polarised Grey/ Brown/ Pioneer; book $141.05 L20
ZEISS,ZEISS,ClearMind Digital Individual 3 1.60,,Anti-fatigue,1.60,Polarised,Freeform,grind,,-11.00,+6.00,-6.00,11.00,sphere,0.50,1.25,Add 0.50 to 1.25,133.64,89.09,L25,DuraVision Plus Sun UV,,ZEISS book p9; Polarised Grey/ Brown/ Pioneer; book $142.55 L20
ZEISS,ZEISS,ClearMind Digital Individual 3 1.60,,Anti-fatigue,1.60,Polarised,Freeform,grind,,-11.00,+6.00,-6.00,11.00,sphere,0.50,1.25,Add 0.50 to 1.25,106.69,71.12,L25,DSHC hard coat,,ZEISS book p9; Polarised Grey/ Brown/ Pioneer; book $113.80 L20
ZEISS,ZEISS,ClearMind Digital Individual 3 1.60,,Anti-fatigue,1.60,AdaptiveSun PhotoFusion,Freeform,grind,,-10.00,+6.00,-6.00,10.00,sphere,0.50,1.25,Add 0.50 to 1.25,160.78,107.19,L25,DuraVision Plus Gold UV,,ZEISS book p9; AdaptiveSun PhotoFusion Grey/ Brown/ Pioneer/Blue; book $171.50 L20
ZEISS,ZEISS,ClearMind Digital Individual 3 1.60,,Anti-fatigue,1.60,AdaptiveSun PhotoFusion,Freeform,grind,,-10.00,+6.00,-6.00,10.00,sphere,0.50,1.25,Add 0.50 to 1.25,160.22,106.81,L25,DuraVision Plus Platinum UV,,ZEISS book p9; AdaptiveSun PhotoFusion Grey/ Brown/ Pioneer/Blue; book $170.90 L20
ZEISS,ZEISS,ClearMind Digital Individual 3 1.60,,Anti-fatigue,1.60,AdaptiveSun PhotoFusion,Freeform,grind,,-10.00,+6.00,-6.00,10.00,sphere,0.50,1.25,Add 0.50 to 1.25,157.83,105.22,L25,DuraVision Plus Chrome UV,,ZEISS book p9; AdaptiveSun PhotoFusion Grey/ Brown/ Pioneer/Blue; book $168.35 L20
ZEISS,ZEISS,ClearMind Digital Individual 3 1.60,,Anti-fatigue,1.60,AdaptiveSun PhotoFusion,Freeform,grind,,-10.00,+6.00,-6.00,10.00,sphere,0.50,1.25,Add 0.50 to 1.25,132.28,88.19,L25,DSHC hard coat,,ZEISS book p9; AdaptiveSun PhotoFusion Grey/ Brown/ Pioneer/Blue; book $141.10 L20
ZEISS,ZEISS,ClearMind Digital Individual 3 1.60,,Anti-fatigue,1.60,AdaptiveSun Polarised,Freeform,grind,,-11.00,+6.00,-6.00,11.00,sphere,0.50,1.25,Add 0.50 to 1.25,163.41,108.94,L25,DuraVision Plus Gold UV,,ZEISS book p9; AdaptiveSun Polarised Grey/ Brown/ Pioneer; book $174.30 L20
ZEISS,ZEISS,ClearMind Digital Individual 3 1.60,,Anti-fatigue,1.60,AdaptiveSun Polarised,Freeform,grind,,-11.00,+6.00,-6.00,11.00,sphere,0.50,1.25,Add 0.50 to 1.25,162.84,108.56,L25,DuraVision Plus Platinum UV,,ZEISS book p9; AdaptiveSun Polarised Grey/ Brown/ Pioneer; book $173.70 L20
ZEISS,ZEISS,ClearMind Digital Individual 3 1.60,,Anti-fatigue,1.60,AdaptiveSun Polarised,Freeform,grind,,-11.00,+6.00,-6.00,11.00,sphere,0.50,1.25,Add 0.50 to 1.25,160.45,106.97,L25,DuraVision Plus Chrome UV,,ZEISS book p9; AdaptiveSun Polarised Grey/ Brown/ Pioneer; book $171.15 L20
ZEISS,ZEISS,ClearMind Digital Individual 3 1.60,,Anti-fatigue,1.60,AdaptiveSun Polarised,Freeform,grind,,-11.00,+6.00,-6.00,11.00,sphere,0.50,1.25,Add 0.50 to 1.25,161.86,107.91,L25,DuraVision Plus Sun UV,,ZEISS book p9; AdaptiveSun Polarised Grey/ Brown/ Pioneer; book $172.65 L20
ZEISS,ZEISS,ClearMind Digital Individual 3 1.60,,Anti-fatigue,1.60,AdaptiveSun Polarised,Freeform,grind,,-11.00,+6.00,-6.00,11.00,sphere,0.50,1.25,Add 0.50 to 1.25,134.91,89.94,L25,DSHC hard coat,,ZEISS book p9; AdaptiveSun Polarised Grey/ Brown/ Pioneer; book $143.90 L20
ZEISS,ZEISS,ClearMind Digital Individual 3 1.67,,Anti-fatigue,1.67,Clear,Freeform,grind,,-17.00,+8.00,-6.00,17.00,sphere,0.50,1.25,Add 0.50 to 1.25,125.48,83.66,L25,DuraVision Plus Gold UV,,ZEISS book p9; Clear; book $133.85 L20
ZEISS,ZEISS,ClearMind Digital Individual 3 1.67,,Anti-fatigue,1.67,Clear,Freeform,grind,,-17.00,+8.00,-6.00,17.00,sphere,0.50,1.25,Add 0.50 to 1.25,124.92,83.28,L25,DuraVision Plus Platinum UV,,ZEISS book p9; Clear; book $133.25 L20
ZEISS,ZEISS,ClearMind Digital Individual 3 1.67,,Anti-fatigue,1.67,Clear,Freeform,grind,,-17.00,+8.00,-6.00,17.00,sphere,0.50,1.25,Add 0.50 to 1.25,122.53,81.69,L25,DuraVision Plus Chrome UV,,ZEISS book p9; Clear; book $130.70 L20
ZEISS,ZEISS,ClearMind Digital Individual 3 1.67,,Anti-fatigue,1.67,Clear BluePro,Freeform,grind,,-17.00,+8.00,-6.00,17.00,sphere,0.50,1.25,Add 0.50 to 1.25,127.64,85.09,L25,DuraVision Plus Gold UV,,ZEISS book p9; Clear BluePro; book $136.15 L20
ZEISS,ZEISS,ClearMind Digital Individual 3 1.67,,Anti-fatigue,1.67,Clear BluePro,Freeform,grind,,-17.00,+8.00,-6.00,17.00,sphere,0.50,1.25,Add 0.50 to 1.25,127.08,84.72,L25,DuraVision Plus Platinum UV,,ZEISS book p9; Clear BluePro; book $135.55 L20
ZEISS,ZEISS,ClearMind Digital Individual 3 1.67,,Anti-fatigue,1.67,Clear BluePro,Freeform,grind,,-17.00,+8.00,-6.00,17.00,sphere,0.50,1.25,Add 0.50 to 1.25,124.69,83.12,L25,DuraVision Plus Chrome UV,,ZEISS book p9; Clear BluePro; book $133.00 L20
ZEISS,ZEISS,ClearMind Digital Individual 3 1.67,,Anti-fatigue,1.67,PhotoFusionX,Freeform,grind,,-12.00,+8.00,-6.00,12.00,sphere,0.50,1.25,Add 0.50 to 1.25,156.33,104.22,L25,DuraVision Plus Gold UV,,ZEISS book p9; PhotoFusionX Grey/Brown/Pioneer/Extra Grey/Blue/Burgundy/Black; book $166.75 L20
ZEISS,ZEISS,ClearMind Digital Individual 3 1.67,,Anti-fatigue,1.67,PhotoFusionX,Freeform,grind,,-12.00,+8.00,-6.00,12.00,sphere,0.50,1.25,Add 0.50 to 1.25,155.77,103.84,L25,DuraVision Plus Platinum UV,,ZEISS book p9; PhotoFusionX Grey/Brown/Pioneer/Extra Grey/Blue/Burgundy/Black; book $166.15 L20
ZEISS,ZEISS,ClearMind Digital Individual 3 1.67,,Anti-fatigue,1.67,PhotoFusionX,Freeform,grind,,-12.00,+8.00,-6.00,12.00,sphere,0.50,1.25,Add 0.50 to 1.25,153.38,102.25,L25,DuraVision Plus Chrome UV,,ZEISS book p9; PhotoFusionX Grey/Brown/Pioneer/Extra Grey/Blue/Burgundy/Black; book $163.60 L20
ZEISS,ZEISS,ClearMind Digital Individual 3 1.67,,Anti-fatigue,1.67,Polarised,Freeform,grind,,-12.00,+8.00,-6.00,12.00,sphere,0.50,1.25,Add 0.50 to 1.25,157.22,104.81,L25,DuraVision Plus Gold UV,,ZEISS book p9; Polarised Grey/ Brown/ Pioneer; book $167.70 L20
ZEISS,ZEISS,ClearMind Digital Individual 3 1.67,,Anti-fatigue,1.67,Polarised,Freeform,grind,,-12.00,+8.00,-6.00,12.00,sphere,0.50,1.25,Add 0.50 to 1.25,156.66,104.44,L25,DuraVision Plus Platinum UV,,ZEISS book p9; Polarised Grey/ Brown/ Pioneer; book $167.10 L20
ZEISS,ZEISS,ClearMind Digital Individual 3 1.67,,Anti-fatigue,1.67,Polarised,Freeform,grind,,-12.00,+8.00,-6.00,12.00,sphere,0.50,1.25,Add 0.50 to 1.25,154.27,102.84,L25,DuraVision Plus Chrome UV,,ZEISS book p9; Polarised Grey/ Brown/ Pioneer; book $164.55 L20
ZEISS,ZEISS,ClearMind Digital Individual 3 1.67,,Anti-fatigue,1.67,Polarised,Freeform,grind,,-12.00,+8.00,-6.00,12.00,sphere,0.50,1.25,Add 0.50 to 1.25,155.67,103.78,L25,DuraVision Plus Sun UV,,ZEISS book p9; Polarised Grey/ Brown/ Pioneer; book $166.05 L20
ZEISS,ZEISS,ClearMind Digital Individual 3 1.67,,Anti-fatigue,1.67,AdaptiveSun PhotoFusion,Freeform,grind,,-12.00,+8.00,-6.00,12.00,sphere,0.50,1.25,Add 0.50 to 1.25,182.77,121.84,L25,DuraVision Plus Gold UV,,ZEISS book p9; AdaptiveSun PhotoFusion Grey/ Brown/ Pioneer; book $194.95 L20
ZEISS,ZEISS,ClearMind Digital Individual 3 1.67,,Anti-fatigue,1.67,AdaptiveSun PhotoFusion,Freeform,grind,,-12.00,+8.00,-6.00,12.00,sphere,0.50,1.25,Add 0.50 to 1.25,182.20,121.47,L25,DuraVision Plus Platinum UV,,ZEISS book p9; AdaptiveSun PhotoFusion Grey/ Brown/ Pioneer; book $194.35 L20
ZEISS,ZEISS,ClearMind Digital Individual 3 1.67,,Anti-fatigue,1.67,AdaptiveSun PhotoFusion,Freeform,grind,,-12.00,+8.00,-6.00,12.00,sphere,0.50,1.25,Add 0.50 to 1.25,179.81,119.88,L25,DuraVision Plus Chrome UV,,ZEISS book p9; AdaptiveSun PhotoFusion Grey/ Brown/ Pioneer; book $191.80 L20
ZEISS,ZEISS,ClearMind Digital Individual 3 1.74,,Anti-fatigue,1.74,Clear,Freeform,grind,,-20.00,+16.00,-6.00,20.00,sphere,0.50,1.25,Add 0.50 to 1.25,147.52,98.34,L25,DuraVision Plus Gold UV,,ZEISS book p9; Clear; book $157.35 L20
ZEISS,ZEISS,ClearMind Digital Individual 3 1.74,,Anti-fatigue,1.74,Clear,Freeform,grind,,-20.00,+16.00,-6.00,20.00,sphere,0.50,1.25,Add 0.50 to 1.25,146.95,97.97,L25,DuraVision Plus Platinum UV,,ZEISS book p9; Clear; book $156.75 L20
ZEISS,ZEISS,ClearMind Digital Individual 3 1.74,,Anti-fatigue,1.74,Clear,Freeform,grind,,-20.00,+16.00,-6.00,20.00,sphere,0.50,1.25,Add 0.50 to 1.25,144.56,96.38,L25,DuraVision Plus Chrome UV,,ZEISS book p9; Clear; book $154.20 L20
ZEISS,ZEISS,ClearMind Digital Individual 3 1.74,,Anti-fatigue,1.74,Clear BluePro,Freeform,grind,,-20.00,+16.00,-6.00,20.00,sphere,0.50,1.25,Add 0.50 to 1.25,149.72,99.81,L25,DuraVision Plus Gold UV,,ZEISS book p9; Clear BluePro; book $159.70 L20
ZEISS,ZEISS,ClearMind Digital Individual 3 1.74,,Anti-fatigue,1.74,Clear BluePro,Freeform,grind,,-20.00,+16.00,-6.00,20.00,sphere,0.50,1.25,Add 0.50 to 1.25,149.16,99.44,L25,DuraVision Plus Platinum UV,,ZEISS book p9; Clear BluePro; book $159.10 L20
ZEISS,ZEISS,ClearMind Digital Individual 3 1.74,,Anti-fatigue,1.74,Clear BluePro,Freeform,grind,,-20.00,+16.00,-6.00,20.00,sphere,0.50,1.25,Add 0.50 to 1.25,146.77,97.84,L25,DuraVision Plus Chrome UV,,ZEISS book p9; Clear BluePro; book $156.55 L20
ZEISS,ZEISS,ClearMind Digital Individual 3 1.74,,Anti-fatigue,1.74,PhotoFusionX,Freeform,grind,,-14.00,+9.00,-6.00,14.00,sphere,0.50,1.25,Add 0.50 to 1.25,178.36,118.91,L25,DuraVision Plus Gold UV,,ZEISS book p9; PhotoFusionX Grey/Brown/Extra Grey/Black; book $190.25 L20
ZEISS,ZEISS,ClearMind Digital Individual 3 1.74,,Anti-fatigue,1.74,PhotoFusionX,Freeform,grind,,-14.00,+9.00,-6.00,14.00,sphere,0.50,1.25,Add 0.50 to 1.25,177.80,118.53,L25,DuraVision Plus Platinum UV,,ZEISS book p9; PhotoFusionX Grey/Brown/Extra Grey/Black; book $189.65 L20
ZEISS,ZEISS,ClearMind Digital Individual 3 1.74,,Anti-fatigue,1.74,PhotoFusionX,Freeform,grind,,-14.00,+9.00,-6.00,14.00,sphere,0.50,1.25,Add 0.50 to 1.25,175.41,116.94,L25,DuraVision Plus Chrome UV,,ZEISS book p9; PhotoFusionX Grey/Brown/Extra Grey/Black; book $187.10 L20
ZEISS,ZEISS,ClearMind Digital 1.50,,Anti-fatigue,1.50,Clear,Freeform,grind,,-7.00,+6.00,-6.00,7.00,sphere,0.50,1.25,Add 0.50 to 1.25,65.91,43.94,L25,DuraVision Plus Gold UV,,ZEISS book p10; Clear; book $70.30 L20
ZEISS,ZEISS,ClearMind Digital 1.50,,Anti-fatigue,1.50,Clear,Freeform,grind,,-7.00,+6.00,-6.00,7.00,sphere,0.50,1.25,Add 0.50 to 1.25,65.34,43.56,L25,DuraVision Plus Platinum UV,,ZEISS book p10; Clear; book $69.70 L20
ZEISS,ZEISS,ClearMind Digital 1.50,,Anti-fatigue,1.50,Clear,Freeform,grind,,-7.00,+6.00,-6.00,7.00,sphere,0.50,1.25,Add 0.50 to 1.25,62.95,41.97,L25,DuraVision Plus Chrome UV,,ZEISS book p10; Clear; book $67.15 L20
ZEISS,ZEISS,ClearMind Digital 1.50,,Anti-fatigue,1.50,Clear,Freeform,grind,,-7.00,+6.00,-6.00,7.00,sphere,0.50,1.25,Add 0.50 to 1.25,37.41,24.94,L25,DSHC hard coat,,ZEISS book p10; Clear; book $39.90 L20
ZEISS,ZEISS,ClearMind Digital 1.50,,Anti-fatigue,1.50,Clear BluePro,Freeform,grind,,-7.00,+6.00,-6.00,7.00,sphere,0.50,1.25,Add 0.50 to 1.25,68.11,45.41,L25,DuraVision Plus Gold UV,,ZEISS book p10; Clear BluePro; book $72.65 L20
ZEISS,ZEISS,ClearMind Digital 1.50,,Anti-fatigue,1.50,Clear BluePro,Freeform,grind,,-7.00,+6.00,-6.00,7.00,sphere,0.50,1.25,Add 0.50 to 1.25,67.55,45.03,L25,DuraVision Plus Platinum UV,,ZEISS book p10; Clear BluePro; book $72.05 L20
ZEISS,ZEISS,ClearMind Digital 1.50,,Anti-fatigue,1.50,Clear BluePro,Freeform,grind,,-7.00,+6.00,-6.00,7.00,sphere,0.50,1.25,Add 0.50 to 1.25,65.16,43.44,L25,DuraVision Plus Chrome UV,,ZEISS book p10; Clear BluePro; book $69.50 L20
ZEISS,ZEISS,ClearMind Digital 1.50,,Anti-fatigue,1.50,PhotoFusionX,Freeform,grind,,-7.00,+5.00,-4.00,7.00,sphere,0.50,1.25,Add 0.50 to 1.25,96.70,64.47,L25,DuraVision Plus Gold UV,,ZEISS book p10; PhotoFusionX Grey/Brown/Pioneer/Extra Grey/Blue/Burgundy/Black; book $103.15 L20
ZEISS,ZEISS,ClearMind Digital 1.50,,Anti-fatigue,1.50,PhotoFusionX,Freeform,grind,,-7.00,+5.00,-4.00,7.00,sphere,0.50,1.25,Add 0.50 to 1.25,96.14,64.09,L25,DuraVision Plus Platinum UV,,ZEISS book p10; PhotoFusionX Grey/Brown/Pioneer/Extra Grey/Blue/Burgundy/Black; book $102.55 L20
ZEISS,ZEISS,ClearMind Digital 1.50,,Anti-fatigue,1.50,PhotoFusionX,Freeform,grind,,-7.00,+5.00,-4.00,7.00,sphere,0.50,1.25,Add 0.50 to 1.25,93.75,62.50,L25,DuraVision Plus Chrome UV,,ZEISS book p10; PhotoFusionX Grey/Brown/Pioneer/Extra Grey/Blue/Burgundy/Black; book $100.00 L20
ZEISS,ZEISS,ClearMind Digital 1.50,,Anti-fatigue,1.50,PhotoFusionX,Freeform,grind,,-7.00,+5.00,-4.00,7.00,sphere,0.50,1.25,Add 0.50 to 1.25,68.20,45.47,L25,DSHC hard coat,,ZEISS book p10; PhotoFusionX Grey/Brown/Pioneer/Extra Grey/Blue/Burgundy/Black; book $72.75 L20
ZEISS,ZEISS,ClearMind Digital 1.50,,Anti-fatigue,1.50,Polarised,Freeform,grind,,-8.00,+5.00,-4.00,8.00,sphere,0.50,1.25,Add 0.50 to 1.25,97.64,65.09,L25,DuraVision Plus Gold UV,,ZEISS book p10; Polarised Grey/ Brown/ Pioneer; book $104.15 L20
ZEISS,ZEISS,ClearMind Digital 1.50,,Anti-fatigue,1.50,Polarised,Freeform,grind,,-8.00,+5.00,-4.00,8.00,sphere,0.50,1.25,Add 0.50 to 1.25,97.08,64.72,L25,DuraVision Plus Platinum UV,,ZEISS book p10; Polarised Grey/ Brown/ Pioneer; book $103.55 L20
ZEISS,ZEISS,ClearMind Digital 1.50,,Anti-fatigue,1.50,Polarised,Freeform,grind,,-8.00,+5.00,-4.00,8.00,sphere,0.50,1.25,Add 0.50 to 1.25,94.69,63.12,L25,DuraVision Plus Chrome UV,,ZEISS book p10; Polarised Grey/ Brown/ Pioneer; book $101.00 L20
ZEISS,ZEISS,ClearMind Digital 1.50,,Anti-fatigue,1.50,Polarised,Freeform,grind,,-8.00,+5.00,-4.00,8.00,sphere,0.50,1.25,Add 0.50 to 1.25,96.09,64.06,L25,DuraVision Plus Sun UV,,ZEISS book p10; Polarised Grey/ Brown/ Pioneer; book $102.50 L20
ZEISS,ZEISS,ClearMind Digital 1.50,,Anti-fatigue,1.50,Polarised,Freeform,grind,,-8.00,+5.00,-4.00,8.00,sphere,0.50,1.25,Add 0.50 to 1.25,69.14,46.09,L25,DSHC hard coat,,ZEISS book p10; Polarised Grey/ Brown/ Pioneer; book $73.75 L20
ZEISS,ZEISS,ClearMind Digital 1.50,,Anti-fatigue,1.50,AdaptiveSun PhotoFusion,Freeform,grind,,-7.00,+5.00,-4.00,7.00,sphere,0.50,1.25,Add 0.50 to 1.25,123.19,82.12,L25,DuraVision Plus Gold UV,,ZEISS book p10; AdaptiveSun PhotoFusion Grey/ Brown/ Pioneer/Blue; book $131.40 L20
ZEISS,ZEISS,ClearMind Digital 1.50,,Anti-fatigue,1.50,AdaptiveSun PhotoFusion,Freeform,grind,,-7.00,+5.00,-4.00,7.00,sphere,0.50,1.25,Add 0.50 to 1.25,122.63,81.75,L25,DuraVision Plus Platinum UV,,ZEISS book p10; AdaptiveSun PhotoFusion Grey/ Brown/ Pioneer/Blue; book $130.80 L20
ZEISS,ZEISS,ClearMind Digital 1.50,,Anti-fatigue,1.50,AdaptiveSun PhotoFusion,Freeform,grind,,-7.00,+5.00,-4.00,7.00,sphere,0.50,1.25,Add 0.50 to 1.25,120.23,80.16,L25,DuraVision Plus Chrome UV,,ZEISS book p10; AdaptiveSun PhotoFusion Grey/ Brown/ Pioneer/Blue; book $128.25 L20
ZEISS,ZEISS,ClearMind Digital 1.50,,Anti-fatigue,1.50,AdaptiveSun PhotoFusion,Freeform,grind,,-7.00,+5.00,-4.00,7.00,sphere,0.50,1.25,Add 0.50 to 1.25,94.69,63.12,L25,DSHC hard coat,,ZEISS book p10; AdaptiveSun PhotoFusion Grey/ Brown/ Pioneer/Blue; book $101.00 L20
ZEISS,ZEISS,ClearMind Digital 1.50,,Anti-fatigue,1.50,AdaptiveSun Polarised,Freeform,grind,,-8.00,+5.00,-4.00,8.00,sphere,0.50,1.25,Add 0.50 to 1.25,125.81,83.88,L25,DuraVision Plus Gold UV,,ZEISS book p10; AdaptiveSun Polarised Grey/ Brown/ Pioneer; book $134.20 L20
ZEISS,ZEISS,ClearMind Digital 1.50,,Anti-fatigue,1.50,AdaptiveSun Polarised,Freeform,grind,,-8.00,+5.00,-4.00,8.00,sphere,0.50,1.25,Add 0.50 to 1.25,125.25,83.50,L25,DuraVision Plus Platinum UV,,ZEISS book p10; AdaptiveSun Polarised Grey/ Brown/ Pioneer; book $133.60 L20
ZEISS,ZEISS,ClearMind Digital 1.50,,Anti-fatigue,1.50,AdaptiveSun Polarised,Freeform,grind,,-8.00,+5.00,-4.00,8.00,sphere,0.50,1.25,Add 0.50 to 1.25,122.86,81.91,L25,DuraVision Plus Chrome UV,,ZEISS book p10; AdaptiveSun Polarised Grey/ Brown/ Pioneer; book $131.05 L20
ZEISS,ZEISS,ClearMind Digital 1.50,,Anti-fatigue,1.50,AdaptiveSun Polarised,Freeform,grind,,-8.00,+5.00,-4.00,8.00,sphere,0.50,1.25,Add 0.50 to 1.25,124.27,82.84,L25,DuraVision Plus Sun UV,,ZEISS book p10; AdaptiveSun Polarised Grey/ Brown/ Pioneer; book $132.55 L20
ZEISS,ZEISS,ClearMind Digital 1.50,,Anti-fatigue,1.50,AdaptiveSun Polarised,Freeform,grind,,-8.00,+5.00,-4.00,8.00,sphere,0.50,1.25,Add 0.50 to 1.25,97.31,64.88,L25,DSHC hard coat,,ZEISS book p10; AdaptiveSun Polarised Grey/ Brown/ Pioneer; book $103.80 L20
ZEISS,ZEISS,ClearMind Digital 1.53,,Anti-fatigue,1.53,Clear,Freeform,grind,,-7.00,+5.00,-4.00,7.00,sphere,0.50,1.25,Add 0.50 to 1.25,87.05,58.03,L25,DuraVision Plus Gold UV,,ZEISS book p10; Clear; book $92.85 L20
ZEISS,ZEISS,ClearMind Digital 1.53,,Anti-fatigue,1.53,Clear,Freeform,grind,,-7.00,+5.00,-4.00,7.00,sphere,0.50,1.25,Add 0.50 to 1.25,86.48,57.66,L25,DuraVision Plus Platinum UV,,ZEISS book p10; Clear; book $92.25 L20
ZEISS,ZEISS,ClearMind Digital 1.53,,Anti-fatigue,1.53,Clear,Freeform,grind,,-7.00,+5.00,-4.00,7.00,sphere,0.50,1.25,Add 0.50 to 1.25,84.09,56.06,L25,DuraVision Plus Chrome UV,,ZEISS book p10; Clear; book $89.70 L20
ZEISS,ZEISS,ClearMind Digital 1.53,,Anti-fatigue,1.53,Clear,Freeform,grind,,-7.00,+5.00,-4.00,7.00,sphere,0.50,1.25,Add 0.50 to 1.25,58.55,39.03,L25,DSHC hard coat,,ZEISS book p10; Clear; book $62.45 L20
ZEISS,ZEISS,ClearMind Digital 1.53,,Anti-fatigue,1.53,Polarised,Freeform,grind,,-7.00,+5.00,-4.00,7.00,sphere,0.50,1.25,Add 0.50 to 1.25,118.78,79.19,L25,DuraVision Plus Gold UV,,ZEISS book p10; Polarised Grey/ Brown; book $126.70 L20
ZEISS,ZEISS,ClearMind Digital 1.53,,Anti-fatigue,1.53,Polarised,Freeform,grind,,-7.00,+5.00,-4.00,7.00,sphere,0.50,1.25,Add 0.50 to 1.25,118.22,78.81,L25,DuraVision Plus Platinum UV,,ZEISS book p10; Polarised Grey/ Brown; book $126.10 L20
ZEISS,ZEISS,ClearMind Digital 1.53,,Anti-fatigue,1.53,Polarised,Freeform,grind,,-7.00,+5.00,-4.00,7.00,sphere,0.50,1.25,Add 0.50 to 1.25,115.83,77.22,L25,DuraVision Plus Chrome UV,,ZEISS book p10; Polarised Grey/ Brown; book $123.55 L20
ZEISS,ZEISS,ClearMind Digital 1.53,,Anti-fatigue,1.53,Polarised,Freeform,grind,,-7.00,+5.00,-4.00,7.00,sphere,0.50,1.25,Add 0.50 to 1.25,117.23,78.16,L25,DuraVision Plus Sun UV,,ZEISS book p10; Polarised Grey/ Brown; book $125.05 L20
ZEISS,ZEISS,ClearMind Digital 1.53,,Anti-fatigue,1.53,Polarised,Freeform,grind,,-7.00,+5.00,-4.00,7.00,sphere,0.50,1.25,Add 0.50 to 1.25,90.28,60.19,L25,DSHC hard coat,,ZEISS book p10; Polarised Grey/ Brown; book $96.30 L20
ZEISS,ZEISS,ClearMind Digital 1.59,,Anti-fatigue,1.59,Clear,Freeform,grind,,-10.00,+6.00,-6.00,10.00,sphere,0.50,1.25,Add 0.50 to 1.25,94.12,62.75,L25,DuraVision Plus Gold UV,,ZEISS book p10; Clear; book $100.40 L20
ZEISS,ZEISS,ClearMind Digital 1.59,,Anti-fatigue,1.59,Clear,Freeform,grind,,-10.00,+6.00,-6.00,10.00,sphere,0.50,1.25,Add 0.50 to 1.25,93.56,62.38,L25,DuraVision Plus Platinum UV,,ZEISS book p10; Clear; book $99.80 L20
ZEISS,ZEISS,ClearMind Digital 1.59,,Anti-fatigue,1.59,Clear,Freeform,grind,,-10.00,+6.00,-6.00,10.00,sphere,0.50,1.25,Add 0.50 to 1.25,91.17,60.78,L25,DuraVision Plus Chrome UV,,ZEISS book p10; Clear; book $97.25 L20
ZEISS,ZEISS,ClearMind Digital 1.59,,Anti-fatigue,1.59,Clear,Freeform,grind,,-10.00,+6.00,-6.00,10.00,sphere,0.50,1.25,Add 0.50 to 1.25,65.62,43.75,L25,DSHC hard coat,,ZEISS book p10; Clear; book $70.00 L20
ZEISS,ZEISS,ClearMind Digital 1.59,,Anti-fatigue,1.59,PhotoFusionX,Freeform,grind,,-10.00,+6.00,-6.00,10.00,sphere,0.50,1.25,Add 0.50 to 1.25,124.97,83.31,L25,DuraVision Plus Gold UV,,ZEISS book p10; PhotoFusionX Grey/Brown/Pioneer/Extra Grey/Blue/Burgundy/Black; book $133.30 L20
ZEISS,ZEISS,ClearMind Digital 1.59,,Anti-fatigue,1.59,PhotoFusionX,Freeform,grind,,-10.00,+6.00,-6.00,10.00,sphere,0.50,1.25,Add 0.50 to 1.25,124.41,82.94,L25,DuraVision Plus Platinum UV,,ZEISS book p10; PhotoFusionX Grey/Brown/Pioneer/Extra Grey/Blue/Burgundy/Black; book $132.70 L20
ZEISS,ZEISS,ClearMind Digital 1.59,,Anti-fatigue,1.59,PhotoFusionX,Freeform,grind,,-10.00,+6.00,-6.00,10.00,sphere,0.50,1.25,Add 0.50 to 1.25,122.02,81.34,L25,DuraVision Plus Chrome UV,,ZEISS book p10; PhotoFusionX Grey/Brown/Pioneer/Extra Grey/Blue/Burgundy/Black; book $130.15 L20
ZEISS,ZEISS,ClearMind Digital 1.59,,Anti-fatigue,1.59,PhotoFusionX,Freeform,grind,,-10.00,+6.00,-6.00,10.00,sphere,0.50,1.25,Add 0.50 to 1.25,96.47,64.31,L25,DSHC hard coat,,ZEISS book p10; PhotoFusionX Grey/Brown/Pioneer/Extra Grey/Blue/Burgundy/Black; book $102.90 L20
ZEISS,ZEISS,ClearMind Digital 1.59,,Anti-fatigue,1.59,Polarised,Freeform,grind,,-10.00,+6.00,-4.00,10.00,sphere,0.50,1.25,Add 0.50 to 1.25,125.86,83.91,L25,DuraVision Plus Gold UV,,ZEISS book p10; Polarised Grey/ Brown; book $134.25 L20
ZEISS,ZEISS,ClearMind Digital 1.59,,Anti-fatigue,1.59,Polarised,Freeform,grind,,-10.00,+6.00,-4.00,10.00,sphere,0.50,1.25,Add 0.50 to 1.25,125.30,83.53,L25,DuraVision Plus Platinum UV,,ZEISS book p10; Polarised Grey/ Brown; book $133.65 L20
ZEISS,ZEISS,ClearMind Digital 1.59,,Anti-fatigue,1.59,Polarised,Freeform,grind,,-10.00,+6.00,-4.00,10.00,sphere,0.50,1.25,Add 0.50 to 1.25,122.91,81.94,L25,DuraVision Plus Chrome UV,,ZEISS book p10; Polarised Grey/ Brown; book $131.10 L20
ZEISS,ZEISS,ClearMind Digital 1.59,,Anti-fatigue,1.59,Polarised,Freeform,grind,,-10.00,+6.00,-4.00,10.00,sphere,0.50,1.25,Add 0.50 to 1.25,124.31,82.88,L25,DuraVision Plus Sun UV,,ZEISS book p10; Polarised Grey/ Brown; book $132.60 L20
ZEISS,ZEISS,ClearMind Digital 1.59,,Anti-fatigue,1.59,Polarised,Freeform,grind,,-10.00,+6.00,-4.00,10.00,sphere,0.50,1.25,Add 0.50 to 1.25,97.36,64.91,L25,DSHC hard coat,,ZEISS book p10; Polarised Grey/ Brown; book $103.85 L20
ZEISS,ZEISS,ClearMind Digital 1.60,,Anti-fatigue,1.60,Clear,Freeform,grind,,-10.00,+10.00,-6.00,10.00,sphere,0.50,1.25,Add 0.50 to 1.25,94.12,62.75,L25,DuraVision Plus Gold UV,,ZEISS book p10; Clear; book $100.40 L20
ZEISS,ZEISS,ClearMind Digital 1.60,,Anti-fatigue,1.60,Clear,Freeform,grind,,-10.00,+10.00,-6.00,10.00,sphere,0.50,1.25,Add 0.50 to 1.25,93.56,62.38,L25,DuraVision Plus Platinum UV,,ZEISS book p10; Clear; book $99.80 L20
ZEISS,ZEISS,ClearMind Digital 1.60,,Anti-fatigue,1.60,Clear,Freeform,grind,,-10.00,+10.00,-6.00,10.00,sphere,0.50,1.25,Add 0.50 to 1.25,91.17,60.78,L25,DuraVision Plus Chrome UV,,ZEISS book p10; Clear; book $97.25 L20
ZEISS,ZEISS,ClearMind Digital 1.60,,Anti-fatigue,1.60,Clear,Freeform,grind,,-10.00,+10.00,-6.00,10.00,sphere,0.50,1.25,Add 0.50 to 1.25,65.62,43.75,L25,DSHC hard coat,,ZEISS book p10; Clear; book $70.00 L20
ZEISS,ZEISS,ClearMind Digital 1.60,,Anti-fatigue,1.60,Clear BluePro,Freeform,grind,,-10.00,+10.00,-6.00,10.00,sphere,0.50,1.25,Add 0.50 to 1.25,96.28,64.19,L25,DuraVision Plus Gold UV,,ZEISS book p10; Clear BluePro; book $102.70 L20
ZEISS,ZEISS,ClearMind Digital 1.60,,Anti-fatigue,1.60,Clear BluePro,Freeform,grind,,-10.00,+10.00,-6.00,10.00,sphere,0.50,1.25,Add 0.50 to 1.25,95.72,63.81,L25,DuraVision Plus Platinum UV,,ZEISS book p10; Clear BluePro; book $102.10 L20
ZEISS,ZEISS,ClearMind Digital 1.60,,Anti-fatigue,1.60,Clear BluePro,Freeform,grind,,-10.00,+10.00,-6.00,10.00,sphere,0.50,1.25,Add 0.50 to 1.25,93.33,62.22,L25,DuraVision Plus Chrome UV,,ZEISS book p10; Clear BluePro; book $99.55 L20
ZEISS,ZEISS,ClearMind Digital 1.60,,Anti-fatigue,1.60,PhotoFusionX,Freeform,grind,,-10.00,+6.00,-6.00,10.00,sphere,0.50,1.25,Add 0.50 to 1.25,124.97,83.31,L25,DuraVision Plus Gold UV,,ZEISS book p10; PhotoFusionX Grey/Brown/Pioneer/Extra Grey/Blue/Burgundy/Black; book $133.30 L20
ZEISS,ZEISS,ClearMind Digital 1.60,,Anti-fatigue,1.60,PhotoFusionX,Freeform,grind,,-10.00,+6.00,-6.00,10.00,sphere,0.50,1.25,Add 0.50 to 1.25,124.41,82.94,L25,DuraVision Plus Platinum UV,,ZEISS book p10; PhotoFusionX Grey/Brown/Pioneer/Extra Grey/Blue/Burgundy/Black; book $132.70 L20
ZEISS,ZEISS,ClearMind Digital 1.60,,Anti-fatigue,1.60,PhotoFusionX,Freeform,grind,,-10.00,+6.00,-6.00,10.00,sphere,0.50,1.25,Add 0.50 to 1.25,122.02,81.34,L25,DuraVision Plus Chrome UV,,ZEISS book p10; PhotoFusionX Grey/Brown/Pioneer/Extra Grey/Blue/Burgundy/Black; book $130.15 L20
ZEISS,ZEISS,ClearMind Digital 1.60,,Anti-fatigue,1.60,PhotoFusionX,Freeform,grind,,-10.00,+6.00,-6.00,10.00,sphere,0.50,1.25,Add 0.50 to 1.25,96.47,64.31,L25,DSHC hard coat,,ZEISS book p10; PhotoFusionX Grey/Brown/Pioneer/Extra Grey/Blue/Burgundy/Black; book $102.90 L20
ZEISS,ZEISS,ClearMind Digital 1.60,,Anti-fatigue,1.60,Polarised,Freeform,grind,,-11.00,+6.00,-6.00,11.00,sphere,0.50,1.25,Add 0.50 to 1.25,125.86,83.91,L25,DuraVision Plus Gold UV,,ZEISS book p10; Polarised Grey/ Brown/ Pioneer; book $134.25 L20
ZEISS,ZEISS,ClearMind Digital 1.60,,Anti-fatigue,1.60,Polarised,Freeform,grind,,-11.00,+6.00,-6.00,11.00,sphere,0.50,1.25,Add 0.50 to 1.25,125.30,83.53,L25,DuraVision Plus Platinum UV,,ZEISS book p10; Polarised Grey/ Brown/ Pioneer; book $133.65 L20
ZEISS,ZEISS,ClearMind Digital 1.60,,Anti-fatigue,1.60,Polarised,Freeform,grind,,-11.00,+6.00,-6.00,11.00,sphere,0.50,1.25,Add 0.50 to 1.25,122.91,81.94,L25,DuraVision Plus Chrome UV,,ZEISS book p10; Polarised Grey/ Brown/ Pioneer; book $131.10 L20
ZEISS,ZEISS,ClearMind Digital 1.60,,Anti-fatigue,1.60,Polarised,Freeform,grind,,-11.00,+6.00,-6.00,11.00,sphere,0.50,1.25,Add 0.50 to 1.25,124.31,82.88,L25,DuraVision Plus Sun UV,,ZEISS book p10; Polarised Grey/ Brown/ Pioneer; book $132.60 L20
ZEISS,ZEISS,ClearMind Digital 1.60,,Anti-fatigue,1.60,Polarised,Freeform,grind,,-11.00,+6.00,-6.00,11.00,sphere,0.50,1.25,Add 0.50 to 1.25,97.36,64.91,L25,DSHC hard coat,,ZEISS book p10; Polarised Grey/ Brown/ Pioneer; book $103.85 L20
ZEISS,ZEISS,ClearMind Digital 1.60,,Anti-fatigue,1.60,AdaptiveSun PhotoFusion,Freeform,grind,,-10.00,+6.00,-6.00,10.00,sphere,0.50,1.25,Add 0.50 to 1.25,151.41,100.94,L25,DuraVision Plus Gold UV,,ZEISS book p10; AdaptiveSun PhotoFusion Grey/ Brown/ Pioneer/Blue; book $161.50 L20
ZEISS,ZEISS,ClearMind Digital 1.60,,Anti-fatigue,1.60,AdaptiveSun PhotoFusion,Freeform,grind,,-10.00,+6.00,-6.00,10.00,sphere,0.50,1.25,Add 0.50 to 1.25,150.84,100.56,L25,DuraVision Plus Platinum UV,,ZEISS book p10; AdaptiveSun PhotoFusion Grey/ Brown/ Pioneer/Blue; book $160.90 L20
ZEISS,ZEISS,ClearMind Digital 1.60,,Anti-fatigue,1.60,AdaptiveSun PhotoFusion,Freeform,grind,,-10.00,+6.00,-6.00,10.00,sphere,0.50,1.25,Add 0.50 to 1.25,148.45,98.97,L25,DuraVision Plus Chrome UV,,ZEISS book p10; AdaptiveSun PhotoFusion Grey/ Brown/ Pioneer/Blue; book $158.35 L20
ZEISS,ZEISS,ClearMind Digital 1.60,,Anti-fatigue,1.60,AdaptiveSun PhotoFusion,Freeform,grind,,-10.00,+6.00,-6.00,10.00,sphere,0.50,1.25,Add 0.50 to 1.25,122.91,81.94,L25,DSHC hard coat,,ZEISS book p10; AdaptiveSun PhotoFusion Grey/ Brown/ Pioneer/Blue; book $131.10 L20
ZEISS,ZEISS,ClearMind Digital 1.60,,Anti-fatigue,1.60,AdaptiveSun Polarised,Freeform,grind,,-11.00,+6.00,-6.00,11.00,sphere,0.50,1.25,Add 0.50 to 1.25,154.03,102.69,L25,DuraVision Plus Gold UV,,ZEISS book p10; AdaptiveSun Polarised Grey/ Brown/ Pioneer; book $164.30 L20
ZEISS,ZEISS,ClearMind Digital 1.60,,Anti-fatigue,1.60,AdaptiveSun Polarised,Freeform,grind,,-11.00,+6.00,-6.00,11.00,sphere,0.50,1.25,Add 0.50 to 1.25,153.47,102.31,L25,DuraVision Plus Platinum UV,,ZEISS book p10; AdaptiveSun Polarised Grey/ Brown/ Pioneer; book $163.70 L20
ZEISS,ZEISS,ClearMind Digital 1.60,,Anti-fatigue,1.60,AdaptiveSun Polarised,Freeform,grind,,-11.00,+6.00,-6.00,11.00,sphere,0.50,1.25,Add 0.50 to 1.25,151.08,100.72,L25,DuraVision Plus Chrome UV,,ZEISS book p10; AdaptiveSun Polarised Grey/ Brown/ Pioneer; book $161.15 L20
ZEISS,ZEISS,ClearMind Digital 1.60,,Anti-fatigue,1.60,AdaptiveSun Polarised,Freeform,grind,,-11.00,+6.00,-6.00,11.00,sphere,0.50,1.25,Add 0.50 to 1.25,152.48,101.66,L25,DuraVision Plus Sun UV,,ZEISS book p10; AdaptiveSun Polarised Grey/ Brown/ Pioneer; book $162.65 L20
ZEISS,ZEISS,ClearMind Digital 1.60,,Anti-fatigue,1.60,AdaptiveSun Polarised,Freeform,grind,,-11.00,+6.00,-6.00,11.00,sphere,0.50,1.25,Add 0.50 to 1.25,125.53,83.69,L25,DSHC hard coat,,ZEISS book p10; AdaptiveSun Polarised Grey/ Brown/ Pioneer; book $133.90 L20
ZEISS,ZEISS,ClearMind Digital 1.67,,Anti-fatigue,1.67,Clear,Freeform,grind,,-17.00,+8.00,-6.00,17.00,sphere,0.50,1.25,Add 0.50 to 1.25,116.16,77.44,L25,DuraVision Plus Gold UV,,ZEISS book p10; Clear; book $123.90 L20
ZEISS,ZEISS,ClearMind Digital 1.67,,Anti-fatigue,1.67,Clear,Freeform,grind,,-17.00,+8.00,-6.00,17.00,sphere,0.50,1.25,Add 0.50 to 1.25,115.59,77.06,L25,DuraVision Plus Platinum UV,,ZEISS book p10; Clear; book $123.30 L20
ZEISS,ZEISS,ClearMind Digital 1.67,,Anti-fatigue,1.67,Clear,Freeform,grind,,-17.00,+8.00,-6.00,17.00,sphere,0.50,1.25,Add 0.50 to 1.25,113.20,75.47,L25,DuraVision Plus Chrome UV,,ZEISS book p10; Clear; book $120.75 L20
ZEISS,ZEISS,ClearMind Digital 1.67,,Anti-fatigue,1.67,Clear BluePro,Freeform,grind,,-17.00,+8.00,-6.00,17.00,sphere,0.50,1.25,Add 0.50 to 1.25,118.36,78.91,L25,DuraVision Plus Gold UV,,ZEISS book p10; Clear BluePro; book $126.25 L20
ZEISS,ZEISS,ClearMind Digital 1.67,,Anti-fatigue,1.67,Clear BluePro,Freeform,grind,,-17.00,+8.00,-6.00,17.00,sphere,0.50,1.25,Add 0.50 to 1.25,117.80,78.53,L25,DuraVision Plus Platinum UV,,ZEISS book p10; Clear BluePro; book $125.65 L20
ZEISS,ZEISS,ClearMind Digital 1.67,,Anti-fatigue,1.67,Clear BluePro,Freeform,grind,,-17.00,+8.00,-6.00,17.00,sphere,0.50,1.25,Add 0.50 to 1.25,115.41,76.94,L25,DuraVision Plus Chrome UV,,ZEISS book p10; Clear BluePro; book $123.10 L20
ZEISS,ZEISS,ClearMind Digital 1.67,,Anti-fatigue,1.67,PhotoFusionX,Freeform,grind,,-12.00,+8.00,-6.00,12.00,sphere,0.50,1.25,Add 0.50 to 1.25,147.00,98.00,L25,DuraVision Plus Gold UV,,ZEISS book p10; PhotoFusionX Grey/Brown/Pioneer/Extra Grey/Blue/Burgundy/Black; book $156.80 L20
ZEISS,ZEISS,ClearMind Digital 1.67,,Anti-fatigue,1.67,PhotoFusionX,Freeform,grind,,-12.00,+8.00,-6.00,12.00,sphere,0.50,1.25,Add 0.50 to 1.25,146.44,97.62,L25,DuraVision Plus Platinum UV,,ZEISS book p10; PhotoFusionX Grey/Brown/Pioneer/Extra Grey/Blue/Burgundy/Black; book $156.20 L20
ZEISS,ZEISS,ClearMind Digital 1.67,,Anti-fatigue,1.67,PhotoFusionX,Freeform,grind,,-12.00,+8.00,-6.00,12.00,sphere,0.50,1.25,Add 0.50 to 1.25,144.05,96.03,L25,DuraVision Plus Chrome UV,,ZEISS book p10; PhotoFusionX Grey/Brown/Pioneer/Extra Grey/Blue/Burgundy/Black; book $153.65 L20
ZEISS,ZEISS,ClearMind Digital 1.67,,Anti-fatigue,1.67,Polarised,Freeform,grind,,-12.00,+8.00,-6.00,12.00,sphere,0.50,1.25,Add 0.50 to 1.25,147.84,98.56,L25,DuraVision Plus Gold UV,,ZEISS book p10; Polarised Grey/ Brown/ Pioneer; book $157.70 L20
ZEISS,ZEISS,ClearMind Digital 1.67,,Anti-fatigue,1.67,Polarised,Freeform,grind,,-12.00,+8.00,-6.00,12.00,sphere,0.50,1.25,Add 0.50 to 1.25,147.28,98.19,L25,DuraVision Plus Platinum UV,,ZEISS book p10; Polarised Grey/ Brown/ Pioneer; book $157.10 L20
ZEISS,ZEISS,ClearMind Digital 1.67,,Anti-fatigue,1.67,Polarised,Freeform,grind,,-12.00,+8.00,-6.00,12.00,sphere,0.50,1.25,Add 0.50 to 1.25,144.89,96.59,L25,DuraVision Plus Chrome UV,,ZEISS book p10; Polarised Grey/ Brown/ Pioneer; book $154.55 L20
ZEISS,ZEISS,ClearMind Digital 1.67,,Anti-fatigue,1.67,Polarised,Freeform,grind,,-12.00,+8.00,-6.00,12.00,sphere,0.50,1.25,Add 0.50 to 1.25,146.30,97.53,L25,DuraVision Plus Sun UV,,ZEISS book p10; Polarised Grey/ Brown/ Pioneer; book $156.05 L20
ZEISS,ZEISS,ClearMind Digital 1.67,,Anti-fatigue,1.67,AdaptiveSun PhotoFusion,Freeform,grind,,-12.00,+8.00,-6.00,12.00,sphere,0.50,1.25,Add 0.50 to 1.25,173.44,115.62,L25,DuraVision Plus Gold UV,,ZEISS book p10; AdaptiveSun PhotoFusion Grey/ Brown/ Pioneer; book $185.00 L20
ZEISS,ZEISS,ClearMind Digital 1.67,,Anti-fatigue,1.67,AdaptiveSun PhotoFusion,Freeform,grind,,-12.00,+8.00,-6.00,12.00,sphere,0.50,1.25,Add 0.50 to 1.25,172.88,115.25,L25,DuraVision Plus Platinum UV,,ZEISS book p10; AdaptiveSun PhotoFusion Grey/ Brown/ Pioneer; book $184.40 L20
ZEISS,ZEISS,ClearMind Digital 1.67,,Anti-fatigue,1.67,AdaptiveSun PhotoFusion,Freeform,grind,,-12.00,+8.00,-6.00,12.00,sphere,0.50,1.25,Add 0.50 to 1.25,170.48,113.66,L25,DuraVision Plus Chrome UV,,ZEISS book p10; AdaptiveSun PhotoFusion Grey/ Brown/ Pioneer; book $181.85 L20
ZEISS,ZEISS,ClearMind Digital 1.74,,Anti-fatigue,1.74,Clear,Freeform,grind,,-20.00,+16.00,-6.00,20.00,sphere,0.50,1.25,Add 0.50 to 1.25,138.19,92.12,L25,DuraVision Plus Gold UV,,ZEISS book p10; Clear; book $147.40 L20
ZEISS,ZEISS,ClearMind Digital 1.74,,Anti-fatigue,1.74,Clear,Freeform,grind,,-20.00,+16.00,-6.00,20.00,sphere,0.50,1.25,Add 0.50 to 1.25,137.62,91.75,L25,DuraVision Plus Platinum UV,,ZEISS book p10; Clear; book $146.80 L20
ZEISS,ZEISS,ClearMind Digital 1.74,,Anti-fatigue,1.74,Clear,Freeform,grind,,-20.00,+16.00,-6.00,20.00,sphere,0.50,1.25,Add 0.50 to 1.25,135.23,90.16,L25,DuraVision Plus Chrome UV,,ZEISS book p10; Clear; book $144.25 L20
ZEISS,ZEISS,ClearMind Digital 1.74,,Anti-fatigue,1.74,Clear BluePro,Freeform,grind,,-20.00,+16.00,-6.00,20.00,sphere,0.50,1.25,Add 0.50 to 1.25,140.39,93.59,L25,DuraVision Plus Gold UV,,ZEISS book p10; Clear BluePro; book $149.75 L20
ZEISS,ZEISS,ClearMind Digital 1.74,,Anti-fatigue,1.74,Clear BluePro,Freeform,grind,,-20.00,+16.00,-6.00,20.00,sphere,0.50,1.25,Add 0.50 to 1.25,139.83,93.22,L25,DuraVision Plus Platinum UV,,ZEISS book p10; Clear BluePro; book $149.15 L20
ZEISS,ZEISS,ClearMind Digital 1.74,,Anti-fatigue,1.74,Clear BluePro,Freeform,grind,,-20.00,+16.00,-6.00,20.00,sphere,0.50,1.25,Add 0.50 to 1.25,137.44,91.62,L25,DuraVision Plus Chrome UV,,ZEISS book p10; Clear BluePro; book $146.60 L20
ZEISS,ZEISS,ClearMind Digital 1.74,,Anti-fatigue,1.74,PhotoFusionX,Freeform,grind,,-14.00,+9.00,-6.00,14.00,sphere,0.50,1.25,Add 0.50 to 1.25,169.03,112.69,L25,DuraVision Plus Gold UV,,ZEISS book p10; PhotoFusionX Grey/Brown/Extra Grey/Black; book $180.30 L20
ZEISS,ZEISS,ClearMind Digital 1.74,,Anti-fatigue,1.74,PhotoFusionX,Freeform,grind,,-14.00,+9.00,-6.00,14.00,sphere,0.50,1.25,Add 0.50 to 1.25,168.47,112.31,L25,DuraVision Plus Platinum UV,,ZEISS book p10; PhotoFusionX Grey/Brown/Extra Grey/Black; book $179.70 L20
ZEISS,ZEISS,ClearMind Digital 1.74,,Anti-fatigue,1.74,PhotoFusionX,Freeform,grind,,-14.00,+9.00,-6.00,14.00,sphere,0.50,1.25,Add 0.50 to 1.25,166.08,110.72,L25,DuraVision Plus Chrome UV,,ZEISS book p10; PhotoFusionX Grey/Brown/Extra Grey/Black; book $177.15 L20
ZEISS,ZEISS,SmartLife Digital Individual 3 1.50,,Anti-fatigue,1.50,Clear,Freeform,grind,,-7.00,+6.00,-6.00,7.00,sphere,0.50,1.25,Add 0.50 to 1.25,72.61,48.41,L25,DuraVision Plus Gold UV,,ZEISS book p11; Clear; book $77.45 L20
ZEISS,ZEISS,SmartLife Digital Individual 3 1.50,,Anti-fatigue,1.50,Clear,Freeform,grind,,-7.00,+6.00,-6.00,7.00,sphere,0.50,1.25,Add 0.50 to 1.25,72.05,48.03,L25,DuraVision Plus Platinum UV,,ZEISS book p11; Clear; book $76.85 L20
ZEISS,ZEISS,SmartLife Digital Individual 3 1.50,,Anti-fatigue,1.50,Clear,Freeform,grind,,-7.00,+6.00,-6.00,7.00,sphere,0.50,1.25,Add 0.50 to 1.25,69.66,46.44,L25,DuraVision Plus Chrome UV,,ZEISS book p11; Clear; book $74.30 L20
ZEISS,ZEISS,SmartLife Digital Individual 3 1.50,,Anti-fatigue,1.50,Clear,Freeform,grind,,-7.00,+6.00,-6.00,7.00,sphere,0.50,1.25,Add 0.50 to 1.25,44.11,29.41,L25,DSHC hard coat,,ZEISS book p11; Clear; book $47.05 L20
ZEISS,ZEISS,SmartLife Digital Individual 3 1.50,,Anti-fatigue,1.50,Clear BluePro,Freeform,grind,,-7.00,+6.00,-6.00,7.00,sphere,0.50,1.25,Add 0.50 to 1.25,74.72,49.81,L25,DuraVision Plus Gold UV,,ZEISS book p11; Clear BluePro; book $79.70 L20
ZEISS,ZEISS,SmartLife Digital Individual 3 1.50,,Anti-fatigue,1.50,Clear BluePro,Freeform,grind,,-7.00,+6.00,-6.00,7.00,sphere,0.50,1.25,Add 0.50 to 1.25,74.16,49.44,L25,DuraVision Plus Platinum UV,,ZEISS book p11; Clear BluePro; book $79.10 L20
ZEISS,ZEISS,SmartLife Digital Individual 3 1.50,,Anti-fatigue,1.50,Clear BluePro,Freeform,grind,,-7.00,+6.00,-6.00,7.00,sphere,0.50,1.25,Add 0.50 to 1.25,71.77,47.84,L25,DuraVision Plus Chrome UV,,ZEISS book p11; Clear BluePro; book $76.55 L20
ZEISS,ZEISS,SmartLife Digital Individual 3 1.50,,Anti-fatigue,1.50,PhotoFusionX,Freeform,grind,,-7.00,+5.00,-4.00,7.00,sphere,0.50,1.25,Add 0.50 to 1.25,101.72,67.81,L25,DuraVision Plus Gold UV,,ZEISS book p11; PhotoFusionX Grey/Brown/Pioneer/Extra Grey/Blue/Burgundy/Black; book $108.50 L20
ZEISS,ZEISS,SmartLife Digital Individual 3 1.50,,Anti-fatigue,1.50,PhotoFusionX,Freeform,grind,,-7.00,+5.00,-4.00,7.00,sphere,0.50,1.25,Add 0.50 to 1.25,101.16,67.44,L25,DuraVision Plus Platinum UV,,ZEISS book p11; PhotoFusionX Grey/Brown/Pioneer/Extra Grey/Blue/Burgundy/Black; book $107.90 L20
ZEISS,ZEISS,SmartLife Digital Individual 3 1.50,,Anti-fatigue,1.50,PhotoFusionX,Freeform,grind,,-7.00,+5.00,-4.00,7.00,sphere,0.50,1.25,Add 0.50 to 1.25,98.77,65.84,L25,DuraVision Plus Chrome UV,,ZEISS book p11; PhotoFusionX Grey/Brown/Pioneer/Extra Grey/Blue/Burgundy/Black; book $105.35 L20
ZEISS,ZEISS,SmartLife Digital Individual 3 1.50,,Anti-fatigue,1.50,PhotoFusionX,Freeform,grind,,-7.00,+5.00,-4.00,7.00,sphere,0.50,1.25,Add 0.50 to 1.25,73.22,48.81,L25,DSHC hard coat,,ZEISS book p11; PhotoFusionX Grey/Brown/Pioneer/Extra Grey/Blue/Burgundy/Black; book $78.10 L20
ZEISS,ZEISS,SmartLife Digital Individual 3 1.50,,Anti-fatigue,1.50,Polarised,Freeform,grind,,-8.00,+5.00,-4.00,8.00,sphere,0.50,1.25,Add 0.50 to 1.25,102.61,68.41,L25,DuraVision Plus Gold UV,,ZEISS book p11; Polarised Grey/ Brown/ Pioneer; book $109.45 L20
ZEISS,ZEISS,SmartLife Digital Individual 3 1.50,,Anti-fatigue,1.50,Polarised,Freeform,grind,,-8.00,+5.00,-4.00,8.00,sphere,0.50,1.25,Add 0.50 to 1.25,102.05,68.03,L25,DuraVision Plus Platinum UV,,ZEISS book p11; Polarised Grey/ Brown/ Pioneer; book $108.85 L20
ZEISS,ZEISS,SmartLife Digital Individual 3 1.50,,Anti-fatigue,1.50,Polarised,Freeform,grind,,-8.00,+5.00,-4.00,8.00,sphere,0.50,1.25,Add 0.50 to 1.25,99.66,66.44,L25,DuraVision Plus Chrome UV,,ZEISS book p11; Polarised Grey/ Brown/ Pioneer; book $106.30 L20
ZEISS,ZEISS,SmartLife Digital Individual 3 1.50,,Anti-fatigue,1.50,Polarised,Freeform,grind,,-8.00,+5.00,-4.00,8.00,sphere,0.50,1.25,Add 0.50 to 1.25,101.06,67.38,L25,DuraVision Plus Sun UV,,ZEISS book p11; Polarised Grey/ Brown/ Pioneer; book $107.80 L20
ZEISS,ZEISS,SmartLife Digital Individual 3 1.50,,Anti-fatigue,1.50,Polarised,Freeform,grind,,-8.00,+5.00,-4.00,8.00,sphere,0.50,1.25,Add 0.50 to 1.25,74.11,49.41,L25,DSHC hard coat,,ZEISS book p11; Polarised Grey/ Brown/ Pioneer; book $79.05 L20
ZEISS,ZEISS,SmartLife Digital Individual 3 1.50,,Anti-fatigue,1.50,AdaptiveSun PhotoFusion,Freeform,grind,,-7.00,+5.00,-4.00,7.00,sphere,0.50,1.25,Add 0.50 to 1.25,126.70,84.47,L25,DuraVision Plus Gold UV,,ZEISS book p11; AdaptiveSun PhotoFusion Grey/ Brown/ Pioneer/Blue; book $135.15 L20
ZEISS,ZEISS,SmartLife Digital Individual 3 1.50,,Anti-fatigue,1.50,AdaptiveSun PhotoFusion,Freeform,grind,,-7.00,+5.00,-4.00,7.00,sphere,0.50,1.25,Add 0.50 to 1.25,126.14,84.09,L25,DuraVision Plus Platinum UV,,ZEISS book p11; AdaptiveSun PhotoFusion Grey/ Brown/ Pioneer/Blue; book $134.55 L20
ZEISS,ZEISS,SmartLife Digital Individual 3 1.50,,Anti-fatigue,1.50,AdaptiveSun PhotoFusion,Freeform,grind,,-7.00,+5.00,-4.00,7.00,sphere,0.50,1.25,Add 0.50 to 1.25,123.75,82.50,L25,DuraVision Plus Chrome UV,,ZEISS book p11; AdaptiveSun PhotoFusion Grey/ Brown/ Pioneer/Blue; book $132.00 L20
ZEISS,ZEISS,SmartLife Digital Individual 3 1.50,,Anti-fatigue,1.50,AdaptiveSun PhotoFusion,Freeform,grind,,-7.00,+5.00,-4.00,7.00,sphere,0.50,1.25,Add 0.50 to 1.25,98.20,65.47,L25,DSHC hard coat,,ZEISS book p11; AdaptiveSun PhotoFusion Grey/ Brown/ Pioneer/Blue; book $104.75 L20
ZEISS,ZEISS,SmartLife Digital Individual 3 1.50,,Anti-fatigue,1.50,AdaptiveSun Polarised,Freeform,grind,,-8.00,+5.00,-4.00,8.00,sphere,0.50,1.25,Add 0.50 to 1.25,129.23,86.16,L25,DuraVision Plus Gold UV,,ZEISS book p11; AdaptiveSun Polarised Grey/ Brown/ Pioneer; book $137.85 L20
ZEISS,ZEISS,SmartLife Digital Individual 3 1.50,,Anti-fatigue,1.50,AdaptiveSun Polarised,Freeform,grind,,-8.00,+5.00,-4.00,8.00,sphere,0.50,1.25,Add 0.50 to 1.25,128.67,85.78,L25,DuraVision Plus Platinum UV,,ZEISS book p11; AdaptiveSun Polarised Grey/ Brown/ Pioneer; book $137.25 L20
ZEISS,ZEISS,SmartLife Digital Individual 3 1.50,,Anti-fatigue,1.50,AdaptiveSun Polarised,Freeform,grind,,-8.00,+5.00,-4.00,8.00,sphere,0.50,1.25,Add 0.50 to 1.25,126.28,84.19,L25,DuraVision Plus Chrome UV,,ZEISS book p11; AdaptiveSun Polarised Grey/ Brown/ Pioneer; book $134.70 L20
ZEISS,ZEISS,SmartLife Digital Individual 3 1.50,,Anti-fatigue,1.50,AdaptiveSun Polarised,Freeform,grind,,-8.00,+5.00,-4.00,8.00,sphere,0.50,1.25,Add 0.50 to 1.25,127.69,85.12,L25,DuraVision Plus Sun UV,,ZEISS book p11; AdaptiveSun Polarised Grey/ Brown/ Pioneer; book $136.20 L20
ZEISS,ZEISS,SmartLife Digital Individual 3 1.50,,Anti-fatigue,1.50,AdaptiveSun Polarised,Freeform,grind,,-8.00,+5.00,-4.00,8.00,sphere,0.50,1.25,Add 0.50 to 1.25,100.73,67.16,L25,DSHC hard coat,,ZEISS book p11; AdaptiveSun Polarised Grey/ Brown/ Pioneer; book $107.45 L20
ZEISS,ZEISS,SmartLife Digital Individual 3 1.53,,Anti-fatigue,1.53,Clear,Freeform,grind,,-7.00,+5.00,-4.00,7.00,sphere,0.50,1.25,Add 0.50 to 1.25,92.58,61.72,L25,DuraVision Plus Gold UV,,ZEISS book p11; Clear; book $98.75 L20
ZEISS,ZEISS,SmartLife Digital Individual 3 1.53,,Anti-fatigue,1.53,Clear,Freeform,grind,,-7.00,+5.00,-4.00,7.00,sphere,0.50,1.25,Add 0.50 to 1.25,92.02,61.34,L25,DuraVision Plus Platinum UV,,ZEISS book p11; Clear; book $98.15 L20
ZEISS,ZEISS,SmartLife Digital Individual 3 1.53,,Anti-fatigue,1.53,Clear,Freeform,grind,,-7.00,+5.00,-4.00,7.00,sphere,0.50,1.25,Add 0.50 to 1.25,89.62,59.75,L25,DuraVision Plus Chrome UV,,ZEISS book p11; Clear; book $95.60 L20
ZEISS,ZEISS,SmartLife Digital Individual 3 1.53,,Anti-fatigue,1.53,Clear,Freeform,grind,,-7.00,+5.00,-4.00,7.00,sphere,0.50,1.25,Add 0.50 to 1.25,64.08,42.72,L25,DSHC hard coat,,ZEISS book p11; Clear; book $68.35 L20
ZEISS,ZEISS,SmartLife Digital Individual 3 1.53,,Anti-fatigue,1.53,Polarised,Freeform,grind,,-7.00,+5.00,-4.00,7.00,sphere,0.50,1.25,Add 0.50 to 1.25,122.58,81.72,L25,DuraVision Plus Gold UV,,ZEISS book p11; Polarised Grey/ Brown; book $130.75 L20
ZEISS,ZEISS,SmartLife Digital Individual 3 1.53,,Anti-fatigue,1.53,Polarised,Freeform,grind,,-7.00,+5.00,-4.00,7.00,sphere,0.50,1.25,Add 0.50 to 1.25,122.02,81.34,L25,DuraVision Plus Platinum UV,,ZEISS book p11; Polarised Grey/ Brown; book $130.15 L20
ZEISS,ZEISS,SmartLife Digital Individual 3 1.53,,Anti-fatigue,1.53,Polarised,Freeform,grind,,-7.00,+5.00,-4.00,7.00,sphere,0.50,1.25,Add 0.50 to 1.25,119.62,79.75,L25,DuraVision Plus Chrome UV,,ZEISS book p11; Polarised Grey/ Brown; book $127.60 L20
ZEISS,ZEISS,SmartLife Digital Individual 3 1.53,,Anti-fatigue,1.53,Polarised,Freeform,grind,,-7.00,+5.00,-4.00,7.00,sphere,0.50,1.25,Add 0.50 to 1.25,121.03,80.69,L25,DuraVision Plus Sun UV,,ZEISS book p11; Polarised Grey/ Brown; book $129.10 L20
ZEISS,ZEISS,SmartLife Digital Individual 3 1.53,,Anti-fatigue,1.53,Polarised,Freeform,grind,,-7.00,+5.00,-4.00,7.00,sphere,0.50,1.25,Add 0.50 to 1.25,94.08,62.72,L25,DSHC hard coat,,ZEISS book p11; Polarised Grey/ Brown; book $100.35 L20
ZEISS,ZEISS,SmartLife Digital Individual 3 1.59,,Anti-fatigue,1.59,Clear,Freeform,grind,,-10.00,+6.00,-6.00,10.00,sphere,0.50,1.25,Add 0.50 to 1.25,99.28,66.19,L25,DuraVision Plus Gold UV,,ZEISS book p11; Clear; book $105.90 L20
ZEISS,ZEISS,SmartLife Digital Individual 3 1.59,,Anti-fatigue,1.59,Clear,Freeform,grind,,-10.00,+6.00,-6.00,10.00,sphere,0.50,1.25,Add 0.50 to 1.25,98.72,65.81,L25,DuraVision Plus Platinum UV,,ZEISS book p11; Clear; book $105.30 L20
ZEISS,ZEISS,SmartLife Digital Individual 3 1.59,,Anti-fatigue,1.59,Clear,Freeform,grind,,-10.00,+6.00,-6.00,10.00,sphere,0.50,1.25,Add 0.50 to 1.25,96.33,64.22,L25,DuraVision Plus Chrome UV,,ZEISS book p11; Clear; book $102.75 L20
ZEISS,ZEISS,SmartLife Digital Individual 3 1.59,,Anti-fatigue,1.59,Clear,Freeform,grind,,-10.00,+6.00,-6.00,10.00,sphere,0.50,1.25,Add 0.50 to 1.25,70.78,47.19,L25,DSHC hard coat,,ZEISS book p11; Clear; book $75.50 L20
ZEISS,ZEISS,SmartLife Digital Individual 3 1.59,,Anti-fatigue,1.59,PhotoFusionX,Freeform,grind,,-10.00,+6.00,-6.00,10.00,sphere,0.50,1.25,Add 0.50 to 1.25,128.44,85.62,L25,DuraVision Plus Gold UV,,ZEISS book p11; PhotoFusionX Grey/Brown/Pioneer/Extra Grey/Blue/Burgundy/Black; book $137.00 L20
ZEISS,ZEISS,SmartLife Digital Individual 3 1.59,,Anti-fatigue,1.59,PhotoFusionX,Freeform,grind,,-10.00,+6.00,-6.00,10.00,sphere,0.50,1.25,Add 0.50 to 1.25,127.88,85.25,L25,DuraVision Plus Platinum UV,,ZEISS book p11; PhotoFusionX Grey/Brown/Pioneer/Extra Grey/Blue/Burgundy/Black; book $136.40 L20
ZEISS,ZEISS,SmartLife Digital Individual 3 1.59,,Anti-fatigue,1.59,PhotoFusionX,Freeform,grind,,-10.00,+6.00,-6.00,10.00,sphere,0.50,1.25,Add 0.50 to 1.25,125.48,83.66,L25,DuraVision Plus Chrome UV,,ZEISS book p11; PhotoFusionX Grey/Brown/Pioneer/Extra Grey/Blue/Burgundy/Black; book $133.85 L20
ZEISS,ZEISS,SmartLife Digital Individual 3 1.59,,Anti-fatigue,1.59,PhotoFusionX,Freeform,grind,,-10.00,+6.00,-6.00,10.00,sphere,0.50,1.25,Add 0.50 to 1.25,99.94,66.62,L25,DSHC hard coat,,ZEISS book p11; PhotoFusionX Grey/Brown/Pioneer/Extra Grey/Blue/Burgundy/Black; book $106.60 L20
ZEISS,ZEISS,SmartLife Digital Individual 3 1.59,,Anti-fatigue,1.59,Polarised,Freeform,grind,,-10.00,+6.00,-4.00,10.00,sphere,0.50,1.25,Add 0.50 to 1.25,129.28,86.19,L25,DuraVision Plus Gold UV,,ZEISS book p11; Polarised Grey/ Brown; book $137.90 L20
ZEISS,ZEISS,SmartLife Digital Individual 3 1.59,,Anti-fatigue,1.59,Polarised,Freeform,grind,,-10.00,+6.00,-4.00,10.00,sphere,0.50,1.25,Add 0.50 to 1.25,128.72,85.81,L25,DuraVision Plus Platinum UV,,ZEISS book p11; Polarised Grey/ Brown; book $137.30 L20
ZEISS,ZEISS,SmartLife Digital Individual 3 1.59,,Anti-fatigue,1.59,Polarised,Freeform,grind,,-10.00,+6.00,-4.00,10.00,sphere,0.50,1.25,Add 0.50 to 1.25,126.33,84.22,L25,DuraVision Plus Chrome UV,,ZEISS book p11; Polarised Grey/ Brown; book $134.75 L20
ZEISS,ZEISS,SmartLife Digital Individual 3 1.59,,Anti-fatigue,1.59,Polarised,Freeform,grind,,-10.00,+6.00,-4.00,10.00,sphere,0.50,1.25,Add 0.50 to 1.25,127.73,85.16,L25,DuraVision Plus Sun UV,,ZEISS book p11; Polarised Grey/ Brown; book $136.25 L20
ZEISS,ZEISS,SmartLife Digital Individual 3 1.59,,Anti-fatigue,1.59,Polarised,Freeform,grind,,-10.00,+6.00,-4.00,10.00,sphere,0.50,1.25,Add 0.50 to 1.25,100.78,67.19,L25,DSHC hard coat,,ZEISS book p11; Polarised Grey/ Brown; book $107.50 L20
ZEISS,ZEISS,SmartLife Digital Individual 3 1.60,,Anti-fatigue,1.60,Clear,Freeform,grind,,-10.00,+10.00,-6.00,10.00,sphere,0.50,1.25,Add 0.50 to 1.25,99.28,66.19,L25,DuraVision Plus Gold UV,,ZEISS book p11; Clear; book $105.90 L20
ZEISS,ZEISS,SmartLife Digital Individual 3 1.60,,Anti-fatigue,1.60,Clear,Freeform,grind,,-10.00,+10.00,-6.00,10.00,sphere,0.50,1.25,Add 0.50 to 1.25,98.72,65.81,L25,DuraVision Plus Platinum UV,,ZEISS book p11; Clear; book $105.30 L20
ZEISS,ZEISS,SmartLife Digital Individual 3 1.60,,Anti-fatigue,1.60,Clear,Freeform,grind,,-10.00,+10.00,-6.00,10.00,sphere,0.50,1.25,Add 0.50 to 1.25,96.33,64.22,L25,DuraVision Plus Chrome UV,,ZEISS book p11; Clear; book $102.75 L20
ZEISS,ZEISS,SmartLife Digital Individual 3 1.60,,Anti-fatigue,1.60,Clear,Freeform,grind,,-10.00,+10.00,-6.00,10.00,sphere,0.50,1.25,Add 0.50 to 1.25,70.78,47.19,L25,DSHC hard coat,,ZEISS book p11; Clear; book $75.50 L20
ZEISS,ZEISS,SmartLife Digital Individual 3 1.60,,Anti-fatigue,1.60,Clear BluePro,Freeform,grind,,-10.00,+10.00,-6.00,10.00,sphere,0.50,1.25,Add 0.50 to 1.25,101.34,67.56,L25,DuraVision Plus Gold UV,,ZEISS book p11; Clear BluePro; book $108.10 L20
ZEISS,ZEISS,SmartLife Digital Individual 3 1.60,,Anti-fatigue,1.60,Clear BluePro,Freeform,grind,,-10.00,+10.00,-6.00,10.00,sphere,0.50,1.25,Add 0.50 to 1.25,100.78,67.19,L25,DuraVision Plus Platinum UV,,ZEISS book p11; Clear BluePro; book $107.50 L20
ZEISS,ZEISS,SmartLife Digital Individual 3 1.60,,Anti-fatigue,1.60,Clear BluePro,Freeform,grind,,-10.00,+10.00,-6.00,10.00,sphere,0.50,1.25,Add 0.50 to 1.25,98.39,65.59,L25,DuraVision Plus Chrome UV,,ZEISS book p11; Clear BluePro; book $104.95 L20
ZEISS,ZEISS,SmartLife Digital Individual 3 1.60,,Anti-fatigue,1.60,PhotoFusionX,Freeform,grind,,-10.00,+6.00,-6.00,10.00,sphere,0.50,1.25,Add 0.50 to 1.25,128.44,85.62,L25,DuraVision Plus Gold UV,,ZEISS book p11; PhotoFusionX Grey/Brown/Pioneer/Extra Grey/Blue/Burgundy/Black; book $137.00 L20
ZEISS,ZEISS,SmartLife Digital Individual 3 1.60,,Anti-fatigue,1.60,PhotoFusionX,Freeform,grind,,-10.00,+6.00,-6.00,10.00,sphere,0.50,1.25,Add 0.50 to 1.25,127.88,85.25,L25,DuraVision Plus Platinum UV,,ZEISS book p11; PhotoFusionX Grey/Brown/Pioneer/Extra Grey/Blue/Burgundy/Black; book $136.40 L20
ZEISS,ZEISS,SmartLife Digital Individual 3 1.60,,Anti-fatigue,1.60,PhotoFusionX,Freeform,grind,,-10.00,+6.00,-6.00,10.00,sphere,0.50,1.25,Add 0.50 to 1.25,125.48,83.66,L25,DuraVision Plus Chrome UV,,ZEISS book p11; PhotoFusionX Grey/Brown/Pioneer/Extra Grey/Blue/Burgundy/Black; book $133.85 L20
ZEISS,ZEISS,SmartLife Digital Individual 3 1.60,,Anti-fatigue,1.60,PhotoFusionX,Freeform,grind,,-10.00,+6.00,-6.00,10.00,sphere,0.50,1.25,Add 0.50 to 1.25,99.94,66.62,L25,DSHC hard coat,,ZEISS book p11; PhotoFusionX Grey/Brown/Pioneer/Extra Grey/Blue/Burgundy/Black; book $106.60 L20
ZEISS,ZEISS,SmartLife Digital Individual 3 1.60,,Anti-fatigue,1.60,Polarised,Freeform,grind,,-11.00,+6.00,-6.00,11.00,sphere,0.50,1.25,Add 0.50 to 1.25,129.28,86.19,L25,DuraVision Plus Gold UV,,ZEISS book p11; Polarised Grey/ Brown/ Pioneer; book $137.90 L20
ZEISS,ZEISS,SmartLife Digital Individual 3 1.60,,Anti-fatigue,1.60,Polarised,Freeform,grind,,-11.00,+6.00,-6.00,11.00,sphere,0.50,1.25,Add 0.50 to 1.25,128.72,85.81,L25,DuraVision Plus Platinum UV,,ZEISS book p11; Polarised Grey/ Brown/ Pioneer; book $137.30 L20
ZEISS,ZEISS,SmartLife Digital Individual 3 1.60,,Anti-fatigue,1.60,Polarised,Freeform,grind,,-11.00,+6.00,-6.00,11.00,sphere,0.50,1.25,Add 0.50 to 1.25,126.33,84.22,L25,DuraVision Plus Chrome UV,,ZEISS book p11; Polarised Grey/ Brown/ Pioneer; book $134.75 L20
ZEISS,ZEISS,SmartLife Digital Individual 3 1.60,,Anti-fatigue,1.60,Polarised,Freeform,grind,,-11.00,+6.00,-6.00,11.00,sphere,0.50,1.25,Add 0.50 to 1.25,127.73,85.16,L25,DuraVision Plus Sun UV,,ZEISS book p11; Polarised Grey/ Brown/ Pioneer; book $136.25 L20
ZEISS,ZEISS,SmartLife Digital Individual 3 1.60,,Anti-fatigue,1.60,Polarised,Freeform,grind,,-11.00,+6.00,-6.00,11.00,sphere,0.50,1.25,Add 0.50 to 1.25,100.78,67.19,L25,DSHC hard coat,,ZEISS book p11; Polarised Grey/ Brown/ Pioneer; book $107.50 L20
ZEISS,ZEISS,SmartLife Digital Individual 3 1.60,,Anti-fatigue,1.60,AdaptiveSun PhotoFusion,Freeform,grind,,-10.00,+6.00,-6.00,10.00,sphere,0.50,1.25,Add 0.50 to 1.25,153.42,102.28,L25,DuraVision Plus Gold UV,,ZEISS book p11; AdaptiveSun PhotoFusion Grey/ Brown/ Pioneer/Blue; book $163.65 L20
ZEISS,ZEISS,SmartLife Digital Individual 3 1.60,,Anti-fatigue,1.60,AdaptiveSun PhotoFusion,Freeform,grind,,-10.00,+6.00,-6.00,10.00,sphere,0.50,1.25,Add 0.50 to 1.25,152.86,101.91,L25,DuraVision Plus Platinum UV,,ZEISS book p11; AdaptiveSun PhotoFusion Grey/ Brown/ Pioneer/Blue; book $163.05 L20
ZEISS,ZEISS,SmartLife Digital Individual 3 1.60,,Anti-fatigue,1.60,AdaptiveSun PhotoFusion,Freeform,grind,,-10.00,+6.00,-6.00,10.00,sphere,0.50,1.25,Add 0.50 to 1.25,150.47,100.31,L25,DuraVision Plus Chrome UV,,ZEISS book p11; AdaptiveSun PhotoFusion Grey/ Brown/ Pioneer/Blue; book $160.50 L20
ZEISS,ZEISS,SmartLife Digital Individual 3 1.60,,Anti-fatigue,1.60,AdaptiveSun PhotoFusion,Freeform,grind,,-10.00,+6.00,-6.00,10.00,sphere,0.50,1.25,Add 0.50 to 1.25,124.92,83.28,L25,DSHC hard coat,,ZEISS book p11; AdaptiveSun PhotoFusion Grey/ Brown/ Pioneer/Blue; book $133.25 L20
ZEISS,ZEISS,SmartLife Digital Individual 3 1.60,,Anti-fatigue,1.60,AdaptiveSun Polarised,Freeform,grind,,-11.00,+6.00,-6.00,11.00,sphere,0.50,1.25,Add 0.50 to 1.25,155.91,103.94,L25,DuraVision Plus Gold UV,,ZEISS book p11; AdaptiveSun Polarised Grey/ Brown/ Pioneer; book $166.30 L20
ZEISS,ZEISS,SmartLife Digital Individual 3 1.60,,Anti-fatigue,1.60,AdaptiveSun Polarised,Freeform,grind,,-11.00,+6.00,-6.00,11.00,sphere,0.50,1.25,Add 0.50 to 1.25,155.34,103.56,L25,DuraVision Plus Platinum UV,,ZEISS book p11; AdaptiveSun Polarised Grey/ Brown/ Pioneer; book $165.70 L20
ZEISS,ZEISS,SmartLife Digital Individual 3 1.60,,Anti-fatigue,1.60,AdaptiveSun Polarised,Freeform,grind,,-11.00,+6.00,-6.00,11.00,sphere,0.50,1.25,Add 0.50 to 1.25,152.95,101.97,L25,DuraVision Plus Chrome UV,,ZEISS book p11; AdaptiveSun Polarised Grey/ Brown/ Pioneer; book $163.15 L20
ZEISS,ZEISS,SmartLife Digital Individual 3 1.60,,Anti-fatigue,1.60,AdaptiveSun Polarised,Freeform,grind,,-11.00,+6.00,-6.00,11.00,sphere,0.50,1.25,Add 0.50 to 1.25,154.36,102.91,L25,DuraVision Plus Sun UV,,ZEISS book p11; AdaptiveSun Polarised Grey/ Brown/ Pioneer; book $164.65 L20
ZEISS,ZEISS,SmartLife Digital Individual 3 1.60,,Anti-fatigue,1.60,AdaptiveSun Polarised,Freeform,grind,,-11.00,+6.00,-6.00,11.00,sphere,0.50,1.25,Add 0.50 to 1.25,127.41,84.94,L25,DSHC hard coat,,ZEISS book p11; AdaptiveSun Polarised Grey/ Brown/ Pioneer; book $135.90 L20
ZEISS,ZEISS,SmartLife Digital Individual 3 1.67,,Anti-fatigue,1.67,Clear,Freeform,grind,,-12.00,+8.00,-6.00,12.00,sphere,0.50,1.25,Add 0.50 to 1.25,120.09,80.06,L25,DuraVision Plus Gold UV,,ZEISS book p11; Clear; book $128.10 L20
ZEISS,ZEISS,SmartLife Digital Individual 3 1.67,,Anti-fatigue,1.67,Clear,Freeform,grind,,-12.00,+8.00,-6.00,12.00,sphere,0.50,1.25,Add 0.50 to 1.25,119.53,79.69,L25,DuraVision Plus Platinum UV,,ZEISS book p11; Clear; book $127.50 L20
ZEISS,ZEISS,SmartLife Digital Individual 3 1.67,,Anti-fatigue,1.67,Clear,Freeform,grind,,-12.00,+8.00,-6.00,12.00,sphere,0.50,1.25,Add 0.50 to 1.25,117.14,78.09,L25,DuraVision Plus Chrome UV,,ZEISS book p11; Clear; book $124.95 L20
ZEISS,ZEISS,SmartLife Digital Individual 3 1.67,,Anti-fatigue,1.67,Clear BluePro,Freeform,grind,,-12.00,+8.00,-6.00,12.00,sphere,0.50,1.25,Add 0.50 to 1.25,122.16,81.44,L25,DuraVision Plus Gold UV,,ZEISS book p11; Clear BluePro; book $130.30 L20
ZEISS,ZEISS,SmartLife Digital Individual 3 1.67,,Anti-fatigue,1.67,Clear BluePro,Freeform,grind,,-12.00,+8.00,-6.00,12.00,sphere,0.50,1.25,Add 0.50 to 1.25,121.59,81.06,L25,DuraVision Plus Platinum UV,,ZEISS book p11; Clear BluePro; book $129.70 L20
ZEISS,ZEISS,SmartLife Digital Individual 3 1.67,,Anti-fatigue,1.67,Clear BluePro,Freeform,grind,,-12.00,+8.00,-6.00,12.00,sphere,0.50,1.25,Add 0.50 to 1.25,119.20,79.47,L25,DuraVision Plus Chrome UV,,ZEISS book p11; Clear BluePro; book $127.15 L20
ZEISS,ZEISS,SmartLife Digital Individual 3 1.67,,Anti-fatigue,1.67,PhotoFusionX,Freeform,grind,,-12.00,+8.00,-6.00,12.00,sphere,0.50,1.25,Add 0.50 to 1.25,149.25,99.50,L25,DuraVision Plus Gold UV,,ZEISS book p11; PhotoFusionX Grey/Brown/Pioneer/Extra Grey/Blue/Burgundy/Black; book $159.20 L20
ZEISS,ZEISS,SmartLife Digital Individual 3 1.67,,Anti-fatigue,1.67,PhotoFusionX,Freeform,grind,,-12.00,+8.00,-6.00,12.00,sphere,0.50,1.25,Add 0.50 to 1.25,148.69,99.12,L25,DuraVision Plus Platinum UV,,ZEISS book p11; PhotoFusionX Grey/Brown/Pioneer/Extra Grey/Blue/Burgundy/Black; book $158.60 L20
ZEISS,ZEISS,SmartLife Digital Individual 3 1.67,,Anti-fatigue,1.67,PhotoFusionX,Freeform,grind,,-12.00,+8.00,-6.00,12.00,sphere,0.50,1.25,Add 0.50 to 1.25,146.30,97.53,L25,DuraVision Plus Chrome UV,,ZEISS book p11; PhotoFusionX Grey/Brown/Pioneer/Extra Grey/Blue/Burgundy/Black; book $156.05 L20
ZEISS,ZEISS,SmartLife Digital Individual 3 1.67,,Anti-fatigue,1.67,Polarised,Freeform,grind,,-12.00,+8.00,-6.00,12.00,sphere,0.50,1.25,Add 0.50 to 1.25,150.09,100.06,L25,DuraVision Plus Gold UV,,ZEISS book p11; Polarised Grey/ Brown/ Pioneer; book $160.10 L20
ZEISS,ZEISS,SmartLife Digital Individual 3 1.67,,Anti-fatigue,1.67,Polarised,Freeform,grind,,-12.00,+8.00,-6.00,12.00,sphere,0.50,1.25,Add 0.50 to 1.25,149.53,99.69,L25,DuraVision Plus Platinum UV,,ZEISS book p11; Polarised Grey/ Brown/ Pioneer; book $159.50 L20
ZEISS,ZEISS,SmartLife Digital Individual 3 1.67,,Anti-fatigue,1.67,Polarised,Freeform,grind,,-12.00,+8.00,-6.00,12.00,sphere,0.50,1.25,Add 0.50 to 1.25,147.14,98.09,L25,DuraVision Plus Chrome UV,,ZEISS book p11; Polarised Grey/ Brown/ Pioneer; book $156.95 L20
ZEISS,ZEISS,SmartLife Digital Individual 3 1.67,,Anti-fatigue,1.67,Polarised,Freeform,grind,,-12.00,+8.00,-6.00,12.00,sphere,0.50,1.25,Add 0.50 to 1.25,148.55,99.03,L25,DuraVision Plus Sun UV,,ZEISS book p11; Polarised Grey/ Brown/ Pioneer; book $158.45 L20
ZEISS,ZEISS,SmartLife Digital Individual 3 1.67,,Anti-fatigue,1.67,AdaptiveSun PhotoFusion,Freeform,grind,,-12.00,+8.00,-6.00,12.00,sphere,0.50,1.25,Add 0.50 to 1.25,174.23,116.16,L25,DuraVision Plus Gold UV,,ZEISS book p11; AdaptiveSun PhotoFusion Grey/ Brown/ Pioneer; book $185.85 L20
ZEISS,ZEISS,SmartLife Digital Individual 3 1.67,,Anti-fatigue,1.67,AdaptiveSun PhotoFusion,Freeform,grind,,-12.00,+8.00,-6.00,12.00,sphere,0.50,1.25,Add 0.50 to 1.25,173.67,115.78,L25,DuraVision Plus Platinum UV,,ZEISS book p11; AdaptiveSun PhotoFusion Grey/ Brown/ Pioneer; book $185.25 L20
ZEISS,ZEISS,SmartLife Digital Individual 3 1.67,,Anti-fatigue,1.67,AdaptiveSun PhotoFusion,Freeform,grind,,-12.00,+8.00,-6.00,12.00,sphere,0.50,1.25,Add 0.50 to 1.25,171.28,114.19,L25,DuraVision Plus Chrome UV,,ZEISS book p11; AdaptiveSun PhotoFusion Grey/ Brown/ Pioneer; book $182.70 L20
ZEISS,ZEISS,SmartLife Digital Individual 3 1.74,,Anti-fatigue,1.74,Clear,Freeform,grind,,-20.00,+16.00,-6.00,20.00,sphere,0.50,1.25,Add 0.50 to 1.25,140.91,93.94,L25,DuraVision Plus Gold UV,,ZEISS book p11; Clear; book $150.30 L20
ZEISS,ZEISS,SmartLife Digital Individual 3 1.74,,Anti-fatigue,1.74,Clear,Freeform,grind,,-20.00,+16.00,-6.00,20.00,sphere,0.50,1.25,Add 0.50 to 1.25,140.34,93.56,L25,DuraVision Plus Platinum UV,,ZEISS book p11; Clear; book $149.70 L20
ZEISS,ZEISS,SmartLife Digital Individual 3 1.74,,Anti-fatigue,1.74,Clear,Freeform,grind,,-20.00,+16.00,-6.00,20.00,sphere,0.50,1.25,Add 0.50 to 1.25,137.95,91.97,L25,DuraVision Plus Chrome UV,,ZEISS book p11; Clear; book $147.15 L20
ZEISS,ZEISS,SmartLife Digital Individual 3 1.74,,Anti-fatigue,1.74,Clear BluePro,Freeform,grind,,-20.00,+16.00,-6.00,20.00,sphere,0.50,1.25,Add 0.50 to 1.25,143.02,95.34,L25,DuraVision Plus Gold UV,,ZEISS book p11; Clear BluePro; book $152.55 L20
ZEISS,ZEISS,SmartLife Digital Individual 3 1.74,,Anti-fatigue,1.74,Clear BluePro,Freeform,grind,,-20.00,+16.00,-6.00,20.00,sphere,0.50,1.25,Add 0.50 to 1.25,142.45,94.97,L25,DuraVision Plus Platinum UV,,ZEISS book p11; Clear BluePro; book $151.95 L20
ZEISS,ZEISS,SmartLife Digital Individual 3 1.74,,Anti-fatigue,1.74,Clear BluePro,Freeform,grind,,-20.00,+16.00,-6.00,20.00,sphere,0.50,1.25,Add 0.50 to 1.25,140.06,93.38,L25,DuraVision Plus Chrome UV,,ZEISS book p11; Clear BluePro; book $149.40 L20
ZEISS,ZEISS,SmartLife Digital Individual 3 1.74,,Anti-fatigue,1.74,PhotoFusionX,Freeform,grind,,-14.00,+9.00,-6.00,14.00,sphere,0.50,1.25,Add 0.50 to 1.25,170.06,113.38,L25,DuraVision Plus Gold UV,,ZEISS book p11; PhotoFusionX Grey/Brown/Extra Grey/Black; book $181.40 L20
ZEISS,ZEISS,SmartLife Digital Individual 3 1.74,,Anti-fatigue,1.74,PhotoFusionX,Freeform,grind,,-14.00,+9.00,-6.00,14.00,sphere,0.50,1.25,Add 0.50 to 1.25,169.50,113.00,L25,DuraVision Plus Platinum UV,,ZEISS book p11; PhotoFusionX Grey/Brown/Extra Grey/Black; book $180.80 L20
ZEISS,ZEISS,SmartLife Digital Individual 3 1.74,,Anti-fatigue,1.74,PhotoFusionX,Freeform,grind,,-14.00,+9.00,-6.00,14.00,sphere,0.50,1.25,Add 0.50 to 1.25,167.11,111.41,L25,DuraVision Plus Chrome UV,,ZEISS book p11; PhotoFusionX Grey/Brown/Extra Grey/Black; book $178.25 L20
ZEISS,ZEISS,SmartLife Digital 1.50,,Anti-fatigue,1.50,Clear,Freeform,grind,,-7.00,+6.00,-4.00,7.00,sphere,0.50,1.25,Add 0.50 to 1.25,63.80,42.53,L25,DuraVision Plus Gold UV,,ZEISS book p12; Clear; book $68.05 L20
ZEISS,ZEISS,SmartLife Digital 1.50,24616,Anti-fatigue,1.50,Clear,Freeform,grind,,-7.00,+6.00,-4.00,7.00,sphere,0.50,1.25,Add 0.50 to 1.25,45.00,,deal,DuraVision Plus Platinum UV,,ZEISS book p12; Clear; deal price fixed for the term (book $67.45 L20)
ZEISS,ZEISS,SmartLife Digital 1.50,,Anti-fatigue,1.50,Clear,Freeform,grind,,-7.00,+6.00,-4.00,7.00,sphere,0.50,1.25,Add 0.50 to 1.25,60.84,40.56,L25,DuraVision Plus Chrome UV,,ZEISS book p12; Clear; book $64.90 L20
ZEISS,ZEISS,SmartLife Digital 1.50,,Anti-fatigue,1.50,Clear,Freeform,grind,,-7.00,+6.00,-4.00,7.00,sphere,0.50,1.25,Add 0.50 to 1.25,35.30,23.53,L25,DSHC hard coat,,ZEISS book p12; Clear; book $37.65 L20
ZEISS,ZEISS,SmartLife Digital 1.50,,Anti-fatigue,1.50,Clear BluePro,Freeform,grind,,-7.00,+6.00,-4.00,7.00,sphere,0.50,1.25,Add 0.50 to 1.25,65.91,43.94,L25,DuraVision Plus Gold UV,,ZEISS book p12; Clear BluePro; book $70.30 L20
ZEISS,ZEISS,SmartLife Digital 1.50,36788,Anti-fatigue,1.50,Clear BluePro,Freeform,grind,,-7.00,+6.00,-4.00,7.00,sphere,0.50,1.25,Add 0.50 to 1.25,47.50,,deal,DuraVision Plus Platinum UV,,ZEISS book p12; Clear BluePro; deal price fixed for the term (book $69.70 L20)
ZEISS,ZEISS,SmartLife Digital 1.50,,Anti-fatigue,1.50,Clear BluePro,Freeform,grind,,-7.00,+6.00,-4.00,7.00,sphere,0.50,1.25,Add 0.50 to 1.25,62.95,41.97,L25,DuraVision Plus Chrome UV,,ZEISS book p12; Clear BluePro; book $67.15 L20
ZEISS,ZEISS,SmartLife Digital 1.50,,Anti-fatigue,1.50,PhotoFusionX,Freeform,grind,,-7.00,+5.00,-4.00,7.00,sphere,0.50,1.25,Add 0.50 to 1.25,92.95,61.97,L25,DuraVision Plus Gold UV,,ZEISS book p12; PhotoFusionX Grey/Brown/Pioneer/Extra Grey/Blue/Burgundy/Black; book $99.15 L20
ZEISS,ZEISS,SmartLife Digital 1.50,55930,Anti-fatigue,1.50,PhotoFusionX,Freeform,grind,,-7.00,+5.00,-4.00,7.00,sphere,0.50,1.25,Add 0.50 to 1.25,70.00,,deal,DuraVision Plus Platinum UV,,ZEISS book p12; PhotoFusionX Grey/Brown/Pioneer/Extra Grey/Blue/Burgundy/Black; deal price fixed for the term (book $98.55 L20)
ZEISS,ZEISS,SmartLife Digital 1.50,,Anti-fatigue,1.50,PhotoFusionX,Freeform,grind,,-7.00,+5.00,-4.00,7.00,sphere,0.50,1.25,Add 0.50 to 1.25,90.00,60.00,L25,DuraVision Plus Chrome UV,,ZEISS book p12; PhotoFusionX Grey/Brown/Pioneer/Extra Grey/Blue/Burgundy/Black; book $96.00 L20
ZEISS,ZEISS,SmartLife Digital 1.50,,Anti-fatigue,1.50,PhotoFusionX,Freeform,grind,,-7.00,+5.00,-4.00,7.00,sphere,0.50,1.25,Add 0.50 to 1.25,64.45,42.97,L25,DSHC hard coat,,ZEISS book p12; PhotoFusionX Grey/Brown/Pioneer/Extra Grey/Blue/Burgundy/Black; book $68.75 L20
ZEISS,ZEISS,SmartLife Digital 1.50,,Anti-fatigue,1.50,Polarised,Freeform,grind,,-8.00,+5.00,-4.00,8.00,sphere,0.50,1.25,Add 0.50 to 1.25,93.80,62.53,L25,DuraVision Plus Gold UV,,ZEISS book p12; Polarised Grey/ Brown/ Pioneer; book $100.05 L20
ZEISS,ZEISS,SmartLife Digital 1.50,59457,Anti-fatigue,1.50,Polarised,Freeform,grind,,-8.00,+5.00,-4.00,8.00,sphere,0.50,1.25,Add 0.50 to 1.25,70.00,,deal,DuraVision Plus Platinum UV,,ZEISS book p12; Polarised Grey/ Brown/ Pioneer; deal price fixed for the term (book $99.45 L20)
ZEISS,ZEISS,SmartLife Digital 1.50,,Anti-fatigue,1.50,Polarised,Freeform,grind,,-8.00,+5.00,-4.00,8.00,sphere,0.50,1.25,Add 0.50 to 1.25,90.84,60.56,L25,DuraVision Plus Chrome UV,,ZEISS book p12; Polarised Grey/ Brown/ Pioneer; book $96.90 L20
ZEISS,ZEISS,SmartLife Digital 1.50,,Anti-fatigue,1.50,Polarised,Freeform,grind,,-8.00,+5.00,-4.00,8.00,sphere,0.50,1.25,Add 0.50 to 1.25,92.25,61.50,L25,DuraVision Plus Sun UV,,ZEISS book p12; Polarised Grey/ Brown/ Pioneer; book $98.40 L20
ZEISS,ZEISS,SmartLife Digital 1.50,,Anti-fatigue,1.50,Polarised,Freeform,grind,,-8.00,+5.00,-4.00,8.00,sphere,0.50,1.25,Add 0.50 to 1.25,65.30,43.53,L25,DSHC hard coat,,ZEISS book p12; Polarised Grey/ Brown/ Pioneer; book $69.65 L20
ZEISS,ZEISS,SmartLife Digital 1.50,,Anti-fatigue,1.50,AdaptiveSun PhotoFusion,Freeform,grind,,-7.00,+5.00,-4.00,7.00,sphere,0.50,1.25,Add 0.50 to 1.25,117.94,78.62,L25,DuraVision Plus Gold UV,,ZEISS book p12; AdaptiveSun PhotoFusion Grey/ Brown/ Pioneer/Blue; book $125.80 L20
ZEISS,ZEISS,SmartLife Digital 1.50,,Anti-fatigue,1.50,AdaptiveSun PhotoFusion,Freeform,grind,,-7.00,+5.00,-4.00,7.00,sphere,0.50,1.25,Add 0.50 to 1.25,117.38,78.25,L25,DuraVision Plus Platinum UV,,ZEISS book p12; AdaptiveSun PhotoFusion Grey/ Brown/ Pioneer/Blue; book $125.20 L20
ZEISS,ZEISS,SmartLife Digital 1.50,,Anti-fatigue,1.50,AdaptiveSun PhotoFusion,Freeform,grind,,-7.00,+5.00,-4.00,7.00,sphere,0.50,1.25,Add 0.50 to 1.25,114.98,76.66,L25,DuraVision Plus Chrome UV,,ZEISS book p12; AdaptiveSun PhotoFusion Grey/ Brown/ Pioneer/Blue; book $122.65 L20
ZEISS,ZEISS,SmartLife Digital 1.50,,Anti-fatigue,1.50,AdaptiveSun PhotoFusion,Freeform,grind,,-7.00,+5.00,-4.00,7.00,sphere,0.50,1.25,Add 0.50 to 1.25,89.44,59.62,L25,DSHC hard coat,,ZEISS book p12; AdaptiveSun PhotoFusion Grey/ Brown/ Pioneer/Blue; book $95.40 L20
ZEISS,ZEISS,SmartLife Digital 1.50,,Anti-fatigue,1.50,AdaptiveSun Polarised,Freeform,grind,,-8.00,+5.00,-4.00,8.00,sphere,0.50,1.25,Add 0.50 to 1.25,120.42,80.28,L25,DuraVision Plus Gold UV,,ZEISS book p12; AdaptiveSun Polarised Grey/ Brown/ Pioneer; book $128.45 L20
ZEISS,ZEISS,SmartLife Digital 1.50,,Anti-fatigue,1.50,AdaptiveSun Polarised,Freeform,grind,,-8.00,+5.00,-4.00,8.00,sphere,0.50,1.25,Add 0.50 to 1.25,119.86,79.91,L25,DuraVision Plus Platinum UV,,ZEISS book p12; AdaptiveSun Polarised Grey/ Brown/ Pioneer; book $127.85 L20
ZEISS,ZEISS,SmartLife Digital 1.50,,Anti-fatigue,1.50,AdaptiveSun Polarised,Freeform,grind,,-8.00,+5.00,-4.00,8.00,sphere,0.50,1.25,Add 0.50 to 1.25,117.47,78.31,L25,DuraVision Plus Chrome UV,,ZEISS book p12; AdaptiveSun Polarised Grey/ Brown/ Pioneer; book $125.30 L20
ZEISS,ZEISS,SmartLife Digital 1.50,,Anti-fatigue,1.50,AdaptiveSun Polarised,Freeform,grind,,-8.00,+5.00,-4.00,8.00,sphere,0.50,1.25,Add 0.50 to 1.25,118.88,79.25,L25,DuraVision Plus Sun UV,,ZEISS book p12; AdaptiveSun Polarised Grey/ Brown/ Pioneer; book $126.80 L20
ZEISS,ZEISS,SmartLife Digital 1.50,,Anti-fatigue,1.50,AdaptiveSun Polarised,Freeform,grind,,-8.00,+5.00,-4.00,8.00,sphere,0.50,1.25,Add 0.50 to 1.25,91.92,61.28,L25,DSHC hard coat,,ZEISS book p12; AdaptiveSun Polarised Grey/ Brown/ Pioneer; book $98.05 L20
ZEISS,ZEISS,SmartLife Digital 1.53,,Anti-fatigue,1.53,Clear,Freeform,grind,,-7.00,+5.00,-4.00,7.00,sphere,0.50,1.25,Add 0.50 to 1.25,83.77,55.84,L25,DuraVision Plus Gold UV,,ZEISS book p12; Clear; book $89.35 L20
ZEISS,ZEISS,SmartLife Digital 1.53,,Anti-fatigue,1.53,Clear,Freeform,grind,,-7.00,+5.00,-4.00,7.00,sphere,0.50,1.25,Add 0.50 to 1.25,83.20,55.47,L25,DuraVision Plus Platinum UV,,ZEISS book p12; Clear; book $88.75 L20
ZEISS,ZEISS,SmartLife Digital 1.53,,Anti-fatigue,1.53,Clear,Freeform,grind,,-7.00,+5.00,-4.00,7.00,sphere,0.50,1.25,Add 0.50 to 1.25,80.81,53.88,L25,DuraVision Plus Chrome UV,,ZEISS book p12; Clear; book $86.20 L20
ZEISS,ZEISS,SmartLife Digital 1.53,,Anti-fatigue,1.53,Clear,Freeform,grind,,-7.00,+5.00,-4.00,7.00,sphere,0.50,1.25,Add 0.50 to 1.25,55.27,36.84,L25,DSHC hard coat,,ZEISS book p12; Clear; book $58.95 L20
ZEISS,ZEISS,SmartLife Digital 1.53,,Anti-fatigue,1.53,Polarised,Freeform,grind,,-7.00,+5.00,-4.00,7.00,sphere,0.50,1.25,Add 0.50 to 1.25,113.77,75.84,L25,DuraVision Plus Gold UV,,ZEISS book p12; Polarised Grey/ Brown; book $121.35 L20
ZEISS,ZEISS,SmartLife Digital 1.53,,Anti-fatigue,1.53,Polarised,Freeform,grind,,-7.00,+5.00,-4.00,7.00,sphere,0.50,1.25,Add 0.50 to 1.25,113.20,75.47,L25,DuraVision Plus Platinum UV,,ZEISS book p12; Polarised Grey/ Brown; book $120.75 L20
ZEISS,ZEISS,SmartLife Digital 1.53,,Anti-fatigue,1.53,Polarised,Freeform,grind,,-7.00,+5.00,-4.00,7.00,sphere,0.50,1.25,Add 0.50 to 1.25,110.81,73.88,L25,DuraVision Plus Chrome UV,,ZEISS book p12; Polarised Grey/ Brown; book $118.20 L20
ZEISS,ZEISS,SmartLife Digital 1.53,,Anti-fatigue,1.53,Polarised,Freeform,grind,,-7.00,+5.00,-4.00,7.00,sphere,0.50,1.25,Add 0.50 to 1.25,112.22,74.81,L25,DuraVision Plus Sun UV,,ZEISS book p12; Polarised Grey/ Brown; book $119.70 L20
ZEISS,ZEISS,SmartLife Digital 1.53,,Anti-fatigue,1.53,Polarised,Freeform,grind,,-7.00,+5.00,-4.00,7.00,sphere,0.50,1.25,Add 0.50 to 1.25,85.27,56.84,L25,DSHC hard coat,,ZEISS book p12; Polarised Grey/ Brown; book $90.95 L20
ZEISS,ZEISS,SmartLife Digital 1.59,,Anti-fatigue,1.59,Clear,Freeform,grind,,-10.00,+6.00,-6.00,10.00,sphere,0.50,1.25,Add 0.50 to 1.25,90.47,60.31,L25,DuraVision Plus Gold UV,,ZEISS book p12; Clear; book $96.50 L20
ZEISS,ZEISS,SmartLife Digital 1.59,,Anti-fatigue,1.59,Clear,Freeform,grind,,-10.00,+6.00,-6.00,10.00,sphere,0.50,1.25,Add 0.50 to 1.25,89.91,59.94,L25,DuraVision Plus Platinum UV,,ZEISS book p12; Clear; book $95.90 L20
ZEISS,ZEISS,SmartLife Digital 1.59,,Anti-fatigue,1.59,Clear,Freeform,grind,,-10.00,+6.00,-6.00,10.00,sphere,0.50,1.25,Add 0.50 to 1.25,87.52,58.34,L25,DuraVision Plus Chrome UV,,ZEISS book p12; Clear; book $93.35 L20
ZEISS,ZEISS,SmartLife Digital 1.59,,Anti-fatigue,1.59,Clear,Freeform,grind,,-10.00,+6.00,-6.00,10.00,sphere,0.50,1.25,Add 0.50 to 1.25,61.97,41.31,L25,DSHC hard coat,,ZEISS book p12; Clear; book $66.10 L20
ZEISS,ZEISS,SmartLife Digital 1.59,,Anti-fatigue,1.59,PhotoFusionX,Freeform,grind,,-10.00,+6.00,-6.00,10.00,sphere,0.50,1.25,Add 0.50 to 1.25,119.62,79.75,L25,DuraVision Plus Gold UV,,ZEISS book p12; PhotoFusionX Grey/Brown/Pioneer/Extra Grey/Blue/Burgundy/Black; book $127.60 L20
ZEISS,ZEISS,SmartLife Digital 1.59,,Anti-fatigue,1.59,PhotoFusionX,Freeform,grind,,-10.00,+6.00,-6.00,10.00,sphere,0.50,1.25,Add 0.50 to 1.25,119.06,79.38,L25,DuraVision Plus Platinum UV,,ZEISS book p12; PhotoFusionX Grey/Brown/Pioneer/Extra Grey/Blue/Burgundy/Black; book $127.00 L20
ZEISS,ZEISS,SmartLife Digital 1.59,,Anti-fatigue,1.59,PhotoFusionX,Freeform,grind,,-10.00,+6.00,-6.00,10.00,sphere,0.50,1.25,Add 0.50 to 1.25,116.67,77.78,L25,DuraVision Plus Chrome UV,,ZEISS book p12; PhotoFusionX Grey/Brown/Pioneer/Extra Grey/Blue/Burgundy/Black; book $124.45 L20
ZEISS,ZEISS,SmartLife Digital 1.59,,Anti-fatigue,1.59,PhotoFusionX,Freeform,grind,,-10.00,+6.00,-6.00,10.00,sphere,0.50,1.25,Add 0.50 to 1.25,91.12,60.75,L25,DSHC hard coat,,ZEISS book p12; PhotoFusionX Grey/Brown/Pioneer/Extra Grey/Blue/Burgundy/Black; book $97.20 L20
ZEISS,ZEISS,SmartLife Digital 1.59,,Anti-fatigue,1.59,Polarised,Freeform,grind,,-10.00,+6.00,-4.00,10.00,sphere,0.50,1.25,Add 0.50 to 1.25,120.47,80.31,L25,DuraVision Plus Gold UV,,ZEISS book p12; Polarised Grey/ Brown; book $128.50 L20
ZEISS,ZEISS,SmartLife Digital 1.59,,Anti-fatigue,1.59,Polarised,Freeform,grind,,-10.00,+6.00,-4.00,10.00,sphere,0.50,1.25,Add 0.50 to 1.25,119.91,79.94,L25,DuraVision Plus Platinum UV,,ZEISS book p12; Polarised Grey/ Brown; book $127.90 L20
ZEISS,ZEISS,SmartLife Digital 1.59,,Anti-fatigue,1.59,Polarised,Freeform,grind,,-10.00,+6.00,-4.00,10.00,sphere,0.50,1.25,Add 0.50 to 1.25,117.52,78.34,L25,DuraVision Plus Chrome UV,,ZEISS book p12; Polarised Grey/ Brown; book $125.35 L20
ZEISS,ZEISS,SmartLife Digital 1.59,,Anti-fatigue,1.59,Polarised,Freeform,grind,,-10.00,+6.00,-4.00,10.00,sphere,0.50,1.25,Add 0.50 to 1.25,118.92,79.28,L25,DuraVision Plus Sun UV,,ZEISS book p12; Polarised Grey/ Brown; book $126.85 L20
ZEISS,ZEISS,SmartLife Digital 1.59,,Anti-fatigue,1.59,Polarised,Freeform,grind,,-10.00,+6.00,-4.00,10.00,sphere,0.50,1.25,Add 0.50 to 1.25,91.97,61.31,L25,DSHC hard coat,,ZEISS book p12; Polarised Grey/ Brown; book $98.10 L20
ZEISS,ZEISS,SmartLife Digital 1.60,,Anti-fatigue,1.60,Clear,Freeform,grind,,-10.00,+10.00,-6.00,10.00,sphere,0.50,1.25,Add 0.50 to 1.25,90.47,60.31,L25,DuraVision Plus Gold UV,,ZEISS book p12; Clear; book $96.50 L20
ZEISS,ZEISS,SmartLife Digital 1.60,24566,Anti-fatigue,1.60,Clear,Freeform,grind,,-10.00,+10.00,-6.00,10.00,sphere,0.50,1.25,Add 0.50 to 1.25,70.00,,deal,DuraVision Plus Platinum UV,,ZEISS book p12; Clear; deal price fixed for the term (book $95.90 L20)
ZEISS,ZEISS,SmartLife Digital 1.60,,Anti-fatigue,1.60,Clear,Freeform,grind,,-10.00,+10.00,-6.00,10.00,sphere,0.50,1.25,Add 0.50 to 1.25,87.52,58.34,L25,DuraVision Plus Chrome UV,,ZEISS book p12; Clear; book $93.35 L20
ZEISS,ZEISS,SmartLife Digital 1.60,,Anti-fatigue,1.60,Clear,Freeform,grind,,-10.00,+10.00,-6.00,10.00,sphere,0.50,1.25,Add 0.50 to 1.25,61.97,41.31,L25,DSHC hard coat,,ZEISS book p12; Clear; book $66.10 L20
ZEISS,ZEISS,SmartLife Digital 1.60,,Anti-fatigue,1.60,Clear BluePro,Freeform,grind,,-10.00,+10.00,-6.00,10.00,sphere,0.50,1.25,Add 0.50 to 1.25,92.53,61.69,L25,DuraVision Plus Gold UV,,ZEISS book p12; Clear BluePro; book $98.70 L20
ZEISS,ZEISS,SmartLife Digital 1.60,36787,Anti-fatigue,1.60,Clear BluePro,Freeform,grind,,-10.00,+10.00,-6.00,10.00,sphere,0.50,1.25,Add 0.50 to 1.25,72.50,,deal,DuraVision Plus Platinum UV,,ZEISS book p12; Clear BluePro; deal price fixed for the term (book $98.10 L20)
ZEISS,ZEISS,SmartLife Digital 1.60,,Anti-fatigue,1.60,Clear BluePro,Freeform,grind,,-10.00,+10.00,-6.00,10.00,sphere,0.50,1.25,Add 0.50 to 1.25,89.58,59.72,L25,DuraVision Plus Chrome UV,,ZEISS book p12; Clear BluePro; book $95.55 L20
ZEISS,ZEISS,SmartLife Digital 1.60,,Anti-fatigue,1.60,PhotoFusionX,Freeform,grind,,-10.00,+6.00,-6.00,10.00,sphere,0.50,1.25,Add 0.50 to 1.25,119.62,79.75,L25,DuraVision Plus Gold UV,,ZEISS book p12; PhotoFusionX Grey/Brown/Pioneer/Extra Grey/Blue/Burgundy/Black; book $127.60 L20
ZEISS,ZEISS,SmartLife Digital 1.60,55927,Anti-fatigue,1.60,PhotoFusionX,Freeform,grind,,-10.00,+6.00,-6.00,10.00,sphere,0.50,1.25,Add 0.50 to 1.25,95.00,,deal,DuraVision Plus Platinum UV,,ZEISS book p12; PhotoFusionX Grey/Brown/Pioneer/Extra Grey/Blue/Burgundy/Black; deal price fixed for the term (book $127.00 L20)
ZEISS,ZEISS,SmartLife Digital 1.60,,Anti-fatigue,1.60,PhotoFusionX,Freeform,grind,,-10.00,+6.00,-6.00,10.00,sphere,0.50,1.25,Add 0.50 to 1.25,116.67,77.78,L25,DuraVision Plus Chrome UV,,ZEISS book p12; PhotoFusionX Grey/Brown/Pioneer/Extra Grey/Blue/Burgundy/Black; book $124.45 L20
ZEISS,ZEISS,SmartLife Digital 1.60,,Anti-fatigue,1.60,PhotoFusionX,Freeform,grind,,-10.00,+6.00,-6.00,10.00,sphere,0.50,1.25,Add 0.50 to 1.25,91.12,60.75,L25,DSHC hard coat,,ZEISS book p12; PhotoFusionX Grey/Brown/Pioneer/Extra Grey/Blue/Burgundy/Black; book $97.20 L20
ZEISS,ZEISS,SmartLife Digital 1.60,,Anti-fatigue,1.60,Polarised,Freeform,grind,,-11.00,+6.00,-6.00,11.00,sphere,0.50,1.25,Add 0.50 to 1.25,120.47,80.31,L25,DuraVision Plus Gold UV,,ZEISS book p12; Polarised Grey/ Brown/ Pioneer; book $128.50 L20
ZEISS,ZEISS,SmartLife Digital 1.60,59452,Anti-fatigue,1.60,Polarised,Freeform,grind,,-11.00,+6.00,-6.00,11.00,sphere,0.50,1.25,Add 0.50 to 1.25,95.00,,deal,DuraVision Plus Platinum UV,,ZEISS book p12; Polarised Grey/ Brown/ Pioneer; deal price fixed for the term (book $127.90 L20)
ZEISS,ZEISS,SmartLife Digital 1.60,,Anti-fatigue,1.60,Polarised,Freeform,grind,,-11.00,+6.00,-6.00,11.00,sphere,0.50,1.25,Add 0.50 to 1.25,117.52,78.34,L25,DuraVision Plus Chrome UV,,ZEISS book p12; Polarised Grey/ Brown/ Pioneer; book $125.35 L20
ZEISS,ZEISS,SmartLife Digital 1.60,,Anti-fatigue,1.60,Polarised,Freeform,grind,,-11.00,+6.00,-6.00,11.00,sphere,0.50,1.25,Add 0.50 to 1.25,118.92,79.28,L25,DuraVision Plus Sun UV,,ZEISS book p12; Polarised Grey/ Brown/ Pioneer; book $126.85 L20
ZEISS,ZEISS,SmartLife Digital 1.60,,Anti-fatigue,1.60,Polarised,Freeform,grind,,-11.00,+6.00,-6.00,11.00,sphere,0.50,1.25,Add 0.50 to 1.25,91.97,61.31,L25,DSHC hard coat,,ZEISS book p12; Polarised Grey/ Brown/ Pioneer; book $98.10 L20
ZEISS,ZEISS,SmartLife Digital 1.60,,Anti-fatigue,1.60,AdaptiveSun PhotoFusion,Freeform,grind,,-10.00,+6.00,-6.00,10.00,sphere,0.50,1.25,Add 0.50 to 1.25,144.61,96.41,L25,DuraVision Plus Gold UV,,ZEISS book p12; AdaptiveSun PhotoFusion Grey/ Brown/ Pioneer/Blue; book $154.25 L20
ZEISS,ZEISS,SmartLife Digital 1.60,,Anti-fatigue,1.60,AdaptiveSun PhotoFusion,Freeform,grind,,-10.00,+6.00,-6.00,10.00,sphere,0.50,1.25,Add 0.50 to 1.25,144.05,96.03,L25,DuraVision Plus Platinum UV,,ZEISS book p12; AdaptiveSun PhotoFusion Grey/ Brown/ Pioneer/Blue; book $153.65 L20
ZEISS,ZEISS,SmartLife Digital 1.60,,Anti-fatigue,1.60,AdaptiveSun PhotoFusion,Freeform,grind,,-10.00,+6.00,-6.00,10.00,sphere,0.50,1.25,Add 0.50 to 1.25,141.66,94.44,L25,DuraVision Plus Chrome UV,,ZEISS book p12; AdaptiveSun PhotoFusion Grey/ Brown/ Pioneer/Blue; book $151.10 L20
ZEISS,ZEISS,SmartLife Digital 1.60,,Anti-fatigue,1.60,AdaptiveSun PhotoFusion,Freeform,grind,,-10.00,+6.00,-6.00,10.00,sphere,0.50,1.25,Add 0.50 to 1.25,116.11,77.41,L25,DSHC hard coat,,ZEISS book p12; AdaptiveSun PhotoFusion Grey/ Brown/ Pioneer/Blue; book $123.85 L20
ZEISS,ZEISS,SmartLife Digital 1.60,,Anti-fatigue,1.60,AdaptiveSun Polarised,Freeform,grind,,-11.00,+6.00,-6.00,11.00,sphere,0.50,1.25,Add 0.50 to 1.25,147.09,98.06,L25,DuraVision Plus Gold UV,,ZEISS book p12; AdaptiveSun Polarised Grey/ Brown/ Pioneer; book $156.90 L20
ZEISS,ZEISS,SmartLife Digital 1.60,,Anti-fatigue,1.60,AdaptiveSun Polarised,Freeform,grind,,-11.00,+6.00,-6.00,11.00,sphere,0.50,1.25,Add 0.50 to 1.25,146.53,97.69,L25,DuraVision Plus Platinum UV,,ZEISS book p12; AdaptiveSun Polarised Grey/ Brown/ Pioneer; book $156.30 L20
ZEISS,ZEISS,SmartLife Digital 1.60,,Anti-fatigue,1.60,AdaptiveSun Polarised,Freeform,grind,,-11.00,+6.00,-6.00,11.00,sphere,0.50,1.25,Add 0.50 to 1.25,144.14,96.09,L25,DuraVision Plus Chrome UV,,ZEISS book p12; AdaptiveSun Polarised Grey/ Brown/ Pioneer; book $153.75 L20
ZEISS,ZEISS,SmartLife Digital 1.60,,Anti-fatigue,1.60,AdaptiveSun Polarised,Freeform,grind,,-11.00,+6.00,-6.00,11.00,sphere,0.50,1.25,Add 0.50 to 1.25,145.55,97.03,L25,DuraVision Plus Sun UV,,ZEISS book p12; AdaptiveSun Polarised Grey/ Brown/ Pioneer; book $155.25 L20
ZEISS,ZEISS,SmartLife Digital 1.60,,Anti-fatigue,1.60,AdaptiveSun Polarised,Freeform,grind,,-11.00,+6.00,-6.00,11.00,sphere,0.50,1.25,Add 0.50 to 1.25,118.59,79.06,L25,DSHC hard coat,,ZEISS book p12; AdaptiveSun Polarised Grey/ Brown/ Pioneer; book $126.50 L20
ZEISS,ZEISS,SmartLife Digital 1.67,,Anti-fatigue,1.67,Clear,Freeform,grind,,-12.00,+8.00,-6.00,12.00,sphere,0.50,1.25,Add 0.50 to 1.25,111.28,74.19,L25,DuraVision Plus Gold UV,,ZEISS book p12; Clear; book $118.70 L20
ZEISS,ZEISS,SmartLife Digital 1.67,24545,Anti-fatigue,1.67,Clear,Freeform,grind,,-12.00,+8.00,-6.00,12.00,sphere,0.50,1.25,Add 0.50 to 1.25,80.00,,deal,DuraVision Plus Platinum UV,,ZEISS book p12; Clear; deal price fixed for the term (book $118.10 L20)
ZEISS,ZEISS,SmartLife Digital 1.67,,Anti-fatigue,1.67,Clear,Freeform,grind,,-12.00,+8.00,-6.00,12.00,sphere,0.50,1.25,Add 0.50 to 1.25,108.33,72.22,L25,DuraVision Plus Chrome UV,,ZEISS book p12; Clear; book $115.55 L20
ZEISS,ZEISS,SmartLife Digital 1.67,,Anti-fatigue,1.67,Clear BluePro,Freeform,grind,,-12.00,+8.00,-6.00,12.00,sphere,0.50,1.25,Add 0.50 to 1.25,113.34,75.56,L25,DuraVision Plus Gold UV,,ZEISS book p12; Clear BluePro; book $120.90 L20
ZEISS,ZEISS,SmartLife Digital 1.67,36786,Anti-fatigue,1.67,Clear BluePro,Freeform,grind,,-12.00,+8.00,-6.00,12.00,sphere,0.50,1.25,Add 0.50 to 1.25,82.50,,deal,DuraVision Plus Platinum UV,,ZEISS book p12; Clear BluePro; deal price fixed for the term (book $120.30 L20)
ZEISS,ZEISS,SmartLife Digital 1.67,,Anti-fatigue,1.67,Clear BluePro,Freeform,grind,,-12.00,+8.00,-6.00,12.00,sphere,0.50,1.25,Add 0.50 to 1.25,110.39,73.59,L25,DuraVision Plus Chrome UV,,ZEISS book p12; Clear BluePro; book $117.75 L20
ZEISS,ZEISS,SmartLife Digital 1.67,,Anti-fatigue,1.67,PhotoFusionX,Freeform,grind,,-12.00,+8.00,-6.00,12.00,sphere,0.50,1.25,Add 0.50 to 1.25,140.44,93.62,L25,DuraVision Plus Gold UV,,ZEISS book p12; PhotoFusionX Grey/Brown/Pioneer/Extra Grey/Blue/Burgundy/Black; book $149.80 L20
ZEISS,ZEISS,SmartLife Digital 1.67,55926,Anti-fatigue,1.67,PhotoFusionX,Freeform,grind,,-12.00,+8.00,-6.00,12.00,sphere,0.50,1.25,Add 0.50 to 1.25,105.00,,deal,DuraVision Plus Platinum UV,,ZEISS book p12; PhotoFusionX Grey/Brown/Pioneer/Extra Grey/Blue/Burgundy/Black; deal price fixed for the term (book $149.20 L20)
ZEISS,ZEISS,SmartLife Digital 1.67,,Anti-fatigue,1.67,PhotoFusionX,Freeform,grind,,-12.00,+8.00,-6.00,12.00,sphere,0.50,1.25,Add 0.50 to 1.25,137.48,91.66,L25,DuraVision Plus Chrome UV,,ZEISS book p12; PhotoFusionX Grey/Brown/Pioneer/Extra Grey/Blue/Burgundy/Black; book $146.65 L20
ZEISS,ZEISS,SmartLife Digital 1.67,,Anti-fatigue,1.67,Polarised,Freeform,grind,,-12.00,+8.00,-6.00,12.00,sphere,0.50,1.25,Add 0.50 to 1.25,141.28,94.19,L25,DuraVision Plus Gold UV,,ZEISS book p12; Polarised Grey/ Brown/ Pioneer; book $150.70 L20
ZEISS,ZEISS,SmartLife Digital 1.67,59450,Anti-fatigue,1.67,Polarised,Freeform,grind,,-12.00,+8.00,-6.00,12.00,sphere,0.50,1.25,Add 0.50 to 1.25,105.00,,deal,DuraVision Plus Platinum UV,,ZEISS book p12; Polarised Grey/ Brown/ Pioneer; deal price fixed for the term (book $150.10 L20)
ZEISS,ZEISS,SmartLife Digital 1.67,,Anti-fatigue,1.67,Polarised,Freeform,grind,,-12.00,+8.00,-6.00,12.00,sphere,0.50,1.25,Add 0.50 to 1.25,138.33,92.22,L25,DuraVision Plus Chrome UV,,ZEISS book p12; Polarised Grey/ Brown/ Pioneer; book $147.55 L20
ZEISS,ZEISS,SmartLife Digital 1.67,,Anti-fatigue,1.67,Polarised,Freeform,grind,,-12.00,+8.00,-6.00,12.00,sphere,0.50,1.25,Add 0.50 to 1.25,139.73,93.16,L25,DuraVision Plus Sun UV,,ZEISS book p12; Polarised Grey/ Brown/ Pioneer; book $149.05 L20
ZEISS,ZEISS,SmartLife Digital 1.67,,Anti-fatigue,1.67,AdaptiveSun PhotoFusion,Freeform,grind,,-12.00,+8.00,-6.00,12.00,sphere,0.50,1.25,Add 0.50 to 1.25,165.42,110.28,L25,DuraVision Plus Gold UV,,ZEISS book p12; AdaptiveSun PhotoFusion Grey/ Brown/ Pioneer; book $176.45 L20
ZEISS,ZEISS,SmartLife Digital 1.67,,Anti-fatigue,1.67,AdaptiveSun PhotoFusion,Freeform,grind,,-12.00,+8.00,-6.00,12.00,sphere,0.50,1.25,Add 0.50 to 1.25,164.86,109.91,L25,DuraVision Plus Platinum UV,,ZEISS book p12; AdaptiveSun PhotoFusion Grey/ Brown/ Pioneer; book $175.85 L20
ZEISS,ZEISS,SmartLife Digital 1.67,,Anti-fatigue,1.67,AdaptiveSun PhotoFusion,Freeform,grind,,-12.00,+8.00,-6.00,12.00,sphere,0.50,1.25,Add 0.50 to 1.25,162.47,108.31,L25,DuraVision Plus Chrome UV,,ZEISS book p12; AdaptiveSun PhotoFusion Grey/ Brown/ Pioneer; book $173.30 L20
ZEISS,ZEISS,SmartLife Digital 1.74,,Anti-fatigue,1.74,Clear,Freeform,grind,,-20.00,+16.00,-6.00,20.00,sphere,0.50,1.25,Add 0.50 to 1.25,132.09,88.06,L25,DuraVision Plus Gold UV,,ZEISS book p12; Clear; book $140.90 L20
ZEISS,ZEISS,SmartLife Digital 1.74,24528,Anti-fatigue,1.74,Clear,Freeform,grind,,-20.00,+16.00,-6.00,20.00,sphere,0.50,1.25,Add 0.50 to 1.25,85.00,,deal,DuraVision Plus Platinum UV,,ZEISS book p12; Clear; deal price fixed for the term (book $140.30 L20)
ZEISS,ZEISS,SmartLife Digital 1.74,,Anti-fatigue,1.74,Clear,Freeform,grind,,-20.00,+16.00,-6.00,20.00,sphere,0.50,1.25,Add 0.50 to 1.25,129.14,86.09,L25,DuraVision Plus Chrome UV,,ZEISS book p12; Clear; book $137.75 L20
ZEISS,ZEISS,SmartLife Digital 1.74,,Anti-fatigue,1.74,Clear BluePro,Freeform,grind,,-20.00,+16.00,-6.00,20.00,sphere,0.50,1.25,Add 0.50 to 1.25,134.20,89.47,L25,DuraVision Plus Gold UV,,ZEISS book p12; Clear BluePro; book $143.15 L20
ZEISS,ZEISS,SmartLife Digital 1.74,36785,Anti-fatigue,1.74,Clear BluePro,Freeform,grind,,-20.00,+16.00,-6.00,20.00,sphere,0.50,1.25,Add 0.50 to 1.25,87.50,,deal,DuraVision Plus Platinum UV,,ZEISS book p12; Clear BluePro; deal price fixed for the term (book $142.55 L20)
ZEISS,ZEISS,SmartLife Digital 1.74,,Anti-fatigue,1.74,Clear BluePro,Freeform,grind,,-20.00,+16.00,-6.00,20.00,sphere,0.50,1.25,Add 0.50 to 1.25,131.25,87.50,L25,DuraVision Plus Chrome UV,,ZEISS book p12; Clear BluePro; book $140.00 L20
ZEISS,ZEISS,SmartLife Digital 1.74,,Anti-fatigue,1.74,PhotoFusionX,Freeform,grind,,-14.00,+9.00,-6.00,14.00,sphere,0.50,1.25,Add 0.50 to 1.25,160.50,107.00,L25,DuraVision Plus Gold UV,,ZEISS book p12; PhotoFusionX Grey/Brown/Extra Grey/Black; book $171.20 L20
ZEISS,ZEISS,SmartLife Digital 1.74,,Anti-fatigue,1.74,PhotoFusionX,Freeform,grind,,-14.00,+9.00,-6.00,14.00,sphere,0.50,1.25,Add 0.50 to 1.25,159.94,106.62,L25,DuraVision Plus Platinum UV,,ZEISS book p12; PhotoFusionX Grey/Brown/Extra Grey/Black; book $170.60 L20
ZEISS,ZEISS,SmartLife Digital 1.74,,Anti-fatigue,1.74,PhotoFusionX,Freeform,grind,,-14.00,+9.00,-6.00,14.00,sphere,0.50,1.25,Add 0.50 to 1.25,157.55,105.03,L25,DuraVision Plus Chrome UV,,ZEISS book p12; PhotoFusionX Grey/Brown/Extra Grey/Black; book $168.05 L20
ZEISS,ZEISS,Office Lens Individual 1.50,,Occupational,1.50,Clear,Freeform,grind,,-6.00,+5.00,-4.00,6.00,sphere,0.75,3.50,Add 0.75 to 3.50,77.91,51.94,L25,DuraVision Plus Gold UV,,ZEISS book p13; Clear; book $83.10 L20
ZEISS,ZEISS,Office Lens Individual 1.50,,Occupational,1.50,Clear,Freeform,grind,,-6.00,+5.00,-4.00,6.00,sphere,0.75,3.50,Add 0.75 to 3.50,77.34,51.56,L25,DuraVision Plus Platinum UV,,ZEISS book p13; Clear; book $82.50 L20
ZEISS,ZEISS,Office Lens Individual 1.50,,Occupational,1.50,Clear,Freeform,grind,,-6.00,+5.00,-4.00,6.00,sphere,0.75,3.50,Add 0.75 to 3.50,74.95,49.97,L25,DuraVision Plus Chrome UV,,ZEISS book p13; Clear; book $79.95 L20
ZEISS,ZEISS,Office Lens Individual 1.50,,Occupational,1.50,Clear,Freeform,grind,,-6.00,+5.00,-4.00,6.00,sphere,0.75,3.50,Add 0.75 to 3.50,49.41,32.94,L25,DSHC hard coat,,ZEISS book p13; Clear; book $52.70 L20
ZEISS,ZEISS,Office Lens Individual 1.50,,Occupational,1.50,Clear BluePro,Freeform,grind,,-6.00,+5.00,-4.00,6.00,sphere,0.75,3.50,Add 0.75 to 3.50,79.97,53.31,L25,DuraVision Plus Gold UV,,ZEISS book p13; Clear BluePro; book $85.30 L20
ZEISS,ZEISS,Office Lens Individual 1.50,,Occupational,1.50,Clear BluePro,Freeform,grind,,-6.00,+5.00,-4.00,6.00,sphere,0.75,3.50,Add 0.75 to 3.50,79.41,52.94,L25,DuraVision Plus Platinum UV,,ZEISS book p13; Clear BluePro; book $84.70 L20
ZEISS,ZEISS,Office Lens Individual 1.50,,Occupational,1.50,Clear BluePro,Freeform,grind,,-6.00,+5.00,-4.00,6.00,sphere,0.75,3.50,Add 0.75 to 3.50,77.02,51.34,L25,DuraVision Plus Chrome UV,,ZEISS book p13; Clear BluePro; book $82.15 L20
ZEISS,ZEISS,Office Lens Individual 1.53,,Occupational,1.53,Clear,Freeform,grind,,-7.00,+5.00,-4.00,7.00,sphere,0.75,3.50,Add 0.75 to 3.50,97.88,65.25,L25,DuraVision Plus Gold UV,,ZEISS book p13; Clear; book $104.40 L20
ZEISS,ZEISS,Office Lens Individual 1.53,,Occupational,1.53,Clear,Freeform,grind,,-7.00,+5.00,-4.00,7.00,sphere,0.75,3.50,Add 0.75 to 3.50,97.31,64.88,L25,DuraVision Plus Platinum UV,,ZEISS book p13; Clear; book $103.80 L20
ZEISS,ZEISS,Office Lens Individual 1.53,,Occupational,1.53,Clear,Freeform,grind,,-7.00,+5.00,-4.00,7.00,sphere,0.75,3.50,Add 0.75 to 3.50,94.92,63.28,L25,DuraVision Plus Chrome UV,,ZEISS book p13; Clear; book $101.25 L20
ZEISS,ZEISS,Office Lens Individual 1.53,,Occupational,1.53,Clear,Freeform,grind,,-7.00,+5.00,-4.00,7.00,sphere,0.75,3.50,Add 0.75 to 3.50,69.38,46.25,L25,DSHC hard coat,,ZEISS book p13; Clear; book $74.00 L20
ZEISS,ZEISS,Office Lens Individual 1.59,,Occupational,1.59,Clear,Freeform,grind,,-10.00,+6.00,-6.00,10.00,sphere,0.75,4.00,Add 0.75 to 4.00,104.53,69.69,L25,DuraVision Plus Gold UV,,ZEISS book p13; Clear; book $111.50 L20
ZEISS,ZEISS,Office Lens Individual 1.59,,Occupational,1.59,Clear,Freeform,grind,,-10.00,+6.00,-6.00,10.00,sphere,0.75,4.00,Add 0.75 to 4.00,103.97,69.31,L25,DuraVision Plus Platinum UV,,ZEISS book p13; Clear; book $110.90 L20
ZEISS,ZEISS,Office Lens Individual 1.59,,Occupational,1.59,Clear,Freeform,grind,,-10.00,+6.00,-6.00,10.00,sphere,0.75,4.00,Add 0.75 to 4.00,101.58,67.72,L25,DuraVision Plus Chrome UV,,ZEISS book p13; Clear; book $108.35 L20
ZEISS,ZEISS,Office Lens Individual 1.59,,Occupational,1.59,Clear,Freeform,grind,,-10.00,+6.00,-6.00,10.00,sphere,0.75,4.00,Add 0.75 to 4.00,76.03,50.69,L25,DSHC hard coat,,ZEISS book p13; Clear; book $81.10 L20
ZEISS,ZEISS,Office Lens Individual 1.60,,Occupational,1.60,Clear,Freeform,grind,,-10.00,+6.00,-6.00,10.00,sphere,0.75,3.50,Add 0.75 to 3.50,104.53,69.69,L25,DuraVision Plus Gold UV,,ZEISS book p13; Clear; book $111.50 L20
ZEISS,ZEISS,Office Lens Individual 1.60,,Occupational,1.60,Clear,Freeform,grind,,-10.00,+6.00,-6.00,10.00,sphere,0.75,3.50,Add 0.75 to 3.50,103.97,69.31,L25,DuraVision Plus Platinum UV,,ZEISS book p13; Clear; book $110.90 L20
ZEISS,ZEISS,Office Lens Individual 1.60,,Occupational,1.60,Clear,Freeform,grind,,-10.00,+6.00,-6.00,10.00,sphere,0.75,3.50,Add 0.75 to 3.50,101.58,67.72,L25,DuraVision Plus Chrome UV,,ZEISS book p13; Clear; book $108.35 L20
ZEISS,ZEISS,Office Lens Individual 1.60,,Occupational,1.60,Clear,Freeform,grind,,-10.00,+6.00,-6.00,10.00,sphere,0.75,3.50,Add 0.75 to 3.50,76.03,50.69,L25,DSHC hard coat,,ZEISS book p13; Clear; book $81.10 L20
ZEISS,ZEISS,Office Lens Individual 1.60,,Occupational,1.60,Clear BluePro,Freeform,grind,,-10.00,+6.00,-6.00,10.00,sphere,0.75,4.00,Add 0.75 to 4.00,106.64,71.09,L25,DuraVision Plus Gold UV,,ZEISS book p13; Clear BluePro; book $113.75 L20
ZEISS,ZEISS,Office Lens Individual 1.60,,Occupational,1.60,Clear BluePro,Freeform,grind,,-10.00,+6.00,-6.00,10.00,sphere,0.75,4.00,Add 0.75 to 4.00,106.08,70.72,L25,DuraVision Plus Platinum UV,,ZEISS book p13; Clear BluePro; book $113.15 L20
ZEISS,ZEISS,Office Lens Individual 1.60,,Occupational,1.60,Clear BluePro,Freeform,grind,,-10.00,+6.00,-6.00,10.00,sphere,0.75,4.00,Add 0.75 to 4.00,103.69,69.12,L25,DuraVision Plus Chrome UV,,ZEISS book p13; Clear BluePro; book $110.60 L20
ZEISS,ZEISS,Office Lens Individual 1.67,,Occupational,1.67,Clear,Freeform,grind,,-12.00,+8.00,-6.00,12.00,sphere,0.75,3.50,Add 0.75 to 3.50,125.39,83.59,L25,DuraVision Plus Gold UV,,ZEISS book p13; Clear; book $133.75 L20
ZEISS,ZEISS,Office Lens Individual 1.67,,Occupational,1.67,Clear,Freeform,grind,,-12.00,+8.00,-6.00,12.00,sphere,0.75,3.50,Add 0.75 to 3.50,124.83,83.22,L25,DuraVision Plus Platinum UV,,ZEISS book p13; Clear; book $133.15 L20
ZEISS,ZEISS,Office Lens Individual 1.67,,Occupational,1.67,Clear,Freeform,grind,,-12.00,+8.00,-6.00,12.00,sphere,0.75,3.50,Add 0.75 to 3.50,122.44,81.62,L25,DuraVision Plus Chrome UV,,ZEISS book p13; Clear; book $130.60 L20
ZEISS,ZEISS,Office Lens Individual 1.67,,Occupational,1.67,Clear BluePro,Freeform,grind,,-12.00,+8.00,-6.00,12.00,sphere,0.75,3.50,Add 0.75 to 3.50,127.45,84.97,L25,DuraVision Plus Gold UV,,ZEISS book p13; Clear BluePro; book $135.95 L20
ZEISS,ZEISS,Office Lens Individual 1.67,,Occupational,1.67,Clear BluePro,Freeform,grind,,-12.00,+8.00,-6.00,12.00,sphere,0.75,3.50,Add 0.75 to 3.50,126.89,84.59,L25,DuraVision Plus Platinum UV,,ZEISS book p13; Clear BluePro; book $135.35 L20
ZEISS,ZEISS,Office Lens Individual 1.67,,Occupational,1.67,Clear BluePro,Freeform,grind,,-12.00,+8.00,-6.00,12.00,sphere,0.75,3.50,Add 0.75 to 3.50,124.50,83.00,L25,DuraVision Plus Chrome UV,,ZEISS book p13; Clear BluePro; book $132.80 L20
ZEISS,ZEISS,Office Lens Individual 1.74,,Occupational,1.74,Clear,Freeform,grind,,-14.00,+9.00,-6.00,14.00,sphere,0.75,3.50,Add 0.75 to 3.50,146.20,97.47,L25,DuraVision Plus Gold UV,,ZEISS book p13; Clear; book $155.95 L20
ZEISS,ZEISS,Office Lens Individual 1.74,,Occupational,1.74,Clear,Freeform,grind,,-14.00,+9.00,-6.00,14.00,sphere,0.75,3.50,Add 0.75 to 3.50,145.64,97.09,L25,DuraVision Plus Platinum UV,,ZEISS book p13; Clear; book $155.35 L20
ZEISS,ZEISS,Office Lens Individual 1.74,,Occupational,1.74,Clear,Freeform,grind,,-14.00,+9.00,-6.00,14.00,sphere,0.75,3.50,Add 0.75 to 3.50,143.25,95.50,L25,DuraVision Plus Chrome UV,,ZEISS book p13; Clear; book $152.80 L20
ZEISS,ZEISS,Office Lens Individual 1.74,,Occupational,1.74,Clear BluePro,Freeform,grind,,-14.00,+9.00,-6.00,14.00,sphere,0.75,3.50,Add 0.75 to 3.50,148.27,98.84,L25,DuraVision Plus Gold UV,,ZEISS book p13; Clear BluePro; book $158.15 L20
ZEISS,ZEISS,Office Lens Individual 1.74,,Occupational,1.74,Clear BluePro,Freeform,grind,,-14.00,+9.00,-6.00,14.00,sphere,0.75,3.50,Add 0.75 to 3.50,147.70,98.47,L25,DuraVision Plus Platinum UV,,ZEISS book p13; Clear BluePro; book $157.55 L20
ZEISS,ZEISS,Office Lens Individual 1.74,,Occupational,1.74,Clear BluePro,Freeform,grind,,-14.00,+9.00,-6.00,14.00,sphere,0.75,3.50,Add 0.75 to 3.50,145.31,96.88,L25,DuraVision Plus Chrome UV,,ZEISS book p13; Clear BluePro; book $155.00 L20
ZEISS,ZEISS,Office Lens Superb (Book/Near/Room) 1.50,,Occupational,1.50,Clear,Freeform,grind,,-7.00,+5.00,-4.00,7.00,sphere,0.75,3.50,Add 0.75 to 3.50,69.09,46.06,L25,DuraVision Plus Gold UV,,"ZEISS book p13; Clear; RANGE DIFFERS — product guide prints -6.00 to +5.00, cyl -4.00, max combined -6.00 — confirm in VISUSTORE; book $73.70 L20"
ZEISS,ZEISS,Office Lens Superb (Book/Near/Room) 1.50,,Occupational,1.50,Clear,Freeform,grind,,-7.00,+5.00,-4.00,7.00,sphere,0.75,3.50,Add 0.75 to 3.50,68.53,45.69,L25,DuraVision Plus Platinum UV,,"ZEISS book p13; Clear; RANGE DIFFERS — product guide prints -6.00 to +5.00, cyl -4.00, max combined -6.00 — confirm in VISUSTORE; book $73.10 L20"
ZEISS,ZEISS,Office Lens Superb (Book/Near/Room) 1.50,,Occupational,1.50,Clear,Freeform,grind,,-7.00,+5.00,-4.00,7.00,sphere,0.75,3.50,Add 0.75 to 3.50,66.14,44.09,L25,DuraVision Plus Chrome UV,,"ZEISS book p13; Clear; RANGE DIFFERS — product guide prints -6.00 to +5.00, cyl -4.00, max combined -6.00 — confirm in VISUSTORE; book $70.55 L20"
ZEISS,ZEISS,Office Lens Superb (Book/Near/Room) 1.50,,Occupational,1.50,Clear,Freeform,grind,,-7.00,+5.00,-4.00,7.00,sphere,0.75,3.50,Add 0.75 to 3.50,40.59,27.06,L25,DSHC hard coat,,"ZEISS book p13; Clear; RANGE DIFFERS — product guide prints -6.00 to +5.00, cyl -4.00, max combined -6.00 — confirm in VISUSTORE; book $43.30 L20"
ZEISS,ZEISS,Office Lens Superb (Book/Near/Room) 1.50,,Occupational,1.50,Clear BluePro,Freeform,grind,,-6.00,+5.00,-4.00,6.00,sphere,0.75,3.50,Add 0.75 to 3.50,71.16,47.44,L25,DuraVision Plus Gold UV,,ZEISS book p13; Clear BluePro; range confirmed by ZEISS product guide; book $75.90 L20
ZEISS,ZEISS,Office Lens Superb (Book/Near/Room) 1.50,,Occupational,1.50,Clear BluePro,Freeform,grind,,-6.00,+5.00,-4.00,6.00,sphere,0.75,3.50,Add 0.75 to 3.50,70.59,47.06,L25,DuraVision Plus Platinum UV,,ZEISS book p13; Clear BluePro; range confirmed by ZEISS product guide; book $75.30 L20
ZEISS,ZEISS,Office Lens Superb (Book/Near/Room) 1.50,,Occupational,1.50,Clear BluePro,Freeform,grind,,-6.00,+5.00,-4.00,6.00,sphere,0.75,3.50,Add 0.75 to 3.50,68.20,45.47,L25,DuraVision Plus Chrome UV,,ZEISS book p13; Clear BluePro; range confirmed by ZEISS product guide; book $72.75 L20
ZEISS,ZEISS,Office Lens Superb (Book/Near/Room) 1.53,,Occupational,1.53,Clear,Freeform,grind,,-7.00,+5.00,-4.00,7.00,sphere,0.75,3.50,Add 0.75 to 3.50,89.11,59.41,L25,DuraVision Plus Gold UV,,ZEISS book p13; Clear; book $95.05 L20
ZEISS,ZEISS,Office Lens Superb (Book/Near/Room) 1.53,,Occupational,1.53,Clear,Freeform,grind,,-7.00,+5.00,-4.00,7.00,sphere,0.75,3.50,Add 0.75 to 3.50,88.55,59.03,L25,DuraVision Plus Platinum UV,,ZEISS book p13; Clear; book $94.45 L20
ZEISS,ZEISS,Office Lens Superb (Book/Near/Room) 1.53,,Occupational,1.53,Clear,Freeform,grind,,-7.00,+5.00,-4.00,7.00,sphere,0.75,3.50,Add 0.75 to 3.50,86.16,57.44,L25,DuraVision Plus Chrome UV,,ZEISS book p13; Clear; book $91.90 L20
ZEISS,ZEISS,Office Lens Superb (Book/Near/Room) 1.53,,Occupational,1.53,Clear,Freeform,grind,,-7.00,+5.00,-4.00,7.00,sphere,0.75,3.50,Add 0.75 to 3.50,60.61,40.41,L25,DSHC hard coat,,ZEISS book p13; Clear; book $64.65 L20
ZEISS,ZEISS,Office Lens Superb (Book/Near/Room) 1.59,,Occupational,1.59,Clear,Freeform,grind,,-10.00,+6.00,-6.00,10.00,sphere,0.75,4.00,Add 0.75 to 4.00,95.72,63.81,L25,DuraVision Plus Gold UV,,ZEISS book p13; Clear; book $102.10 L20
ZEISS,ZEISS,Office Lens Superb (Book/Near/Room) 1.59,,Occupational,1.59,Clear,Freeform,grind,,-10.00,+6.00,-6.00,10.00,sphere,0.75,4.00,Add 0.75 to 4.00,95.16,63.44,L25,DuraVision Plus Platinum UV,,ZEISS book p13; Clear; book $101.50 L20
ZEISS,ZEISS,Office Lens Superb (Book/Near/Room) 1.59,,Occupational,1.59,Clear,Freeform,grind,,-10.00,+6.00,-6.00,10.00,sphere,0.75,4.00,Add 0.75 to 4.00,92.77,61.84,L25,DuraVision Plus Chrome UV,,ZEISS book p13; Clear; book $98.95 L20
ZEISS,ZEISS,Office Lens Superb (Book/Near/Room) 1.59,,Occupational,1.59,Clear,Freeform,grind,,-10.00,+6.00,-6.00,10.00,sphere,0.75,4.00,Add 0.75 to 4.00,67.22,44.81,L25,DSHC hard coat,,ZEISS book p13; Clear; book $71.70 L20
ZEISS,ZEISS,Office Lens Superb (Book/Near/Room) 1.60,,Occupational,1.60,Clear,Freeform,grind,,-10.00,+6.00,-6.00,10.00,sphere,0.75,3.50,Add 0.75 to 3.50,95.72,63.81,L25,DuraVision Plus Gold UV,,ZEISS book p13; Clear; range confirmed by ZEISS product guide; book $102.10 L20
ZEISS,ZEISS,Office Lens Superb (Book/Near/Room) 1.60,,Occupational,1.60,Clear,Freeform,grind,,-10.00,+6.00,-6.00,10.00,sphere,0.75,3.50,Add 0.75 to 3.50,95.16,63.44,L25,DuraVision Plus Platinum UV,,ZEISS book p13; Clear; range confirmed by ZEISS product guide; book $101.50 L20
ZEISS,ZEISS,Office Lens Superb (Book/Near/Room) 1.60,,Occupational,1.60,Clear,Freeform,grind,,-10.00,+6.00,-6.00,10.00,sphere,0.75,3.50,Add 0.75 to 3.50,92.77,61.84,L25,DuraVision Plus Chrome UV,,ZEISS book p13; Clear; range confirmed by ZEISS product guide; book $98.95 L20
ZEISS,ZEISS,Office Lens Superb (Book/Near/Room) 1.60,,Occupational,1.60,Clear,Freeform,grind,,-10.00,+6.00,-6.00,10.00,sphere,0.75,3.50,Add 0.75 to 3.50,67.22,44.81,L25,DSHC hard coat,,ZEISS book p13; Clear; range confirmed by ZEISS product guide; book $71.70 L20
ZEISS,ZEISS,Office Lens Superb (Book/Near/Room) 1.60,,Occupational,1.60,Clear BluePro,Freeform,grind,,-10.00,+6.00,-6.00,10.00,sphere,0.75,4.00,Add 0.75 to 4.00,97.83,65.22,L25,DuraVision Plus Gold UV,,ZEISS book p13; Clear BluePro; range confirmed by ZEISS product guide; book $104.35 L20
ZEISS,ZEISS,Office Lens Superb (Book/Near/Room) 1.60,,Occupational,1.60,Clear BluePro,Freeform,grind,,-10.00,+6.00,-6.00,10.00,sphere,0.75,4.00,Add 0.75 to 4.00,97.27,64.84,L25,DuraVision Plus Platinum UV,,ZEISS book p13; Clear BluePro; range confirmed by ZEISS product guide; book $103.75 L20
ZEISS,ZEISS,Office Lens Superb (Book/Near/Room) 1.60,,Occupational,1.60,Clear BluePro,Freeform,grind,,-10.00,+6.00,-6.00,10.00,sphere,0.75,4.00,Add 0.75 to 4.00,94.88,63.25,L25,DuraVision Plus Chrome UV,,ZEISS book p13; Clear BluePro; range confirmed by ZEISS product guide; book $101.20 L20
ZEISS,ZEISS,Office Lens Superb (Book/Near/Room) 1.67,,Occupational,1.67,Clear,Freeform,grind,,-12.00,+8.00,-6.00,12.00,sphere,0.75,3.50,Add 0.75 to 3.50,116.58,77.72,L25,DuraVision Plus Gold UV,,ZEISS book p13; Clear; range confirmed by ZEISS product guide; book $124.35 L20
ZEISS,ZEISS,Office Lens Superb (Book/Near/Room) 1.67,,Occupational,1.67,Clear,Freeform,grind,,-12.00,+8.00,-6.00,12.00,sphere,0.75,3.50,Add 0.75 to 3.50,116.02,77.34,L25,DuraVision Plus Platinum UV,,ZEISS book p13; Clear; range confirmed by ZEISS product guide; book $123.75 L20
ZEISS,ZEISS,Office Lens Superb (Book/Near/Room) 1.67,,Occupational,1.67,Clear,Freeform,grind,,-12.00,+8.00,-6.00,12.00,sphere,0.75,3.50,Add 0.75 to 3.50,113.62,75.75,L25,DuraVision Plus Chrome UV,,ZEISS book p13; Clear; range confirmed by ZEISS product guide; book $121.20 L20
ZEISS,ZEISS,Office Lens Superb (Book/Near/Room) 1.67,,Occupational,1.67,Clear BluePro,Freeform,grind,,-12.00,+8.00,-6.00,12.00,sphere,0.75,3.50,Add 0.75 to 3.50,118.64,79.09,L25,DuraVision Plus Gold UV,,ZEISS book p13; Clear BluePro; range confirmed by ZEISS product guide; book $126.55 L20
ZEISS,ZEISS,Office Lens Superb (Book/Near/Room) 1.67,,Occupational,1.67,Clear BluePro,Freeform,grind,,-12.00,+8.00,-6.00,12.00,sphere,0.75,3.50,Add 0.75 to 3.50,118.08,78.72,L25,DuraVision Plus Platinum UV,,ZEISS book p13; Clear BluePro; range confirmed by ZEISS product guide; book $125.95 L20
ZEISS,ZEISS,Office Lens Superb (Book/Near/Room) 1.67,,Occupational,1.67,Clear BluePro,Freeform,grind,,-12.00,+8.00,-6.00,12.00,sphere,0.75,3.50,Add 0.75 to 3.50,115.69,77.12,L25,DuraVision Plus Chrome UV,,ZEISS book p13; Clear BluePro; range confirmed by ZEISS product guide; book $123.40 L20
ZEISS,ZEISS,Office Lens Superb (Book/Near/Room) 1.74,,Occupational,1.74,Clear,Freeform,grind,,-14.00,+9.00,-6.00,14.00,sphere,0.75,3.50,Add 0.75 to 3.50,137.39,91.59,L25,DuraVision Plus Gold UV,,ZEISS book p13; Clear; range confirmed by ZEISS product guide; book $146.55 L20
ZEISS,ZEISS,Office Lens Superb (Book/Near/Room) 1.74,,Occupational,1.74,Clear,Freeform,grind,,-14.00,+9.00,-6.00,14.00,sphere,0.75,3.50,Add 0.75 to 3.50,136.83,91.22,L25,DuraVision Plus Platinum UV,,ZEISS book p13; Clear; range confirmed by ZEISS product guide; book $145.95 L20
ZEISS,ZEISS,Office Lens Superb (Book/Near/Room) 1.74,,Occupational,1.74,Clear,Freeform,grind,,-14.00,+9.00,-6.00,14.00,sphere,0.75,3.50,Add 0.75 to 3.50,134.44,89.62,L25,DuraVision Plus Chrome UV,,ZEISS book p13; Clear; range confirmed by ZEISS product guide; book $143.40 L20
ZEISS,ZEISS,Office Lens Superb (Book/Near/Room) 1.74,,Occupational,1.74,Clear BluePro,Freeform,grind,,-14.00,+9.00,-6.00,14.00,sphere,0.75,3.50,Add 0.75 to 3.50,139.45,92.97,L25,DuraVision Plus Gold UV,,ZEISS book p13; Clear BluePro; range confirmed by ZEISS product guide; book $148.75 L20
ZEISS,ZEISS,Office Lens Superb (Book/Near/Room) 1.74,,Occupational,1.74,Clear BluePro,Freeform,grind,,-14.00,+9.00,-6.00,14.00,sphere,0.75,3.50,Add 0.75 to 3.50,138.89,92.59,L25,DuraVision Plus Platinum UV,,ZEISS book p13; Clear BluePro; range confirmed by ZEISS product guide; book $148.15 L20
ZEISS,ZEISS,Office Lens Superb (Book/Near/Room) 1.74,,Occupational,1.74,Clear BluePro,Freeform,grind,,-14.00,+9.00,-6.00,14.00,sphere,0.75,3.50,Add 0.75 to 3.50,136.50,91.00,L25,DuraVision Plus Chrome UV,,ZEISS book p13; Clear BluePro; range confirmed by ZEISS product guide; book $145.60 L20
ZEISS,ZEISS,ClearMind Progressive Individual 3 1.50,,Progressive,1.50,Clear,Freeform,grind,,-7.00,+6.00,-6.00,7.00,sphere,0.75,3.50,Add 0.75 to 3.50,121.03,80.69,L25,DuraVision Plus Gold UV,13,"ZEISS book p14; Clear; RANGE DIFFERS — product guide prints -7.00 to +6.00, cyl -4.00, max combined -7.00 — confirm in VISUSTORE; book $129.10 L20"
ZEISS,ZEISS,ClearMind Progressive Individual 3 1.50,,Progressive,1.50,Clear,Freeform,grind,,-7.00,+6.00,-6.00,7.00,sphere,0.75,3.50,Add 0.75 to 3.50,120.47,80.31,L25,DuraVision Plus Platinum UV,13,"ZEISS book p14; Clear; RANGE DIFFERS — product guide prints -7.00 to +6.00, cyl -4.00, max combined -7.00 — confirm in VISUSTORE; book $128.50 L20"
ZEISS,ZEISS,ClearMind Progressive Individual 3 1.50,,Progressive,1.50,Clear,Freeform,grind,,-7.00,+6.00,-6.00,7.00,sphere,0.75,3.50,Add 0.75 to 3.50,118.08,78.72,L25,DuraVision Plus Chrome UV,13,"ZEISS book p14; Clear; RANGE DIFFERS — product guide prints -7.00 to +6.00, cyl -4.00, max combined -7.00 — confirm in VISUSTORE; book $125.95 L20"
ZEISS,ZEISS,ClearMind Progressive Individual 3 1.50,,Progressive,1.50,Clear,Freeform,grind,,-7.00,+6.00,-6.00,7.00,sphere,0.75,3.50,Add 0.75 to 3.50,92.53,61.69,L25,DSHC hard coat,13,"ZEISS book p14; Clear; RANGE DIFFERS — product guide prints -7.00 to +6.00, cyl -4.00, max combined -7.00 — confirm in VISUSTORE; book $98.70 L20"
ZEISS,ZEISS,ClearMind Progressive Individual 3 1.50,,Progressive,1.50,Clear BluePro,Freeform,grind,,-7.00,+6.00,-6.00,7.00,sphere,0.75,3.50,Add 0.75 to 3.50,123.23,82.16,L25,DuraVision Plus Gold UV,13,"ZEISS book p14; Clear BluePro; RANGE DIFFERS — product guide prints -7.00 to +6.00, cyl -4.00, max combined -7.00 — confirm in VISUSTORE; book $131.45 L20"
ZEISS,ZEISS,ClearMind Progressive Individual 3 1.50,,Progressive,1.50,Clear BluePro,Freeform,grind,,-7.00,+6.00,-6.00,7.00,sphere,0.75,3.50,Add 0.75 to 3.50,122.67,81.78,L25,DuraVision Plus Platinum UV,13,"ZEISS book p14; Clear BluePro; RANGE DIFFERS — product guide prints -7.00 to +6.00, cyl -4.00, max combined -7.00 — confirm in VISUSTORE; book $130.85 L20"
ZEISS,ZEISS,ClearMind Progressive Individual 3 1.50,,Progressive,1.50,Clear BluePro,Freeform,grind,,-7.00,+6.00,-6.00,7.00,sphere,0.75,3.50,Add 0.75 to 3.50,120.28,80.19,L25,DuraVision Plus Chrome UV,13,"ZEISS book p14; Clear BluePro; RANGE DIFFERS — product guide prints -7.00 to +6.00, cyl -4.00, max combined -7.00 — confirm in VISUSTORE; book $128.30 L20"
ZEISS,ZEISS,ClearMind Progressive Individual 3 1.50,,Progressive,1.50,PhotoFusionX,Freeform,grind,,-7.00,+5.00,-4.00,7.00,sphere,0.75,3.50,Add 0.75 to 3.50,151.88,101.25,L25,DuraVision Plus Gold UV,13,ZEISS book p14; PhotoFusionX Grey/Brown/Pioneer/Extra Grey/Blue/Burgundy/Black; range confirmed by ZEISS product guide; book $162.00 L20
ZEISS,ZEISS,ClearMind Progressive Individual 3 1.50,,Progressive,1.50,PhotoFusionX,Freeform,grind,,-7.00,+5.00,-4.00,7.00,sphere,0.75,3.50,Add 0.75 to 3.50,151.31,100.88,L25,DuraVision Plus Platinum UV,13,ZEISS book p14; PhotoFusionX Grey/Brown/Pioneer/Extra Grey/Blue/Burgundy/Black; range confirmed by ZEISS product guide; book $161.40 L20
ZEISS,ZEISS,ClearMind Progressive Individual 3 1.50,,Progressive,1.50,PhotoFusionX,Freeform,grind,,-7.00,+5.00,-4.00,7.00,sphere,0.75,3.50,Add 0.75 to 3.50,148.92,99.28,L25,DuraVision Plus Chrome UV,13,ZEISS book p14; PhotoFusionX Grey/Brown/Pioneer/Extra Grey/Blue/Burgundy/Black; range confirmed by ZEISS product guide; book $158.85 L20
ZEISS,ZEISS,ClearMind Progressive Individual 3 1.50,,Progressive,1.50,PhotoFusionX,Freeform,grind,,-7.00,+5.00,-4.00,7.00,sphere,0.75,3.50,Add 0.75 to 3.50,123.38,82.25,L25,DSHC hard coat,13,ZEISS book p14; PhotoFusionX Grey/Brown/Pioneer/Extra Grey/Blue/Burgundy/Black; range confirmed by ZEISS product guide; book $131.60 L20
ZEISS,ZEISS,ClearMind Progressive Individual 3 1.50,,Progressive,1.50,Polarised,Freeform,grind,,-8.00,+5.00,-4.00,8.00,sphere,0.75,3.50,Add 0.75 to 3.50,152.77,101.84,L25,DuraVision Plus Gold UV,13,ZEISS book p14; Polarised Grey/ Brown/ Pioneer; range confirmed by ZEISS product guide; book $162.95 L20
ZEISS,ZEISS,ClearMind Progressive Individual 3 1.50,,Progressive,1.50,Polarised,Freeform,grind,,-8.00,+5.00,-4.00,8.00,sphere,0.75,3.50,Add 0.75 to 3.50,152.20,101.47,L25,DuraVision Plus Platinum UV,13,ZEISS book p14; Polarised Grey/ Brown/ Pioneer; range confirmed by ZEISS product guide; book $162.35 L20
ZEISS,ZEISS,ClearMind Progressive Individual 3 1.50,,Progressive,1.50,Polarised,Freeform,grind,,-8.00,+5.00,-4.00,8.00,sphere,0.75,3.50,Add 0.75 to 3.50,149.81,99.88,L25,DuraVision Plus Chrome UV,13,ZEISS book p14; Polarised Grey/ Brown/ Pioneer; range confirmed by ZEISS product guide; book $159.80 L20
ZEISS,ZEISS,ClearMind Progressive Individual 3 1.50,,Progressive,1.50,Polarised,Freeform,grind,,-8.00,+5.00,-4.00,8.00,sphere,0.75,3.50,Add 0.75 to 3.50,151.22,100.81,L25,DuraVision Plus Sun UV,13,ZEISS book p14; Polarised Grey/ Brown/ Pioneer; range confirmed by ZEISS product guide; book $161.30 L20
ZEISS,ZEISS,ClearMind Progressive Individual 3 1.50,,Progressive,1.50,Polarised,Freeform,grind,,-8.00,+5.00,-4.00,8.00,sphere,0.75,3.50,Add 0.75 to 3.50,124.27,82.84,L25,DSHC hard coat,13,ZEISS book p14; Polarised Grey/ Brown/ Pioneer; range confirmed by ZEISS product guide; book $132.55 L20
ZEISS,ZEISS,ClearMind Progressive Individual 3 1.50,,Progressive,1.50,AdaptiveSun PhotoFusion,Freeform,grind,,-7.00,+5.00,-4.00,7.00,sphere,0.75,3.50,Add 0.75 to 3.50,178.31,118.88,L25,DuraVision Plus Gold UV,13,ZEISS book p14; AdaptiveSun PhotoFusion Grey/ Brown/ Pioneer/Blue; range confirmed by ZEISS product guide; book $190.20 L20
ZEISS,ZEISS,ClearMind Progressive Individual 3 1.50,,Progressive,1.50,AdaptiveSun PhotoFusion,Freeform,grind,,-7.00,+5.00,-4.00,7.00,sphere,0.75,3.50,Add 0.75 to 3.50,177.75,118.50,L25,DuraVision Plus Platinum UV,13,ZEISS book p14; AdaptiveSun PhotoFusion Grey/ Brown/ Pioneer/Blue; range confirmed by ZEISS product guide; book $189.60 L20
ZEISS,ZEISS,ClearMind Progressive Individual 3 1.50,,Progressive,1.50,AdaptiveSun PhotoFusion,Freeform,grind,,-7.00,+5.00,-4.00,7.00,sphere,0.75,3.50,Add 0.75 to 3.50,175.36,116.91,L25,DuraVision Plus Chrome UV,13,ZEISS book p14; AdaptiveSun PhotoFusion Grey/ Brown/ Pioneer/Blue; range confirmed by ZEISS product guide; book $187.05 L20
ZEISS,ZEISS,ClearMind Progressive Individual 3 1.50,,Progressive,1.50,AdaptiveSun PhotoFusion,Freeform,grind,,-7.00,+5.00,-4.00,7.00,sphere,0.75,3.50,Add 0.75 to 3.50,149.81,99.88,L25,DSHC hard coat,13,ZEISS book p14; AdaptiveSun PhotoFusion Grey/ Brown/ Pioneer/Blue; range confirmed by ZEISS product guide; book $159.80 L20
ZEISS,ZEISS,ClearMind Progressive Individual 3 1.50,,Progressive,1.50,AdaptiveSun Polarised,Freeform,grind,,-8.00,+5.00,-4.00,8.00,sphere,0.75,3.50,Add 0.75 to 3.50,180.98,120.66,L25,DuraVision Plus Gold UV,13,ZEISS book p14; AdaptiveSun Polarised Grey/ Brown/ Pioneer; range confirmed by ZEISS product guide; book $193.05 L20
ZEISS,ZEISS,ClearMind Progressive Individual 3 1.50,,Progressive,1.50,AdaptiveSun Polarised,Freeform,grind,,-8.00,+5.00,-4.00,8.00,sphere,0.75,3.50,Add 0.75 to 3.50,180.42,120.28,L25,DuraVision Plus Platinum UV,13,ZEISS book p14; AdaptiveSun Polarised Grey/ Brown/ Pioneer; range confirmed by ZEISS product guide; book $192.45 L20
ZEISS,ZEISS,ClearMind Progressive Individual 3 1.50,,Progressive,1.50,AdaptiveSun Polarised,Freeform,grind,,-8.00,+5.00,-4.00,8.00,sphere,0.75,3.50,Add 0.75 to 3.50,178.03,118.69,L25,DuraVision Plus Chrome UV,13,ZEISS book p14; AdaptiveSun Polarised Grey/ Brown/ Pioneer; range confirmed by ZEISS product guide; book $189.90 L20
ZEISS,ZEISS,ClearMind Progressive Individual 3 1.50,,Progressive,1.50,AdaptiveSun Polarised,Freeform,grind,,-8.00,+5.00,-4.00,8.00,sphere,0.75,3.50,Add 0.75 to 3.50,179.44,119.62,L25,DuraVision Plus Sun UV,13,ZEISS book p14; AdaptiveSun Polarised Grey/ Brown/ Pioneer; range confirmed by ZEISS product guide; book $191.40 L20
ZEISS,ZEISS,ClearMind Progressive Individual 3 1.50,,Progressive,1.50,AdaptiveSun Polarised,Freeform,grind,,-8.00,+5.00,-4.00,8.00,sphere,0.75,3.50,Add 0.75 to 3.50,152.48,101.66,L25,DSHC hard coat,13,ZEISS book p14; AdaptiveSun Polarised Grey/ Brown/ Pioneer; range confirmed by ZEISS product guide; book $162.65 L20
ZEISS,ZEISS,ClearMind Progressive Individual 3 1.53,,Progressive,1.53,Clear,Freeform,grind,,-7.00,+5.00,-4.00,7.00,sphere,0.75,3.50,Add 0.75 to 3.50,142.22,94.81,L25,DuraVision Plus Gold UV,13,ZEISS book p14; Clear; range confirmed by ZEISS product guide; book $151.70 L20
ZEISS,ZEISS,ClearMind Progressive Individual 3 1.53,,Progressive,1.53,Clear,Freeform,grind,,-7.00,+5.00,-4.00,7.00,sphere,0.75,3.50,Add 0.75 to 3.50,141.66,94.44,L25,DuraVision Plus Platinum UV,13,ZEISS book p14; Clear; range confirmed by ZEISS product guide; book $151.10 L20
ZEISS,ZEISS,ClearMind Progressive Individual 3 1.53,,Progressive,1.53,Clear,Freeform,grind,,-7.00,+5.00,-4.00,7.00,sphere,0.75,3.50,Add 0.75 to 3.50,139.27,92.84,L25,DuraVision Plus Chrome UV,13,ZEISS book p14; Clear; range confirmed by ZEISS product guide; book $148.55 L20
ZEISS,ZEISS,ClearMind Progressive Individual 3 1.53,,Progressive,1.53,Clear,Freeform,grind,,-7.00,+5.00,-4.00,7.00,sphere,0.75,3.50,Add 0.75 to 3.50,113.72,75.81,L25,DSHC hard coat,13,ZEISS book p14; Clear; range confirmed by ZEISS product guide; book $121.30 L20
ZEISS,ZEISS,ClearMind Progressive Individual 3 1.53,,Progressive,1.53,Polarised,Freeform,grind,,-7.00,+5.00,-4.00,7.00,sphere,0.75,3.50,Add 0.75 to 3.50,173.91,115.94,L25,DuraVision Plus Gold UV,13,ZEISS book p14; Polarised Grey/ Brown; range confirmed by ZEISS product guide; book $185.50 L20
ZEISS,ZEISS,ClearMind Progressive Individual 3 1.53,,Progressive,1.53,Polarised,Freeform,grind,,-7.00,+5.00,-4.00,7.00,sphere,0.75,3.50,Add 0.75 to 3.50,173.34,115.56,L25,DuraVision Plus Platinum UV,13,ZEISS book p14; Polarised Grey/ Brown; range confirmed by ZEISS product guide; book $184.90 L20
ZEISS,ZEISS,ClearMind Progressive Individual 3 1.53,,Progressive,1.53,Polarised,Freeform,grind,,-7.00,+5.00,-4.00,7.00,sphere,0.75,3.50,Add 0.75 to 3.50,170.95,113.97,L25,DuraVision Plus Chrome UV,13,ZEISS book p14; Polarised Grey/ Brown; range confirmed by ZEISS product guide; book $182.35 L20
ZEISS,ZEISS,ClearMind Progressive Individual 3 1.53,,Progressive,1.53,Polarised,Freeform,grind,,-7.00,+5.00,-4.00,7.00,sphere,0.75,3.50,Add 0.75 to 3.50,172.36,114.91,L25,DuraVision Plus Sun UV,13,ZEISS book p14; Polarised Grey/ Brown; range confirmed by ZEISS product guide; book $183.85 L20
ZEISS,ZEISS,ClearMind Progressive Individual 3 1.53,,Progressive,1.53,Polarised,Freeform,grind,,-7.00,+5.00,-4.00,7.00,sphere,0.75,3.50,Add 0.75 to 3.50,145.41,96.94,L25,DSHC hard coat,13,ZEISS book p14; Polarised Grey/ Brown; range confirmed by ZEISS product guide; book $155.10 L20
ZEISS,ZEISS,ClearMind Progressive Individual 3 1.59,,Progressive,1.59,Clear,Freeform,grind,,-10.00,+6.00,-6.00,10.00,sphere,0.75,4.00,Add 0.75 to 4.00,149.30,99.53,L25,DuraVision Plus Gold UV,13,ZEISS book p14; Clear; range confirmed by ZEISS product guide; book $159.25 L20
ZEISS,ZEISS,ClearMind Progressive Individual 3 1.59,,Progressive,1.59,Clear,Freeform,grind,,-10.00,+6.00,-6.00,10.00,sphere,0.75,4.00,Add 0.75 to 4.00,148.73,99.16,L25,DuraVision Plus Platinum UV,13,ZEISS book p14; Clear; range confirmed by ZEISS product guide; book $158.65 L20
ZEISS,ZEISS,ClearMind Progressive Individual 3 1.59,,Progressive,1.59,Clear,Freeform,grind,,-10.00,+6.00,-6.00,10.00,sphere,0.75,4.00,Add 0.75 to 4.00,146.34,97.56,L25,DuraVision Plus Chrome UV,13,ZEISS book p14; Clear; range confirmed by ZEISS product guide; book $156.10 L20
ZEISS,ZEISS,ClearMind Progressive Individual 3 1.59,,Progressive,1.59,Clear,Freeform,grind,,-10.00,+6.00,-6.00,10.00,sphere,0.75,4.00,Add 0.75 to 4.00,120.80,80.53,L25,DSHC hard coat,13,ZEISS book p14; Clear; range confirmed by ZEISS product guide; book $128.85 L20
ZEISS,ZEISS,ClearMind Progressive Individual 3 1.59,,Progressive,1.59,PhotoFusionX,Freeform,grind,,-10.00,+6.00,-6.00,10.00,sphere,0.75,4.00,Add 0.75 to 4.00,180.14,120.09,L25,DuraVision Plus Gold UV,13,ZEISS book p14; PhotoFusionX Grey/Brown/Pioneer/Extra Grey/Blue/Burgundy/Black; range confirmed by ZEISS product guide; book $192.15 L20
ZEISS,ZEISS,ClearMind Progressive Individual 3 1.59,,Progressive,1.59,PhotoFusionX,Freeform,grind,,-10.00,+6.00,-6.00,10.00,sphere,0.75,4.00,Add 0.75 to 4.00,179.58,119.72,L25,DuraVision Plus Platinum UV,13,ZEISS book p14; PhotoFusionX Grey/Brown/Pioneer/Extra Grey/Blue/Burgundy/Black; range confirmed by ZEISS product guide; book $191.55 L20
ZEISS,ZEISS,ClearMind Progressive Individual 3 1.59,,Progressive,1.59,PhotoFusionX,Freeform,grind,,-10.00,+6.00,-6.00,10.00,sphere,0.75,4.00,Add 0.75 to 4.00,177.19,118.12,L25,DuraVision Plus Chrome UV,13,ZEISS book p14; PhotoFusionX Grey/Brown/Pioneer/Extra Grey/Blue/Burgundy/Black; range confirmed by ZEISS product guide; book $189.00 L20
ZEISS,ZEISS,ClearMind Progressive Individual 3 1.59,,Progressive,1.59,PhotoFusionX,Freeform,grind,,-10.00,+6.00,-6.00,10.00,sphere,0.75,4.00,Add 0.75 to 4.00,151.64,101.09,L25,DSHC hard coat,13,ZEISS book p14; PhotoFusionX Grey/Brown/Pioneer/Extra Grey/Blue/Burgundy/Black; range confirmed by ZEISS product guide; book $161.75 L20
ZEISS,ZEISS,ClearMind Progressive Individual 3 1.59,,Progressive,1.59,Polarised,Freeform,grind,,-10.00,+6.00,-4.00,10.00,sphere,0.75,3.50,Add 0.75 to 3.50,181.03,120.69,L25,DuraVision Plus Gold UV,13,ZEISS book p14; Polarised Grey/ Brown; range confirmed by ZEISS product guide; book $193.10 L20
ZEISS,ZEISS,ClearMind Progressive Individual 3 1.59,,Progressive,1.59,Polarised,Freeform,grind,,-10.00,+6.00,-4.00,10.00,sphere,0.75,3.50,Add 0.75 to 3.50,180.47,120.31,L25,DuraVision Plus Platinum UV,13,ZEISS book p14; Polarised Grey/ Brown; range confirmed by ZEISS product guide; book $192.50 L20
ZEISS,ZEISS,ClearMind Progressive Individual 3 1.59,,Progressive,1.59,Polarised,Freeform,grind,,-10.00,+6.00,-4.00,10.00,sphere,0.75,3.50,Add 0.75 to 3.50,178.08,118.72,L25,DuraVision Plus Chrome UV,13,ZEISS book p14; Polarised Grey/ Brown; range confirmed by ZEISS product guide; book $189.95 L20
ZEISS,ZEISS,ClearMind Progressive Individual 3 1.59,,Progressive,1.59,Polarised,Freeform,grind,,-10.00,+6.00,-4.00,10.00,sphere,0.75,3.50,Add 0.75 to 3.50,179.48,119.66,L25,DuraVision Plus Sun UV,13,ZEISS book p14; Polarised Grey/ Brown; range confirmed by ZEISS product guide; book $191.45 L20
ZEISS,ZEISS,ClearMind Progressive Individual 3 1.59,,Progressive,1.59,Polarised,Freeform,grind,,-10.00,+6.00,-4.00,10.00,sphere,0.75,3.50,Add 0.75 to 3.50,152.53,101.69,L25,DSHC hard coat,13,ZEISS book p14; Polarised Grey/ Brown; range confirmed by ZEISS product guide; book $162.70 L20
ZEISS,ZEISS,ClearMind Progressive Individual 3 1.60,,Progressive,1.60,Clear,Freeform,grind,,-10.00,+10.00,-6.00,10.00,sphere,0.75,4.00,Add 0.75 to 4.00,149.25,99.50,L25,DuraVision Plus Gold UV,13,"ZEISS book p14; Clear; RANGE DIFFERS — product guide prints -10.00 to +6.00, cyl -6.00, max combined -10.00 — confirm in VISUSTORE; book $159.20 L20"
ZEISS,ZEISS,ClearMind Progressive Individual 3 1.60,,Progressive,1.60,Clear,Freeform,grind,,-10.00,+10.00,-6.00,10.00,sphere,0.75,4.00,Add 0.75 to 4.00,148.69,99.12,L25,DuraVision Plus Platinum UV,13,"ZEISS book p14; Clear; RANGE DIFFERS — product guide prints -10.00 to +6.00, cyl -6.00, max combined -10.00 — confirm in VISUSTORE; book $158.60 L20"
ZEISS,ZEISS,ClearMind Progressive Individual 3 1.60,,Progressive,1.60,Clear,Freeform,grind,,-10.00,+10.00,-6.00,10.00,sphere,0.75,4.00,Add 0.75 to 4.00,146.30,97.53,L25,DuraVision Plus Chrome UV,13,"ZEISS book p14; Clear; RANGE DIFFERS — product guide prints -10.00 to +6.00, cyl -6.00, max combined -10.00 — confirm in VISUSTORE; book $156.05 L20"
ZEISS,ZEISS,ClearMind Progressive Individual 3 1.60,,Progressive,1.60,Clear,Freeform,grind,,-10.00,+10.00,-6.00,10.00,sphere,0.75,4.00,Add 0.75 to 4.00,120.75,80.50,L25,DSHC hard coat,13,"ZEISS book p14; Clear; RANGE DIFFERS — product guide prints -10.00 to +6.00, cyl -6.00, max combined -10.00 — confirm in VISUSTORE; book $128.80 L20"
ZEISS,ZEISS,ClearMind Progressive Individual 3 1.60,,Progressive,1.60,Clear BluePro,Freeform,grind,,-10.00,+10.00,-6.00,10.00,sphere,0.75,4.00,Add 0.75 to 4.00,151.45,100.97,L25,DuraVision Plus Gold UV,13,"ZEISS book p14; Clear BluePro; RANGE DIFFERS — product guide prints -10.00 to +6.00, cyl -6.00, max combined -10.00 — confirm in VISUSTORE; book $161.55 L20"
ZEISS,ZEISS,ClearMind Progressive Individual 3 1.60,,Progressive,1.60,Clear BluePro,Freeform,grind,,-10.00,+10.00,-6.00,10.00,sphere,0.75,4.00,Add 0.75 to 4.00,150.89,100.59,L25,DuraVision Plus Platinum UV,13,"ZEISS book p14; Clear BluePro; RANGE DIFFERS — product guide prints -10.00 to +6.00, cyl -6.00, max combined -10.00 — confirm in VISUSTORE; book $160.95 L20"
ZEISS,ZEISS,ClearMind Progressive Individual 3 1.60,,Progressive,1.60,Clear BluePro,Freeform,grind,,-10.00,+10.00,-6.00,10.00,sphere,0.75,4.00,Add 0.75 to 4.00,148.50,99.00,L25,DuraVision Plus Chrome UV,13,"ZEISS book p14; Clear BluePro; RANGE DIFFERS — product guide prints -10.00 to +6.00, cyl -6.00, max combined -10.00 — confirm in VISUSTORE; book $158.40 L20"
ZEISS,ZEISS,ClearMind Progressive Individual 3 1.60,,Progressive,1.60,PhotoFusionX,Freeform,grind,,-10.00,+6.00,-6.00,10.00,sphere,0.75,4.00,Add 0.75 to 4.00,180.09,120.06,L25,DuraVision Plus Gold UV,13,ZEISS book p14; PhotoFusionX Grey/Brown/Pioneer/Extra Grey/Blue/Burgundy/Black; range confirmed by ZEISS product guide; book $192.10 L20
ZEISS,ZEISS,ClearMind Progressive Individual 3 1.60,,Progressive,1.60,PhotoFusionX,Freeform,grind,,-10.00,+6.00,-6.00,10.00,sphere,0.75,4.00,Add 0.75 to 4.00,179.53,119.69,L25,DuraVision Plus Platinum UV,13,ZEISS book p14; PhotoFusionX Grey/Brown/Pioneer/Extra Grey/Blue/Burgundy/Black; range confirmed by ZEISS product guide; book $191.50 L20
ZEISS,ZEISS,ClearMind Progressive Individual 3 1.60,,Progressive,1.60,PhotoFusionX,Freeform,grind,,-10.00,+6.00,-6.00,10.00,sphere,0.75,4.00,Add 0.75 to 4.00,177.14,118.09,L25,DuraVision Plus Chrome UV,13,ZEISS book p14; PhotoFusionX Grey/Brown/Pioneer/Extra Grey/Blue/Burgundy/Black; range confirmed by ZEISS product guide; book $188.95 L20
ZEISS,ZEISS,ClearMind Progressive Individual 3 1.60,,Progressive,1.60,PhotoFusionX,Freeform,grind,,-10.00,+6.00,-6.00,10.00,sphere,0.75,4.00,Add 0.75 to 4.00,151.59,101.06,L25,DSHC hard coat,13,ZEISS book p14; PhotoFusionX Grey/Brown/Pioneer/Extra Grey/Blue/Burgundy/Black; range confirmed by ZEISS product guide; book $161.70 L20
ZEISS,ZEISS,ClearMind Progressive Individual 3 1.60,,Progressive,1.60,Polarised,Freeform,grind,,-11.00,+6.00,-6.00,11.00,sphere,0.75,3.50,Add 0.75 to 3.50,181.03,120.69,L25,DuraVision Plus Gold UV,13,ZEISS book p14; Polarised Grey/ Brown/ Pioneer; range confirmed by ZEISS product guide; book $193.10 L20
ZEISS,ZEISS,ClearMind Progressive Individual 3 1.60,,Progressive,1.60,Polarised,Freeform,grind,,-11.00,+6.00,-6.00,11.00,sphere,0.75,3.50,Add 0.75 to 3.50,180.47,120.31,L25,DuraVision Plus Platinum UV,13,ZEISS book p14; Polarised Grey/ Brown/ Pioneer; range confirmed by ZEISS product guide; book $192.50 L20
ZEISS,ZEISS,ClearMind Progressive Individual 3 1.60,,Progressive,1.60,Polarised,Freeform,grind,,-11.00,+6.00,-6.00,11.00,sphere,0.75,3.50,Add 0.75 to 3.50,178.08,118.72,L25,DuraVision Plus Chrome UV,13,ZEISS book p14; Polarised Grey/ Brown/ Pioneer; range confirmed by ZEISS product guide; book $189.95 L20
ZEISS,ZEISS,ClearMind Progressive Individual 3 1.60,,Progressive,1.60,Polarised,Freeform,grind,,-11.00,+6.00,-6.00,11.00,sphere,0.75,3.50,Add 0.75 to 3.50,179.48,119.66,L25,DuraVision Plus Sun UV,13,ZEISS book p14; Polarised Grey/ Brown/ Pioneer; range confirmed by ZEISS product guide; book $191.45 L20
ZEISS,ZEISS,ClearMind Progressive Individual 3 1.60,,Progressive,1.60,Polarised,Freeform,grind,,-11.00,+6.00,-6.00,11.00,sphere,0.75,3.50,Add 0.75 to 3.50,152.53,101.69,L25,DSHC hard coat,13,ZEISS book p14; Polarised Grey/ Brown/ Pioneer; range confirmed by ZEISS product guide; book $162.70 L20
ZEISS,ZEISS,ClearMind Progressive Individual 3 1.60,,Progressive,1.60,AdaptiveSun PhotoFusion,Freeform,grind,,-10.00,+6.00,-6.00,10.00,sphere,0.75,4.00,Add 0.75 to 4.00,206.58,137.72,L25,DuraVision Plus Gold UV,13,ZEISS book p14; AdaptiveSun PhotoFusion Grey/ Brown/ Pioneer/Blue; range confirmed by ZEISS product guide; book $220.35 L20
ZEISS,ZEISS,ClearMind Progressive Individual 3 1.60,,Progressive,1.60,AdaptiveSun PhotoFusion,Freeform,grind,,-10.00,+6.00,-6.00,10.00,sphere,0.75,4.00,Add 0.75 to 4.00,206.02,137.34,L25,DuraVision Plus Platinum UV,13,ZEISS book p14; AdaptiveSun PhotoFusion Grey/ Brown/ Pioneer/Blue; range confirmed by ZEISS product guide; book $219.75 L20
ZEISS,ZEISS,ClearMind Progressive Individual 3 1.60,,Progressive,1.60,AdaptiveSun PhotoFusion,Freeform,grind,,-10.00,+6.00,-6.00,10.00,sphere,0.75,4.00,Add 0.75 to 4.00,203.62,135.75,L25,DuraVision Plus Chrome UV,13,ZEISS book p14; AdaptiveSun PhotoFusion Grey/ Brown/ Pioneer/Blue; range confirmed by ZEISS product guide; book $217.20 L20
ZEISS,ZEISS,ClearMind Progressive Individual 3 1.60,,Progressive,1.60,AdaptiveSun PhotoFusion,Freeform,grind,,-10.00,+6.00,-6.00,10.00,sphere,0.75,4.00,Add 0.75 to 4.00,178.08,118.72,L25,DSHC hard coat,13,ZEISS book p14; AdaptiveSun PhotoFusion Grey/ Brown/ Pioneer/Blue; range confirmed by ZEISS product guide; book $189.95 L20
ZEISS,ZEISS,ClearMind Progressive Individual 3 1.60,,Progressive,1.60,AdaptiveSun Polarised,Freeform,grind,,-11.00,+6.00,-6.00,11.00,sphere,0.75,3.50,Add 0.75 to 3.50,209.16,139.44,L25,DuraVision Plus Gold UV,13,ZEISS book p14; AdaptiveSun Polarised Grey/ Brown/ Pioneer; range confirmed by ZEISS product guide; book $223.10 L20
ZEISS,ZEISS,ClearMind Progressive Individual 3 1.60,,Progressive,1.60,AdaptiveSun Polarised,Freeform,grind,,-11.00,+6.00,-6.00,11.00,sphere,0.75,3.50,Add 0.75 to 3.50,208.59,139.06,L25,DuraVision Plus Platinum UV,13,ZEISS book p14; AdaptiveSun Polarised Grey/ Brown/ Pioneer; range confirmed by ZEISS product guide; book $222.50 L20
ZEISS,ZEISS,ClearMind Progressive Individual 3 1.60,,Progressive,1.60,AdaptiveSun Polarised,Freeform,grind,,-11.00,+6.00,-6.00,11.00,sphere,0.75,3.50,Add 0.75 to 3.50,206.20,137.47,L25,DuraVision Plus Chrome UV,13,ZEISS book p14; AdaptiveSun Polarised Grey/ Brown/ Pioneer; range confirmed by ZEISS product guide; book $219.95 L20
ZEISS,ZEISS,ClearMind Progressive Individual 3 1.60,,Progressive,1.60,AdaptiveSun Polarised,Freeform,grind,,-11.00,+6.00,-6.00,11.00,sphere,0.75,3.50,Add 0.75 to 3.50,207.61,138.41,L25,DuraVision Plus Sun UV,13,ZEISS book p14; AdaptiveSun Polarised Grey/ Brown/ Pioneer; range confirmed by ZEISS product guide; book $221.45 L20
ZEISS,ZEISS,ClearMind Progressive Individual 3 1.60,,Progressive,1.60,AdaptiveSun Polarised,Freeform,grind,,-11.00,+6.00,-6.00,11.00,sphere,0.75,3.50,Add 0.75 to 3.50,180.66,120.44,L25,DSHC hard coat,13,ZEISS book p14; AdaptiveSun Polarised Grey/ Brown/ Pioneer; range confirmed by ZEISS product guide; book $192.70 L20
ZEISS,ZEISS,ClearMind Progressive Individual 3 1.67,,Progressive,1.67,Clear,Freeform,grind,,-17.00,+8.00,-6.00,17.00,sphere,0.75,3.50,Add 0.75 to 3.50,171.28,114.19,L25,DuraVision Plus Gold UV,13,"ZEISS book p14; Clear; RANGE DIFFERS — product guide prints -12.00 to +8.00, cyl -6.00, max combined -12.00 — confirm in VISUSTORE; book $182.70 L20"
ZEISS,ZEISS,ClearMind Progressive Individual 3 1.67,,Progressive,1.67,Clear,Freeform,grind,,-17.00,+8.00,-6.00,17.00,sphere,0.75,3.50,Add 0.75 to 3.50,170.72,113.81,L25,DuraVision Plus Platinum UV,13,"ZEISS book p14; Clear; RANGE DIFFERS — product guide prints -12.00 to +8.00, cyl -6.00, max combined -12.00 — confirm in VISUSTORE; book $182.10 L20"
ZEISS,ZEISS,ClearMind Progressive Individual 3 1.67,,Progressive,1.67,Clear,Freeform,grind,,-17.00,+8.00,-6.00,17.00,sphere,0.75,3.50,Add 0.75 to 3.50,168.33,112.22,L25,DuraVision Plus Chrome UV,13,"ZEISS book p14; Clear; RANGE DIFFERS — product guide prints -12.00 to +8.00, cyl -6.00, max combined -12.00 — confirm in VISUSTORE; book $179.55 L20"
ZEISS,ZEISS,ClearMind Progressive Individual 3 1.67,,Progressive,1.67,Clear BluePro,Freeform,grind,,-17.00,+8.00,-6.00,17.00,sphere,0.75,3.50,Add 0.75 to 3.50,173.53,115.69,L25,DuraVision Plus Gold UV,13,"ZEISS book p14; Clear BluePro; RANGE DIFFERS — product guide prints -12.00 to +8.00, cyl -6.00, max combined -12.00 — confirm in VISUSTORE; book $185.10 L20"
ZEISS,ZEISS,ClearMind Progressive Individual 3 1.67,,Progressive,1.67,Clear BluePro,Freeform,grind,,-17.00,+8.00,-6.00,17.00,sphere,0.75,3.50,Add 0.75 to 3.50,172.97,115.31,L25,DuraVision Plus Platinum UV,13,"ZEISS book p14; Clear BluePro; RANGE DIFFERS — product guide prints -12.00 to +8.00, cyl -6.00, max combined -12.00 — confirm in VISUSTORE; book $184.50 L20"
ZEISS,ZEISS,ClearMind Progressive Individual 3 1.67,,Progressive,1.67,Clear BluePro,Freeform,grind,,-17.00,+8.00,-6.00,17.00,sphere,0.75,3.50,Add 0.75 to 3.50,170.58,113.72,L25,DuraVision Plus Chrome UV,13,"ZEISS book p14; Clear BluePro; RANGE DIFFERS — product guide prints -12.00 to +8.00, cyl -6.00, max combined -12.00 — confirm in VISUSTORE; book $181.95 L20"
ZEISS,ZEISS,ClearMind Progressive Individual 3 1.67,,Progressive,1.67,PhotoFusionX,Freeform,grind,,-12.00,+8.00,-6.00,12.00,sphere,0.75,3.50,Add 0.75 to 3.50,202.17,134.78,L25,DuraVision Plus Gold UV,13,ZEISS book p14; PhotoFusionX Grey/Brown/Pioneer/Extra Grey/Blue/Burgundy/Black; range confirmed by ZEISS product guide; book $215.65 L20
ZEISS,ZEISS,ClearMind Progressive Individual 3 1.67,,Progressive,1.67,PhotoFusionX,Freeform,grind,,-12.00,+8.00,-6.00,12.00,sphere,0.75,3.50,Add 0.75 to 3.50,201.61,134.41,L25,DuraVision Plus Platinum UV,13,ZEISS book p14; PhotoFusionX Grey/Brown/Pioneer/Extra Grey/Blue/Burgundy/Black; range confirmed by ZEISS product guide; book $215.05 L20
ZEISS,ZEISS,ClearMind Progressive Individual 3 1.67,,Progressive,1.67,PhotoFusionX,Freeform,grind,,-12.00,+8.00,-6.00,12.00,sphere,0.75,3.50,Add 0.75 to 3.50,199.22,132.81,L25,DuraVision Plus Chrome UV,13,ZEISS book p14; PhotoFusionX Grey/Brown/Pioneer/Extra Grey/Blue/Burgundy/Black; range confirmed by ZEISS product guide; book $212.50 L20
ZEISS,ZEISS,ClearMind Progressive Individual 3 1.67,,Progressive,1.67,Polarised,Freeform,grind,,-12.00,+8.00,-6.00,12.00,sphere,0.75,3.50,Add 0.75 to 3.50,203.02,135.34,L25,DuraVision Plus Gold UV,13,ZEISS book p14; Polarised Grey/ Brown/ Pioneer; range confirmed by ZEISS product guide; book $216.55 L20
ZEISS,ZEISS,ClearMind Progressive Individual 3 1.67,,Progressive,1.67,Polarised,Freeform,grind,,-12.00,+8.00,-6.00,12.00,sphere,0.75,3.50,Add 0.75 to 3.50,202.45,134.97,L25,DuraVision Plus Platinum UV,13,ZEISS book p14; Polarised Grey/ Brown/ Pioneer; range confirmed by ZEISS product guide; book $215.95 L20
ZEISS,ZEISS,ClearMind Progressive Individual 3 1.67,,Progressive,1.67,Polarised,Freeform,grind,,-12.00,+8.00,-6.00,12.00,sphere,0.75,3.50,Add 0.75 to 3.50,200.06,133.38,L25,DuraVision Plus Chrome UV,13,ZEISS book p14; Polarised Grey/ Brown/ Pioneer; range confirmed by ZEISS product guide; book $213.40 L20
ZEISS,ZEISS,ClearMind Progressive Individual 3 1.67,,Progressive,1.67,Polarised,Freeform,grind,,-12.00,+8.00,-6.00,12.00,sphere,0.75,3.50,Add 0.75 to 3.50,201.47,134.31,L25,DuraVision Plus Sun UV,13,ZEISS book p14; Polarised Grey/ Brown/ Pioneer; range confirmed by ZEISS product guide; book $214.90 L20
ZEISS,ZEISS,ClearMind Progressive Individual 3 1.67,,Progressive,1.67,AdaptiveSun PhotoFusion,Freeform,grind,,-12.00,+8.00,-6.00,12.00,sphere,0.75,3.50,Add 0.75 to 3.50,228.61,152.41,L25,DuraVision Plus Gold UV,13,ZEISS book p14; AdaptiveSun PhotoFusion Grey/ Brown/ Pioneer; range confirmed by ZEISS product guide; book $243.85 L20
ZEISS,ZEISS,ClearMind Progressive Individual 3 1.67,,Progressive,1.67,AdaptiveSun PhotoFusion,Freeform,grind,,-12.00,+8.00,-6.00,12.00,sphere,0.75,3.50,Add 0.75 to 3.50,228.05,152.03,L25,DuraVision Plus Platinum UV,13,ZEISS book p14; AdaptiveSun PhotoFusion Grey/ Brown/ Pioneer; range confirmed by ZEISS product guide; book $243.25 L20
ZEISS,ZEISS,ClearMind Progressive Individual 3 1.67,,Progressive,1.67,AdaptiveSun PhotoFusion,Freeform,grind,,-12.00,+8.00,-6.00,12.00,sphere,0.75,3.50,Add 0.75 to 3.50,225.66,150.44,L25,DuraVision Plus Chrome UV,13,ZEISS book p14; AdaptiveSun PhotoFusion Grey/ Brown/ Pioneer; range confirmed by ZEISS product guide; book $240.70 L20
ZEISS,ZEISS,ClearMind Progressive Individual 3 1.74,,Progressive,1.74,Clear,Freeform,grind,,-20.00,+16.00,-6.00,20.00,sphere,0.75,3.50,Add 0.75 to 3.50,193.36,128.91,L25,DuraVision Plus Gold UV,13,ZEISS book p14; Clear; range confirmed by ZEISS product guide; book $206.25 L20
ZEISS,ZEISS,ClearMind Progressive Individual 3 1.74,,Progressive,1.74,Clear,Freeform,grind,,-20.00,+16.00,-6.00,20.00,sphere,0.75,3.50,Add 0.75 to 3.50,192.80,128.53,L25,DuraVision Plus Platinum UV,13,ZEISS book p14; Clear; range confirmed by ZEISS product guide; book $205.65 L20
ZEISS,ZEISS,ClearMind Progressive Individual 3 1.74,,Progressive,1.74,Clear,Freeform,grind,,-20.00,+16.00,-6.00,20.00,sphere,0.75,3.50,Add 0.75 to 3.50,190.41,126.94,L25,DuraVision Plus Chrome UV,13,ZEISS book p14; Clear; range confirmed by ZEISS product guide; book $203.10 L20
ZEISS,ZEISS,ClearMind Progressive Individual 3 1.74,,Progressive,1.74,Clear BluePro,Freeform,grind,,-20.00,+16.00,-6.00,20.00,sphere,0.75,3.50,Add 0.75 to 3.50,195.52,130.34,L25,DuraVision Plus Gold UV,13,ZEISS book p14; Clear BluePro; range confirmed by ZEISS product guide; book $208.55 L20
ZEISS,ZEISS,ClearMind Progressive Individual 3 1.74,,Progressive,1.74,Clear BluePro,Freeform,grind,,-20.00,+16.00,-6.00,20.00,sphere,0.75,3.50,Add 0.75 to 3.50,194.95,129.97,L25,DuraVision Plus Platinum UV,13,ZEISS book p14; Clear BluePro; range confirmed by ZEISS product guide; book $207.95 L20
ZEISS,ZEISS,ClearMind Progressive Individual 3 1.74,,Progressive,1.74,Clear BluePro,Freeform,grind,,-20.00,+16.00,-6.00,20.00,sphere,0.75,3.50,Add 0.75 to 3.50,192.56,128.38,L25,DuraVision Plus Chrome UV,13,ZEISS book p14; Clear BluePro; range confirmed by ZEISS product guide; book $205.40 L20
ZEISS,ZEISS,ClearMind Progressive Individual 3 1.74,,Progressive,1.74,PhotoFusionX,Freeform,grind,,-14.00,+9.00,-6.00,14.00,sphere,0.75,3.50,Add 0.75 to 3.50,224.16,149.44,L25,DuraVision Plus Gold UV,13,"ZEISS book p14; PhotoFusionX Grey/Brown/Extra Grey/Black; RANGE DIFFERS — product guide prints -14.00 to +9.00, cyl -6.00 — confirm in VISUSTORE; book $239.10 L20"
ZEISS,ZEISS,ClearMind Progressive Individual 3 1.74,,Progressive,1.74,PhotoFusionX,Freeform,grind,,-14.00,+9.00,-6.00,14.00,sphere,0.75,3.50,Add 0.75 to 3.50,223.59,149.06,L25,DuraVision Plus Platinum UV,13,"ZEISS book p14; PhotoFusionX Grey/Brown/Extra Grey/Black; RANGE DIFFERS — product guide prints -14.00 to +9.00, cyl -6.00 — confirm in VISUSTORE; book $238.50 L20"
ZEISS,ZEISS,ClearMind Progressive Individual 3 1.74,,Progressive,1.74,PhotoFusionX,Freeform,grind,,-14.00,+9.00,-6.00,14.00,sphere,0.75,3.50,Add 0.75 to 3.50,221.20,147.47,L25,DuraVision Plus Chrome UV,13,"ZEISS book p14; PhotoFusionX Grey/Brown/Extra Grey/Black; RANGE DIFFERS — product guide prints -14.00 to +9.00, cyl -6.00 — confirm in VISUSTORE; book $235.95 L20"
ZEISS,ZEISS,ClearMind Progressive Superb 1.50,,Progressive,1.50,Clear,Freeform,grind,,-7.00,+6.00,-6.00,7.00,sphere,0.75,3.50,Add 0.75 to 3.50,114.47,76.31,L25,DuraVision Plus Gold UV,13,"ZEISS book p15; Clear; RANGE DIFFERS — product guide prints -7.00 to +6.00, cyl -4.00, max combined -7.00 — confirm in VISUSTORE; book $122.10 L20"
ZEISS,ZEISS,ClearMind Progressive Superb 1.50,,Progressive,1.50,Clear,Freeform,grind,,-7.00,+6.00,-6.00,7.00,sphere,0.75,3.50,Add 0.75 to 3.50,113.91,75.94,L25,DuraVision Plus Platinum UV,13,"ZEISS book p15; Clear; RANGE DIFFERS — product guide prints -7.00 to +6.00, cyl -4.00, max combined -7.00 — confirm in VISUSTORE; book $121.50 L20"
ZEISS,ZEISS,ClearMind Progressive Superb 1.50,,Progressive,1.50,Clear,Freeform,grind,,-7.00,+6.00,-6.00,7.00,sphere,0.75,3.50,Add 0.75 to 3.50,111.52,74.34,L25,DuraVision Plus Chrome UV,13,"ZEISS book p15; Clear; RANGE DIFFERS — product guide prints -7.00 to +6.00, cyl -4.00, max combined -7.00 — confirm in VISUSTORE; book $118.95 L20"
ZEISS,ZEISS,ClearMind Progressive Superb 1.50,,Progressive,1.50,Clear,Freeform,grind,,-7.00,+6.00,-6.00,7.00,sphere,0.75,3.50,Add 0.75 to 3.50,85.97,57.31,L25,DSHC hard coat,13,"ZEISS book p15; Clear; RANGE DIFFERS — product guide prints -7.00 to +6.00, cyl -4.00, max combined -7.00 — confirm in VISUSTORE; book $91.70 L20"
ZEISS,ZEISS,ClearMind Progressive Superb 1.50,,Progressive,1.50,Clear BluePro,Freeform,grind,,-10.00,+10.00,-6.00,10.00,sphere,0.75,3.50,Add 0.75 to 3.50,116.67,77.78,L25,DuraVision Plus Gold UV,13,"ZEISS book p15; Clear BluePro; RANGE DIFFERS — product guide prints -7.00 to +6.00, cyl -4.00, max combined -7.00 — confirm in VISUSTORE; book $124.45 L20"
ZEISS,ZEISS,ClearMind Progressive Superb 1.50,,Progressive,1.50,Clear BluePro,Freeform,grind,,-10.00,+10.00,-6.00,10.00,sphere,0.75,3.50,Add 0.75 to 3.50,116.11,77.41,L25,DuraVision Plus Platinum UV,13,"ZEISS book p15; Clear BluePro; RANGE DIFFERS — product guide prints -7.00 to +6.00, cyl -4.00, max combined -7.00 — confirm in VISUSTORE; book $123.85 L20"
ZEISS,ZEISS,ClearMind Progressive Superb 1.50,,Progressive,1.50,Clear BluePro,Freeform,grind,,-10.00,+10.00,-6.00,10.00,sphere,0.75,3.50,Add 0.75 to 3.50,113.72,75.81,L25,DuraVision Plus Chrome UV,13,"ZEISS book p15; Clear BluePro; RANGE DIFFERS — product guide prints -7.00 to +6.00, cyl -4.00, max combined -7.00 — confirm in VISUSTORE; book $121.30 L20"
ZEISS,ZEISS,ClearMind Progressive Superb 1.50,,Progressive,1.50,PhotoFusionX,Freeform,grind,,-7.00,+5.00,-4.00,7.00,sphere,0.75,3.50,Add 0.75 to 3.50,145.31,96.88,L25,DuraVision Plus Gold UV,13,ZEISS book p15; PhotoFusionX Grey/Brown/Pioneer/Extra Grey/Blue/Burgundy/Black; range confirmed by ZEISS product guide; book $155.00 L20
ZEISS,ZEISS,ClearMind Progressive Superb 1.50,,Progressive,1.50,PhotoFusionX,Freeform,grind,,-7.00,+5.00,-4.00,7.00,sphere,0.75,3.50,Add 0.75 to 3.50,144.75,96.50,L25,DuraVision Plus Platinum UV,13,ZEISS book p15; PhotoFusionX Grey/Brown/Pioneer/Extra Grey/Blue/Burgundy/Black; range confirmed by ZEISS product guide; book $154.40 L20
ZEISS,ZEISS,ClearMind Progressive Superb 1.50,,Progressive,1.50,PhotoFusionX,Freeform,grind,,-7.00,+5.00,-4.00,7.00,sphere,0.75,3.50,Add 0.75 to 3.50,142.36,94.91,L25,DuraVision Plus Chrome UV,13,ZEISS book p15; PhotoFusionX Grey/Brown/Pioneer/Extra Grey/Blue/Burgundy/Black; range confirmed by ZEISS product guide; book $151.85 L20
ZEISS,ZEISS,ClearMind Progressive Superb 1.50,,Progressive,1.50,PhotoFusionX,Freeform,grind,,-7.00,+5.00,-4.00,7.00,sphere,0.75,3.50,Add 0.75 to 3.50,116.81,77.88,L25,DSHC hard coat,13,ZEISS book p15; PhotoFusionX Grey/Brown/Pioneer/Extra Grey/Blue/Burgundy/Black; range confirmed by ZEISS product guide; book $124.60 L20
ZEISS,ZEISS,ClearMind Progressive Superb 1.50,,Progressive,1.50,Polarised,Freeform,grind,,-8.00,+5.00,-4.00,8.00,sphere,0.75,3.50,Add 0.75 to 3.50,146.16,97.44,L25,DuraVision Plus Gold UV,13,ZEISS book p15; Polarised Grey/ Brown/ Pioneer; range confirmed by ZEISS product guide; book $155.90 L20
ZEISS,ZEISS,ClearMind Progressive Superb 1.50,,Progressive,1.50,Polarised,Freeform,grind,,-8.00,+5.00,-4.00,8.00,sphere,0.75,3.50,Add 0.75 to 3.50,145.59,97.06,L25,DuraVision Plus Platinum UV,13,ZEISS book p15; Polarised Grey/ Brown/ Pioneer; range confirmed by ZEISS product guide; book $155.30 L20
ZEISS,ZEISS,ClearMind Progressive Superb 1.50,,Progressive,1.50,Polarised,Freeform,grind,,-8.00,+5.00,-4.00,8.00,sphere,0.75,3.50,Add 0.75 to 3.50,143.20,95.47,L25,DuraVision Plus Chrome UV,13,ZEISS book p15; Polarised Grey/ Brown/ Pioneer; range confirmed by ZEISS product guide; book $152.75 L20
ZEISS,ZEISS,ClearMind Progressive Superb 1.50,,Progressive,1.50,Polarised,Freeform,grind,,-8.00,+5.00,-4.00,8.00,sphere,0.75,3.50,Add 0.75 to 3.50,144.61,96.41,L25,DuraVision Plus Sun UV,13,ZEISS book p15; Polarised Grey/ Brown/ Pioneer; range confirmed by ZEISS product guide; book $154.25 L20
ZEISS,ZEISS,ClearMind Progressive Superb 1.50,,Progressive,1.50,Polarised,Freeform,grind,,-8.00,+5.00,-4.00,8.00,sphere,0.75,3.50,Add 0.75 to 3.50,117.66,78.44,L25,DSHC hard coat,13,ZEISS book p15; Polarised Grey/ Brown/ Pioneer; range confirmed by ZEISS product guide; book $125.50 L20
ZEISS,ZEISS,ClearMind Progressive Superb 1.50,,Progressive,1.50,AdaptiveSun PhotoFusion,Freeform,grind,,-7.00,+5.00,-4.00,7.00,sphere,0.75,3.50,Add 0.75 to 3.50,171.75,114.50,L25,DuraVision Plus Gold UV,13,ZEISS book p15; AdaptiveSun PhotoFusion Grey/ Brown/ Pioneer/Blue; range confirmed by ZEISS product guide; book $183.20 L20
ZEISS,ZEISS,ClearMind Progressive Superb 1.50,,Progressive,1.50,AdaptiveSun PhotoFusion,Freeform,grind,,-7.00,+5.00,-4.00,7.00,sphere,0.75,3.50,Add 0.75 to 3.50,171.19,114.12,L25,DuraVision Plus Platinum UV,13,ZEISS book p15; AdaptiveSun PhotoFusion Grey/ Brown/ Pioneer/Blue; range confirmed by ZEISS product guide; book $182.60 L20
ZEISS,ZEISS,ClearMind Progressive Superb 1.50,,Progressive,1.50,AdaptiveSun PhotoFusion,Freeform,grind,,-7.00,+5.00,-4.00,7.00,sphere,0.75,3.50,Add 0.75 to 3.50,168.80,112.53,L25,DuraVision Plus Chrome UV,13,ZEISS book p15; AdaptiveSun PhotoFusion Grey/ Brown/ Pioneer/Blue; range confirmed by ZEISS product guide; book $180.05 L20
ZEISS,ZEISS,ClearMind Progressive Superb 1.50,,Progressive,1.50,AdaptiveSun PhotoFusion,Freeform,grind,,-7.00,+5.00,-4.00,7.00,sphere,0.75,3.50,Add 0.75 to 3.50,143.25,95.50,L25,DSHC hard coat,13,ZEISS book p15; AdaptiveSun PhotoFusion Grey/ Brown/ Pioneer/Blue; range confirmed by ZEISS product guide; book $152.80 L20
ZEISS,ZEISS,ClearMind Progressive Superb 1.50,,Progressive,1.50,AdaptiveSun Polarised,Freeform,grind,,-8.00,+5.00,-4.00,8.00,sphere,0.75,3.50,Add 0.75 to 3.50,174.42,116.28,L25,DuraVision Plus Gold UV,13,ZEISS book p15; AdaptiveSun Polarised Grey/ Brown/ Pioneer; range confirmed by ZEISS product guide; book $186.05 L20
ZEISS,ZEISS,ClearMind Progressive Superb 1.50,,Progressive,1.50,AdaptiveSun Polarised,Freeform,grind,,-8.00,+5.00,-4.00,8.00,sphere,0.75,3.50,Add 0.75 to 3.50,173.86,115.91,L25,DuraVision Plus Platinum UV,13,ZEISS book p15; AdaptiveSun Polarised Grey/ Brown/ Pioneer; range confirmed by ZEISS product guide; book $185.45 L20
ZEISS,ZEISS,ClearMind Progressive Superb 1.50,,Progressive,1.50,AdaptiveSun Polarised,Freeform,grind,,-8.00,+5.00,-4.00,8.00,sphere,0.75,3.50,Add 0.75 to 3.50,171.47,114.31,L25,DuraVision Plus Chrome UV,13,ZEISS book p15; AdaptiveSun Polarised Grey/ Brown/ Pioneer; range confirmed by ZEISS product guide; book $182.90 L20
ZEISS,ZEISS,ClearMind Progressive Superb 1.50,,Progressive,1.50,AdaptiveSun Polarised,Freeform,grind,,-8.00,+5.00,-4.00,8.00,sphere,0.75,3.50,Add 0.75 to 3.50,172.88,115.25,L25,DuraVision Plus Sun UV,13,ZEISS book p15; AdaptiveSun Polarised Grey/ Brown/ Pioneer; range confirmed by ZEISS product guide; book $184.40 L20
ZEISS,ZEISS,ClearMind Progressive Superb 1.50,,Progressive,1.50,AdaptiveSun Polarised,Freeform,grind,,-8.00,+5.00,-4.00,8.00,sphere,0.75,3.50,Add 0.75 to 3.50,145.92,97.28,L25,DSHC hard coat,13,ZEISS book p15; AdaptiveSun Polarised Grey/ Brown/ Pioneer; range confirmed by ZEISS product guide; book $155.65 L20
ZEISS,ZEISS,ClearMind Progressive Superb 1.53,,Progressive,1.53,Clear,Freeform,grind,,-7.00,+5.00,-4.00,7.00,sphere,0.75,3.50,Add 0.75 to 3.50,135.66,90.44,L25,DuraVision Plus Gold UV,13,ZEISS book p15; Clear; range confirmed by ZEISS product guide; book $144.70 L20
ZEISS,ZEISS,ClearMind Progressive Superb 1.53,,Progressive,1.53,Clear,Freeform,grind,,-7.00,+5.00,-4.00,7.00,sphere,0.75,3.50,Add 0.75 to 3.50,135.09,90.06,L25,DuraVision Plus Platinum UV,13,ZEISS book p15; Clear; range confirmed by ZEISS product guide; book $144.10 L20
ZEISS,ZEISS,ClearMind Progressive Superb 1.53,,Progressive,1.53,Clear,Freeform,grind,,-7.00,+5.00,-4.00,7.00,sphere,0.75,3.50,Add 0.75 to 3.50,132.70,88.47,L25,DuraVision Plus Chrome UV,13,ZEISS book p15; Clear; range confirmed by ZEISS product guide; book $141.55 L20
ZEISS,ZEISS,ClearMind Progressive Superb 1.53,,Progressive,1.53,Clear,Freeform,grind,,-7.00,+5.00,-4.00,7.00,sphere,0.75,3.50,Add 0.75 to 3.50,107.16,71.44,L25,DSHC hard coat,13,ZEISS book p15; Clear; range confirmed by ZEISS product guide; book $114.30 L20
ZEISS,ZEISS,ClearMind Progressive Superb 1.53,,Progressive,1.53,Polarised,Freeform,grind,,-7.00,+5.00,-4.00,7.00,sphere,0.75,3.50,Add 0.75 to 3.50,167.34,111.56,L25,DuraVision Plus Gold UV,13,ZEISS book p15; Polarised Grey/ Brown; range confirmed by ZEISS product guide; book $178.50 L20
ZEISS,ZEISS,ClearMind Progressive Superb 1.53,,Progressive,1.53,Polarised,Freeform,grind,,-7.00,+5.00,-4.00,7.00,sphere,0.75,3.50,Add 0.75 to 3.50,166.78,111.19,L25,DuraVision Plus Platinum UV,13,ZEISS book p15; Polarised Grey/ Brown; range confirmed by ZEISS product guide; book $177.90 L20
ZEISS,ZEISS,ClearMind Progressive Superb 1.53,,Progressive,1.53,Polarised,Freeform,grind,,-7.00,+5.00,-4.00,7.00,sphere,0.75,3.50,Add 0.75 to 3.50,164.39,109.59,L25,DuraVision Plus Chrome UV,13,ZEISS book p15; Polarised Grey/ Brown; range confirmed by ZEISS product guide; book $175.35 L20
ZEISS,ZEISS,ClearMind Progressive Superb 1.53,,Progressive,1.53,Polarised,Freeform,grind,,-7.00,+5.00,-4.00,7.00,sphere,0.75,3.50,Add 0.75 to 3.50,165.80,110.53,L25,DuraVision Plus Sun UV,13,ZEISS book p15; Polarised Grey/ Brown; range confirmed by ZEISS product guide; book $176.85 L20
ZEISS,ZEISS,ClearMind Progressive Superb 1.53,,Progressive,1.53,Polarised,Freeform,grind,,-7.00,+5.00,-4.00,7.00,sphere,0.75,3.50,Add 0.75 to 3.50,138.84,92.56,L25,DSHC hard coat,13,ZEISS book p15; Polarised Grey/ Brown; range confirmed by ZEISS product guide; book $148.10 L20
ZEISS,ZEISS,ClearMind Progressive Superb 1.59,,Progressive,1.59,Clear,Freeform,grind,,-10.00,+6.00,-6.00,10.00,sphere,0.75,4.00,Add 0.75 to 4.00,142.69,95.12,L25,DuraVision Plus Gold UV,13,ZEISS book p15; Clear; range confirmed by ZEISS product guide; book $152.20 L20
ZEISS,ZEISS,ClearMind Progressive Superb 1.59,,Progressive,1.59,Clear,Freeform,grind,,-10.00,+6.00,-6.00,10.00,sphere,0.75,4.00,Add 0.75 to 4.00,142.12,94.75,L25,DuraVision Plus Platinum UV,13,ZEISS book p15; Clear; range confirmed by ZEISS product guide; book $151.60 L20
ZEISS,ZEISS,ClearMind Progressive Superb 1.59,,Progressive,1.59,Clear,Freeform,grind,,-10.00,+6.00,-6.00,10.00,sphere,0.75,4.00,Add 0.75 to 4.00,139.73,93.16,L25,DuraVision Plus Chrome UV,13,ZEISS book p15; Clear; range confirmed by ZEISS product guide; book $149.05 L20
ZEISS,ZEISS,ClearMind Progressive Superb 1.59,,Progressive,1.59,Clear,Freeform,grind,,-10.00,+6.00,-6.00,10.00,sphere,0.75,4.00,Add 0.75 to 4.00,114.19,76.12,L25,DSHC hard coat,13,ZEISS book p15; Clear; range confirmed by ZEISS product guide; book $121.80 L20
ZEISS,ZEISS,ClearMind Progressive Superb 1.59,,Progressive,1.59,PhotoFusionX,Freeform,grind,,-10.00,+6.00,-6.00,10.00,sphere,0.75,4.00,Add 0.75 to 4.00,173.53,115.69,L25,DuraVision Plus Gold UV,13,ZEISS book p15; PhotoFusionX Grey/Brown/Pioneer/Extra Grey/Blue/Burgundy/Black; range confirmed by ZEISS product guide; book $185.10 L20
ZEISS,ZEISS,ClearMind Progressive Superb 1.59,,Progressive,1.59,PhotoFusionX,Freeform,grind,,-10.00,+6.00,-6.00,10.00,sphere,0.75,4.00,Add 0.75 to 4.00,172.97,115.31,L25,DuraVision Plus Platinum UV,13,ZEISS book p15; PhotoFusionX Grey/Brown/Pioneer/Extra Grey/Blue/Burgundy/Black; range confirmed by ZEISS product guide; book $184.50 L20
ZEISS,ZEISS,ClearMind Progressive Superb 1.59,,Progressive,1.59,PhotoFusionX,Freeform,grind,,-10.00,+6.00,-6.00,10.00,sphere,0.75,4.00,Add 0.75 to 4.00,170.58,113.72,L25,DuraVision Plus Chrome UV,13,ZEISS book p15; PhotoFusionX Grey/Brown/Pioneer/Extra Grey/Blue/Burgundy/Black; range confirmed by ZEISS product guide; book $181.95 L20
ZEISS,ZEISS,ClearMind Progressive Superb 1.59,,Progressive,1.59,PhotoFusionX,Freeform,grind,,-10.00,+6.00,-6.00,10.00,sphere,0.75,4.00,Add 0.75 to 4.00,145.03,96.69,L25,DSHC hard coat,13,ZEISS book p15; PhotoFusionX Grey/Brown/Pioneer/Extra Grey/Blue/Burgundy/Black; range confirmed by ZEISS product guide; book $154.70 L20
ZEISS,ZEISS,ClearMind Progressive Superb 1.59,,Progressive,1.59,Polarised,Freeform,grind,,-10.00,+6.00,-4.00,10.00,sphere,0.75,3.50,Add 0.75 to 3.50,174.47,116.31,L25,DuraVision Plus Gold UV,13,ZEISS book p15; Polarised Grey/ Brown; range confirmed by ZEISS product guide; book $186.10 L20
ZEISS,ZEISS,ClearMind Progressive Superb 1.59,,Progressive,1.59,Polarised,Freeform,grind,,-10.00,+6.00,-4.00,10.00,sphere,0.75,3.50,Add 0.75 to 3.50,173.91,115.94,L25,DuraVision Plus Platinum UV,13,ZEISS book p15; Polarised Grey/ Brown; range confirmed by ZEISS product guide; book $185.50 L20
ZEISS,ZEISS,ClearMind Progressive Superb 1.59,,Progressive,1.59,Polarised,Freeform,grind,,-10.00,+6.00,-4.00,10.00,sphere,0.75,3.50,Add 0.75 to 3.50,171.52,114.34,L25,DuraVision Plus Chrome UV,13,ZEISS book p15; Polarised Grey/ Brown; range confirmed by ZEISS product guide; book $182.95 L20
ZEISS,ZEISS,ClearMind Progressive Superb 1.59,,Progressive,1.59,Polarised,Freeform,grind,,-10.00,+6.00,-4.00,10.00,sphere,0.75,3.50,Add 0.75 to 3.50,172.92,115.28,L25,DuraVision Plus Sun UV,13,ZEISS book p15; Polarised Grey/ Brown; range confirmed by ZEISS product guide; book $184.45 L20
ZEISS,ZEISS,ClearMind Progressive Superb 1.59,,Progressive,1.59,Polarised,Freeform,grind,,-10.00,+6.00,-4.00,10.00,sphere,0.75,3.50,Add 0.75 to 3.50,145.97,97.31,L25,DSHC hard coat,13,ZEISS book p15; Polarised Grey/ Brown; range confirmed by ZEISS product guide; book $155.70 L20
ZEISS,ZEISS,ClearMind Progressive Superb 1.60,,Progressive,1.60,Clear,Freeform,grind,,-10.00,+10.00,-6.00,10.00,sphere,0.75,4.00,Add 0.75 to 4.00,142.69,95.12,L25,DuraVision Plus Gold UV,13,"ZEISS book p15; Clear; RANGE DIFFERS — product guide prints -10.00 to +6.00, cyl -6.00, max combined -10.00 — confirm in VISUSTORE; book $152.20 L20"
ZEISS,ZEISS,ClearMind Progressive Superb 1.60,,Progressive,1.60,Clear,Freeform,grind,,-10.00,+10.00,-6.00,10.00,sphere,0.75,4.00,Add 0.75 to 4.00,142.12,94.75,L25,DuraVision Plus Platinum UV,13,"ZEISS book p15; Clear; RANGE DIFFERS — product guide prints -10.00 to +6.00, cyl -6.00, max combined -10.00 — confirm in VISUSTORE; book $151.60 L20"
ZEISS,ZEISS,ClearMind Progressive Superb 1.60,,Progressive,1.60,Clear,Freeform,grind,,-10.00,+10.00,-6.00,10.00,sphere,0.75,4.00,Add 0.75 to 4.00,139.73,93.16,L25,DuraVision Plus Chrome UV,13,"ZEISS book p15; Clear; RANGE DIFFERS — product guide prints -10.00 to +6.00, cyl -6.00, max combined -10.00 — confirm in VISUSTORE; book $149.05 L20"
ZEISS,ZEISS,ClearMind Progressive Superb 1.60,,Progressive,1.60,Clear,Freeform,grind,,-10.00,+10.00,-6.00,10.00,sphere,0.75,4.00,Add 0.75 to 4.00,114.19,76.12,L25,DSHC hard coat,13,"ZEISS book p15; Clear; RANGE DIFFERS — product guide prints -10.00 to +6.00, cyl -6.00, max combined -10.00 — confirm in VISUSTORE; book $121.80 L20"
ZEISS,ZEISS,ClearMind Progressive Superb 1.60,,Progressive,1.60,Clear BluePro,Freeform,grind,,-10.00,+10.00,-6.00,10.00,sphere,0.75,4.00,Add 0.75 to 4.00,144.89,96.59,L25,DuraVision Plus Gold UV,13,"ZEISS book p15; Clear BluePro; RANGE DIFFERS — product guide prints -10.00 to +6.00, cyl -6.00, max combined -10.00 — confirm in VISUSTORE; book $154.55 L20"
ZEISS,ZEISS,ClearMind Progressive Superb 1.60,,Progressive,1.60,Clear BluePro,Freeform,grind,,-10.00,+10.00,-6.00,10.00,sphere,0.75,4.00,Add 0.75 to 4.00,144.33,96.22,L25,DuraVision Plus Platinum UV,13,"ZEISS book p15; Clear BluePro; RANGE DIFFERS — product guide prints -10.00 to +6.00, cyl -6.00, max combined -10.00 — confirm in VISUSTORE; book $153.95 L20"
ZEISS,ZEISS,ClearMind Progressive Superb 1.60,,Progressive,1.60,Clear BluePro,Freeform,grind,,-10.00,+10.00,-6.00,10.00,sphere,0.75,4.00,Add 0.75 to 4.00,141.94,94.62,L25,DuraVision Plus Chrome UV,13,"ZEISS book p15; Clear BluePro; RANGE DIFFERS — product guide prints -10.00 to +6.00, cyl -6.00, max combined -10.00 — confirm in VISUSTORE; book $151.40 L20"
ZEISS,ZEISS,ClearMind Progressive Superb 1.60,,Progressive,1.60,PhotoFusionX,Freeform,grind,,-10.00,+6.00,-6.00,10.00,sphere,0.75,4.00,Add 0.75 to 4.00,173.53,115.69,L25,DuraVision Plus Gold UV,13,ZEISS book p15; PhotoFusionX Grey/Brown/Pioneer/Extra Grey/Blue/Burgundy/Black; range confirmed by ZEISS product guide; book $185.10 L20
ZEISS,ZEISS,ClearMind Progressive Superb 1.60,,Progressive,1.60,PhotoFusionX,Freeform,grind,,-10.00,+6.00,-6.00,10.00,sphere,0.75,4.00,Add 0.75 to 4.00,172.97,115.31,L25,DuraVision Plus Platinum UV,13,ZEISS book p15; PhotoFusionX Grey/Brown/Pioneer/Extra Grey/Blue/Burgundy/Black; range confirmed by ZEISS product guide; book $184.50 L20
ZEISS,ZEISS,ClearMind Progressive Superb 1.60,,Progressive,1.60,PhotoFusionX,Freeform,grind,,-10.00,+6.00,-6.00,10.00,sphere,0.75,4.00,Add 0.75 to 4.00,170.58,113.72,L25,DuraVision Plus Chrome UV,13,ZEISS book p15; PhotoFusionX Grey/Brown/Pioneer/Extra Grey/Blue/Burgundy/Black; range confirmed by ZEISS product guide; book $181.95 L20
ZEISS,ZEISS,ClearMind Progressive Superb 1.60,,Progressive,1.60,PhotoFusionX,Freeform,grind,,-10.00,+6.00,-6.00,10.00,sphere,0.75,4.00,Add 0.75 to 4.00,145.03,96.69,L25,DSHC hard coat,13,ZEISS book p15; PhotoFusionX Grey/Brown/Pioneer/Extra Grey/Blue/Burgundy/Black; range confirmed by ZEISS product guide; book $154.70 L20
ZEISS,ZEISS,ClearMind Progressive Superb 1.60,,Progressive,1.60,Polarised,Freeform,grind,,-11.00,+6.00,-6.00,11.00,sphere,0.75,3.50,Add 0.75 to 3.50,174.47,116.31,L25,DuraVision Plus Gold UV,13,ZEISS book p15; Polarised Grey/ Brown/ Pioneer; range confirmed by ZEISS product guide; book $186.10 L20
ZEISS,ZEISS,ClearMind Progressive Superb 1.60,,Progressive,1.60,Polarised,Freeform,grind,,-11.00,+6.00,-6.00,11.00,sphere,0.75,3.50,Add 0.75 to 3.50,173.91,115.94,L25,DuraVision Plus Platinum UV,13,ZEISS book p15; Polarised Grey/ Brown/ Pioneer; range confirmed by ZEISS product guide; book $185.50 L20
ZEISS,ZEISS,ClearMind Progressive Superb 1.60,,Progressive,1.60,Polarised,Freeform,grind,,-11.00,+6.00,-6.00,11.00,sphere,0.75,3.50,Add 0.75 to 3.50,171.52,114.34,L25,DuraVision Plus Chrome UV,13,ZEISS book p15; Polarised Grey/ Brown/ Pioneer; range confirmed by ZEISS product guide; book $182.95 L20
ZEISS,ZEISS,ClearMind Progressive Superb 1.60,,Progressive,1.60,Polarised,Freeform,grind,,-11.00,+6.00,-6.00,11.00,sphere,0.75,3.50,Add 0.75 to 3.50,172.92,115.28,L25,DuraVision Plus Sun UV,13,ZEISS book p15; Polarised Grey/ Brown/ Pioneer; range confirmed by ZEISS product guide; book $184.45 L20
ZEISS,ZEISS,ClearMind Progressive Superb 1.60,,Progressive,1.60,Polarised,Freeform,grind,,-11.00,+6.00,-6.00,11.00,sphere,0.75,3.50,Add 0.75 to 3.50,145.97,97.31,L25,DSHC hard coat,13,ZEISS book p15; Polarised Grey/ Brown/ Pioneer; range confirmed by ZEISS product guide; book $155.70 L20
ZEISS,ZEISS,ClearMind Progressive Superb 1.60,,Progressive,1.60,AdaptiveSun PhotoFusion,Freeform,grind,,-10.00,+6.00,-6.00,10.00,sphere,0.75,4.00,Add 0.75 to 4.00,199.97,133.31,L25,DuraVision Plus Gold UV,13,ZEISS book p15; AdaptiveSun PhotoFusion Grey/ Brown/ Pioneer/Blue; range confirmed by ZEISS product guide; book $213.30 L20
ZEISS,ZEISS,ClearMind Progressive Superb 1.60,,Progressive,1.60,AdaptiveSun PhotoFusion,Freeform,grind,,-10.00,+6.00,-6.00,10.00,sphere,0.75,4.00,Add 0.75 to 4.00,199.41,132.94,L25,DuraVision Plus Platinum UV,13,ZEISS book p15; AdaptiveSun PhotoFusion Grey/ Brown/ Pioneer/Blue; range confirmed by ZEISS product guide; book $212.70 L20
ZEISS,ZEISS,ClearMind Progressive Superb 1.60,,Progressive,1.60,AdaptiveSun PhotoFusion,Freeform,grind,,-10.00,+6.00,-6.00,10.00,sphere,0.75,4.00,Add 0.75 to 4.00,197.02,131.34,L25,DuraVision Plus Chrome UV,13,ZEISS book p15; AdaptiveSun PhotoFusion Grey/ Brown/ Pioneer/Blue; range confirmed by ZEISS product guide; book $210.15 L20
ZEISS,ZEISS,ClearMind Progressive Superb 1.60,,Progressive,1.60,AdaptiveSun PhotoFusion,Freeform,grind,,-10.00,+6.00,-6.00,10.00,sphere,0.75,4.00,Add 0.75 to 4.00,171.47,114.31,L25,DSHC hard coat,13,ZEISS book p15; AdaptiveSun PhotoFusion Grey/ Brown/ Pioneer/Blue; range confirmed by ZEISS product guide; book $182.90 L20
ZEISS,ZEISS,ClearMind Progressive Superb 1.60,,Progressive,1.60,AdaptiveSun Polarised,Freeform,grind,,-11.00,+6.00,-6.00,11.00,sphere,0.75,3.50,Add 0.75 to 3.50,202.59,135.06,L25,DuraVision Plus Gold UV,13,ZEISS book p15; AdaptiveSun Polarised Grey/ Brown/ Pioneer; range confirmed by ZEISS product guide; book $216.10 L20
ZEISS,ZEISS,ClearMind Progressive Superb 1.60,,Progressive,1.60,AdaptiveSun Polarised,Freeform,grind,,-11.00,+6.00,-6.00,11.00,sphere,0.75,3.50,Add 0.75 to 3.50,202.03,134.69,L25,DuraVision Plus Platinum UV,13,ZEISS book p15; AdaptiveSun Polarised Grey/ Brown/ Pioneer; range confirmed by ZEISS product guide; book $215.50 L20
ZEISS,ZEISS,ClearMind Progressive Superb 1.60,,Progressive,1.60,AdaptiveSun Polarised,Freeform,grind,,-11.00,+6.00,-6.00,11.00,sphere,0.75,3.50,Add 0.75 to 3.50,199.64,133.09,L25,DuraVision Plus Chrome UV,13,ZEISS book p15; AdaptiveSun Polarised Grey/ Brown/ Pioneer; range confirmed by ZEISS product guide; book $212.95 L20
ZEISS,ZEISS,ClearMind Progressive Superb 1.60,,Progressive,1.60,AdaptiveSun Polarised,Freeform,grind,,-11.00,+6.00,-6.00,11.00,sphere,0.75,3.50,Add 0.75 to 3.50,201.05,134.03,L25,DuraVision Plus Sun UV,13,ZEISS book p15; AdaptiveSun Polarised Grey/ Brown/ Pioneer; range confirmed by ZEISS product guide; book $214.45 L20
ZEISS,ZEISS,ClearMind Progressive Superb 1.60,,Progressive,1.60,AdaptiveSun Polarised,Freeform,grind,,-11.00,+6.00,-6.00,11.00,sphere,0.75,3.50,Add 0.75 to 3.50,174.09,116.06,L25,DSHC hard coat,13,ZEISS book p15; AdaptiveSun Polarised Grey/ Brown/ Pioneer; range confirmed by ZEISS product guide; book $185.70 L20
ZEISS,ZEISS,ClearMind Progressive Superb 1.67,,Progressive,1.67,Clear,Freeform,grind,,-17.00,+8.00,-6.00,17.00,sphere,0.75,3.50,Add 0.75 to 3.50,164.72,109.81,L25,DuraVision Plus Gold UV,13,"ZEISS book p15; Clear; RANGE DIFFERS — product guide prints -12.00 to +8.00, cyl -6.00, max combined -12.00 — confirm in VISUSTORE; book $175.70 L20"
ZEISS,ZEISS,ClearMind Progressive Superb 1.67,,Progressive,1.67,Clear,Freeform,grind,,-17.00,+8.00,-6.00,17.00,sphere,0.75,3.50,Add 0.75 to 3.50,164.16,109.44,L25,DuraVision Plus Platinum UV,13,"ZEISS book p15; Clear; RANGE DIFFERS — product guide prints -12.00 to +8.00, cyl -6.00, max combined -12.00 — confirm in VISUSTORE; book $175.10 L20"
ZEISS,ZEISS,ClearMind Progressive Superb 1.67,,Progressive,1.67,Clear,Freeform,grind,,-17.00,+8.00,-6.00,17.00,sphere,0.75,3.50,Add 0.75 to 3.50,161.77,107.84,L25,DuraVision Plus Chrome UV,13,"ZEISS book p15; Clear; RANGE DIFFERS — product guide prints -12.00 to +8.00, cyl -6.00, max combined -12.00 — confirm in VISUSTORE; book $172.55 L20"
ZEISS,ZEISS,ClearMind Progressive Superb 1.67,,Progressive,1.67,Clear BluePro,Freeform,grind,,-17.00,+8.00,-6.00,17.00,sphere,0.75,3.50,Add 0.75 to 3.50,166.97,111.31,L25,DuraVision Plus Gold UV,13,"ZEISS book p15; Clear BluePro; RANGE DIFFERS — product guide prints -12.00 to +8.00, cyl -6.00, max combined -12.00 — confirm in VISUSTORE; book $178.10 L20"
ZEISS,ZEISS,ClearMind Progressive Superb 1.67,,Progressive,1.67,Clear BluePro,Freeform,grind,,-17.00,+8.00,-6.00,17.00,sphere,0.75,3.50,Add 0.75 to 3.50,166.41,110.94,L25,DuraVision Plus Platinum UV,13,"ZEISS book p15; Clear BluePro; RANGE DIFFERS — product guide prints -12.00 to +8.00, cyl -6.00, max combined -12.00 — confirm in VISUSTORE; book $177.50 L20"
ZEISS,ZEISS,ClearMind Progressive Superb 1.67,,Progressive,1.67,Clear BluePro,Freeform,grind,,-17.00,+8.00,-6.00,17.00,sphere,0.75,3.50,Add 0.75 to 3.50,164.02,109.34,L25,DuraVision Plus Chrome UV,13,"ZEISS book p15; Clear BluePro; RANGE DIFFERS — product guide prints -12.00 to +8.00, cyl -6.00, max combined -12.00 — confirm in VISUSTORE; book $174.95 L20"
ZEISS,ZEISS,ClearMind Progressive Superb 1.67,,Progressive,1.67,PhotoFusionX,Freeform,grind,,-12.00,+8.00,-6.00,12.00,sphere,0.75,3.50,Add 0.75 to 3.50,195.56,130.38,L25,DuraVision Plus Gold UV,13,ZEISS book p15; PhotoFusionX Grey/Brown/Pioneer/Extra Grey/Blue/Burgundy/Black; range confirmed by ZEISS product guide; book $208.60 L20
ZEISS,ZEISS,ClearMind Progressive Superb 1.67,,Progressive,1.67,PhotoFusionX,Freeform,grind,,-12.00,+8.00,-6.00,12.00,sphere,0.75,3.50,Add 0.75 to 3.50,195.00,130.00,L25,DuraVision Plus Platinum UV,13,ZEISS book p15; PhotoFusionX Grey/Brown/Pioneer/Extra Grey/Blue/Burgundy/Black; range confirmed by ZEISS product guide; book $208.00 L20
ZEISS,ZEISS,ClearMind Progressive Superb 1.67,,Progressive,1.67,PhotoFusionX,Freeform,grind,,-12.00,+8.00,-6.00,12.00,sphere,0.75,3.50,Add 0.75 to 3.50,192.61,128.41,L25,DuraVision Plus Chrome UV,13,ZEISS book p15; PhotoFusionX Grey/Brown/Pioneer/Extra Grey/Blue/Burgundy/Black; range confirmed by ZEISS product guide; book $205.45 L20
ZEISS,ZEISS,ClearMind Progressive Superb 1.67,,Progressive,1.67,Polarised,Freeform,grind,,-12.00,+8.00,-6.00,12.00,sphere,0.75,3.50,Add 0.75 to 3.50,196.45,130.97,L25,DuraVision Plus Gold UV,13,ZEISS book p15; Polarised Grey/ Brown/ Pioneer; range confirmed by ZEISS product guide; book $209.55 L20
ZEISS,ZEISS,ClearMind Progressive Superb 1.67,,Progressive,1.67,Polarised,Freeform,grind,,-12.00,+8.00,-6.00,12.00,sphere,0.75,3.50,Add 0.75 to 3.50,195.89,130.59,L25,DuraVision Plus Platinum UV,13,ZEISS book p15; Polarised Grey/ Brown/ Pioneer; range confirmed by ZEISS product guide; book $208.95 L20
ZEISS,ZEISS,ClearMind Progressive Superb 1.67,,Progressive,1.67,Polarised,Freeform,grind,,-12.00,+8.00,-6.00,12.00,sphere,0.75,3.50,Add 0.75 to 3.50,193.50,129.00,L25,DuraVision Plus Chrome UV,13,ZEISS book p15; Polarised Grey/ Brown/ Pioneer; range confirmed by ZEISS product guide; book $206.40 L20
ZEISS,ZEISS,ClearMind Progressive Superb 1.67,,Progressive,1.67,Polarised,Freeform,grind,,-12.00,+8.00,-6.00,12.00,sphere,0.75,3.50,Add 0.75 to 3.50,194.91,129.94,L25,DuraVision Plus Sun UV,13,ZEISS book p15; Polarised Grey/ Brown/ Pioneer; range confirmed by ZEISS product guide; book $207.90 L20
ZEISS,ZEISS,ClearMind Progressive Superb 1.67,,Progressive,1.67,AdaptiveSun PhotoFusion,Freeform,grind,,-12.00,+8.00,-6.00,12.00,sphere,0.75,3.50,Add 0.75 to 3.50,222.05,148.03,L25,DuraVision Plus Gold UV,13,ZEISS book p15; AdaptiveSun PhotoFusion Grey/ Brown/ Pioneer; range confirmed by ZEISS product guide; book $236.85 L20
ZEISS,ZEISS,ClearMind Progressive Superb 1.67,,Progressive,1.67,AdaptiveSun PhotoFusion,Freeform,grind,,-12.00,+8.00,-6.00,12.00,sphere,0.75,3.50,Add 0.75 to 3.50,221.48,147.66,L25,DuraVision Plus Platinum UV,13,ZEISS book p15; AdaptiveSun PhotoFusion Grey/ Brown/ Pioneer; range confirmed by ZEISS product guide; book $236.25 L20
ZEISS,ZEISS,ClearMind Progressive Superb 1.67,,Progressive,1.67,AdaptiveSun PhotoFusion,Freeform,grind,,-12.00,+8.00,-6.00,12.00,sphere,0.75,3.50,Add 0.75 to 3.50,219.09,146.06,L25,DuraVision Plus Chrome UV,13,ZEISS book p15; AdaptiveSun PhotoFusion Grey/ Brown/ Pioneer; range confirmed by ZEISS product guide; book $233.70 L20
ZEISS,ZEISS,ClearMind Progressive Superb 1.74,,Progressive,1.74,Clear,Freeform,grind,,-20.00,+16.00,-6.00,20.00,sphere,0.75,3.50,Add 0.75 to 3.50,186.80,124.53,L25,DuraVision Plus Gold UV,13,ZEISS book p15; Clear; range confirmed by ZEISS product guide; book $199.25 L20
ZEISS,ZEISS,ClearMind Progressive Superb 1.74,,Progressive,1.74,Clear,Freeform,grind,,-20.00,+16.00,-6.00,20.00,sphere,0.75,3.50,Add 0.75 to 3.50,186.23,124.16,L25,DuraVision Plus Platinum UV,13,ZEISS book p15; Clear; range confirmed by ZEISS product guide; book $198.65 L20
ZEISS,ZEISS,ClearMind Progressive Superb 1.74,,Progressive,1.74,Clear,Freeform,grind,,-20.00,+16.00,-6.00,20.00,sphere,0.75,3.50,Add 0.75 to 3.50,183.84,122.56,L25,DuraVision Plus Chrome UV,13,ZEISS book p15; Clear; range confirmed by ZEISS product guide; book $196.10 L20
ZEISS,ZEISS,ClearMind Progressive Superb 1.74,,Progressive,1.74,Clear BluePro,Freeform,grind,,-20.00,+16.00,-6.00,20.00,sphere,0.75,3.50,Add 0.75 to 3.50,188.95,125.97,L25,DuraVision Plus Gold UV,13,ZEISS book p15; Clear BluePro; range confirmed by ZEISS product guide; book $201.55 L20
ZEISS,ZEISS,ClearMind Progressive Superb 1.74,,Progressive,1.74,Clear BluePro,Freeform,grind,,-20.00,+16.00,-6.00,20.00,sphere,0.75,3.50,Add 0.75 to 3.50,188.39,125.59,L25,DuraVision Plus Platinum UV,13,ZEISS book p15; Clear BluePro; range confirmed by ZEISS product guide; book $200.95 L20
ZEISS,ZEISS,ClearMind Progressive Superb 1.74,,Progressive,1.74,Clear BluePro,Freeform,grind,,-20.00,+16.00,-6.00,20.00,sphere,0.75,3.50,Add 0.75 to 3.50,186.00,124.00,L25,DuraVision Plus Chrome UV,13,ZEISS book p15; Clear BluePro; range confirmed by ZEISS product guide; book $198.40 L20
ZEISS,ZEISS,ClearMind Progressive Superb 1.74,,Progressive,1.74,PhotoFusionX,Freeform,grind,,-14.00,+9.00,-6.00,14.00,sphere,0.75,3.50,Add 0.75 to 3.50,216.84,144.56,L25,DuraVision Plus Gold UV,13,ZEISS book p15; PhotoFusionX Grey/Brown/Extra Grey/Black; book $231.30 L20
ZEISS,ZEISS,ClearMind Progressive Superb 1.74,,Progressive,1.74,PhotoFusionX,Freeform,grind,,-14.00,+9.00,-6.00,14.00,sphere,0.75,3.50,Add 0.75 to 3.50,216.28,144.19,L25,DuraVision Plus Platinum UV,13,ZEISS book p15; PhotoFusionX Grey/Brown/Extra Grey/Black; book $230.70 L20
ZEISS,ZEISS,ClearMind Progressive Superb 1.74,,Progressive,1.74,PhotoFusionX,Freeform,grind,,-14.00,+9.00,-6.00,14.00,sphere,0.75,3.50,Add 0.75 to 3.50,213.89,142.59,L25,DuraVision Plus Chrome UV,13,ZEISS book p15; PhotoFusionX Grey/Brown/Extra Grey/Black; book $228.15 L20
ZEISS,ZEISS,ClearMind Progressive Plus 1.50,,Progressive,1.50,Clear,Freeform,grind,,-7.00,+6.00,-6.00,7.00,sphere,0.75,3.50,Add 0.75 to 3.50,108.84,72.56,L25,DuraVision Plus Gold UV,13,ZEISS book p16; Clear; book $116.10 L20
ZEISS,ZEISS,ClearMind Progressive Plus 1.50,,Progressive,1.50,Clear,Freeform,grind,,-7.00,+6.00,-6.00,7.00,sphere,0.75,3.50,Add 0.75 to 3.50,108.28,72.19,L25,DuraVision Plus Platinum UV,13,ZEISS book p16; Clear; book $115.50 L20
ZEISS,ZEISS,ClearMind Progressive Plus 1.50,,Progressive,1.50,Clear,Freeform,grind,,-7.00,+6.00,-6.00,7.00,sphere,0.75,3.50,Add 0.75 to 3.50,105.89,70.59,L25,DuraVision Plus Chrome UV,13,ZEISS book p16; Clear; book $112.95 L20
ZEISS,ZEISS,ClearMind Progressive Plus 1.50,,Progressive,1.50,Clear,Freeform,grind,,-7.00,+6.00,-6.00,7.00,sphere,0.75,3.50,Add 0.75 to 3.50,80.34,53.56,L25,DSHC hard coat,13,ZEISS book p16; Clear; book $85.70 L20
ZEISS,ZEISS,ClearMind Progressive Plus 1.50,,Progressive,1.50,Clear BluePro,Freeform,grind,,-7.00,+6.00,-6.00,7.00,sphere,0.75,3.50,Add 0.75 to 3.50,111.09,74.06,L25,DuraVision Plus Gold UV,13,ZEISS book p16; Clear BluePro; book $118.50 L20
ZEISS,ZEISS,ClearMind Progressive Plus 1.50,,Progressive,1.50,Clear BluePro,Freeform,grind,,-7.00,+6.00,-6.00,7.00,sphere,0.75,3.50,Add 0.75 to 3.50,110.53,73.69,L25,DuraVision Plus Platinum UV,13,ZEISS book p16; Clear BluePro; book $117.90 L20
ZEISS,ZEISS,ClearMind Progressive Plus 1.50,,Progressive,1.50,Clear BluePro,Freeform,grind,,-7.00,+6.00,-6.00,7.00,sphere,0.75,3.50,Add 0.75 to 3.50,108.14,72.09,L25,DuraVision Plus Chrome UV,13,ZEISS book p16; Clear BluePro; book $115.35 L20
ZEISS,ZEISS,ClearMind Progressive Plus 1.50,,Progressive,1.50,PhotoFusionX,Freeform,grind,,-7.00,+5.00,-4.00,7.00,sphere,0.75,3.50,Add 0.75 to 3.50,139.73,93.16,L25,DuraVision Plus Gold UV,13,ZEISS book p16; PhotoFusionX Grey/Brown/Pioneer/Extra Grey/Blue/Burgundy/Black; book $149.05 L20
ZEISS,ZEISS,ClearMind Progressive Plus 1.50,,Progressive,1.50,PhotoFusionX,Freeform,grind,,-7.00,+5.00,-4.00,7.00,sphere,0.75,3.50,Add 0.75 to 3.50,139.17,92.78,L25,DuraVision Plus Platinum UV,13,ZEISS book p16; PhotoFusionX Grey/Brown/Pioneer/Extra Grey/Blue/Burgundy/Black; book $148.45 L20
ZEISS,ZEISS,ClearMind Progressive Plus 1.50,,Progressive,1.50,PhotoFusionX,Freeform,grind,,-7.00,+5.00,-4.00,7.00,sphere,0.75,3.50,Add 0.75 to 3.50,136.78,91.19,L25,DuraVision Plus Chrome UV,13,ZEISS book p16; PhotoFusionX Grey/Brown/Pioneer/Extra Grey/Blue/Burgundy/Black; book $145.90 L20
ZEISS,ZEISS,ClearMind Progressive Plus 1.50,,Progressive,1.50,PhotoFusionX,Freeform,grind,,-7.00,+5.00,-4.00,7.00,sphere,0.75,3.50,Add 0.75 to 3.50,111.23,74.16,L25,DSHC hard coat,13,ZEISS book p16; PhotoFusionX Grey/Brown/Pioneer/Extra Grey/Blue/Burgundy/Black; book $118.65 L20
ZEISS,ZEISS,ClearMind Progressive Plus 1.50,,Progressive,1.50,Polarised,Freeform,grind,,-8.00,+5.00,-4.00,8.00,sphere,0.75,3.50,Add 0.75 to 3.50,140.62,93.75,L25,DuraVision Plus Gold UV,13,ZEISS book p16; Polarised Grey/ Brown/ Pioneer; book $150.00 L20
ZEISS,ZEISS,ClearMind Progressive Plus 1.50,,Progressive,1.50,Polarised,Freeform,grind,,-8.00,+5.00,-4.00,8.00,sphere,0.75,3.50,Add 0.75 to 3.50,140.06,93.38,L25,DuraVision Plus Platinum UV,13,ZEISS book p16; Polarised Grey/ Brown/ Pioneer; book $149.40 L20
ZEISS,ZEISS,ClearMind Progressive Plus 1.50,,Progressive,1.50,Polarised,Freeform,grind,,-8.00,+5.00,-4.00,8.00,sphere,0.75,3.50,Add 0.75 to 3.50,137.67,91.78,L25,DuraVision Plus Chrome UV,13,ZEISS book p16; Polarised Grey/ Brown/ Pioneer; book $146.85 L20
ZEISS,ZEISS,ClearMind Progressive Plus 1.50,,Progressive,1.50,Polarised,Freeform,grind,,-8.00,+5.00,-4.00,8.00,sphere,0.75,3.50,Add 0.75 to 3.50,137.67,91.78,L25,DuraVision Plus Sun UV,13,ZEISS book p16; Polarised Grey/ Brown/ Pioneer; book $146.85 L20
ZEISS,ZEISS,ClearMind Progressive Plus 1.50,,Progressive,1.50,Polarised,Freeform,grind,,-8.00,+5.00,-4.00,8.00,sphere,0.75,3.50,Add 0.75 to 3.50,112.12,74.75,L25,DSHC hard coat,13,ZEISS book p16; Polarised Grey/ Brown/ Pioneer; book $119.60 L20
ZEISS,ZEISS,ClearMind Progressive Plus 1.50,,Progressive,1.50,AdaptiveSun PhotoFusion,Freeform,grind,,-7.00,+5.00,-4.00,7.00,sphere,0.75,3.50,Add 0.75 to 3.50,166.17,110.78,L25,DuraVision Plus Gold UV,13,ZEISS book p16; AdaptiveSun PhotoFusion Grey/ Brown/ Pioneer/Blue; book $177.25 L20
ZEISS,ZEISS,ClearMind Progressive Plus 1.50,,Progressive,1.50,AdaptiveSun PhotoFusion,Freeform,grind,,-7.00,+5.00,-4.00,7.00,sphere,0.75,3.50,Add 0.75 to 3.50,165.61,110.41,L25,DuraVision Plus Platinum UV,13,ZEISS book p16; AdaptiveSun PhotoFusion Grey/ Brown/ Pioneer/Blue; book $176.65 L20
ZEISS,ZEISS,ClearMind Progressive Plus 1.50,,Progressive,1.50,AdaptiveSun PhotoFusion,Freeform,grind,,-7.00,+5.00,-4.00,7.00,sphere,0.75,3.50,Add 0.75 to 3.50,163.22,108.81,L25,DuraVision Plus Chrome UV,13,ZEISS book p16; AdaptiveSun PhotoFusion Grey/ Brown/ Pioneer/Blue; book $174.10 L20
ZEISS,ZEISS,ClearMind Progressive Plus 1.50,,Progressive,1.50,AdaptiveSun PhotoFusion,Freeform,grind,,-7.00,+5.00,-4.00,7.00,sphere,0.75,3.50,Add 0.75 to 3.50,137.67,91.78,L25,DSHC hard coat,13,ZEISS book p16; AdaptiveSun PhotoFusion Grey/ Brown/ Pioneer/Blue; book $146.85 L20
ZEISS,ZEISS,ClearMind Progressive Plus 1.50,,Progressive,1.50,AdaptiveSun Polarised,Freeform,grind,,-8.00,+5.00,-4.00,8.00,sphere,0.75,3.50,Add 0.75 to 3.50,168.80,112.53,L25,DuraVision Plus Gold UV,13,ZEISS book p16; AdaptiveSun Polarised Grey/ Brown/ Pioneer; book $180.05 L20
ZEISS,ZEISS,ClearMind Progressive Plus 1.50,,Progressive,1.50,AdaptiveSun Polarised,Freeform,grind,,-8.00,+5.00,-4.00,8.00,sphere,0.75,3.50,Add 0.75 to 3.50,168.23,112.16,L25,DuraVision Plus Platinum UV,13,ZEISS book p16; AdaptiveSun Polarised Grey/ Brown/ Pioneer; book $179.45 L20
ZEISS,ZEISS,ClearMind Progressive Plus 1.50,,Progressive,1.50,AdaptiveSun Polarised,Freeform,grind,,-8.00,+5.00,-4.00,8.00,sphere,0.75,3.50,Add 0.75 to 3.50,165.84,110.56,L25,DuraVision Plus Chrome UV,13,ZEISS book p16; AdaptiveSun Polarised Grey/ Brown/ Pioneer; book $176.90 L20
ZEISS,ZEISS,ClearMind Progressive Plus 1.50,,Progressive,1.50,AdaptiveSun Polarised,Freeform,grind,,-8.00,+5.00,-4.00,8.00,sphere,0.75,3.50,Add 0.75 to 3.50,165.84,110.56,L25,DuraVision Plus Sun UV,13,ZEISS book p16; AdaptiveSun Polarised Grey/ Brown/ Pioneer; book $176.90 L20
ZEISS,ZEISS,ClearMind Progressive Plus 1.50,,Progressive,1.50,AdaptiveSun Polarised,Freeform,grind,,-8.00,+5.00,-4.00,8.00,sphere,0.75,3.50,Add 0.75 to 3.50,140.30,93.53,L25,DSHC hard coat,13,ZEISS book p16; AdaptiveSun Polarised Grey/ Brown/ Pioneer; book $149.65 L20
ZEISS,ZEISS,ClearMind Progressive Plus 1.53,,Progressive,1.53,Clear,Freeform,grind,,-7.00,+5.00,-4.00,7.00,sphere,0.75,3.50,Add 0.75 to 3.50,130.03,86.69,L25,DuraVision Plus Gold UV,13,ZEISS book p16; Clear; book $138.70 L20
ZEISS,ZEISS,ClearMind Progressive Plus 1.53,,Progressive,1.53,Clear,Freeform,grind,,-7.00,+5.00,-4.00,7.00,sphere,0.75,3.50,Add 0.75 to 3.50,129.47,86.31,L25,DuraVision Plus Platinum UV,13,ZEISS book p16; Clear; book $138.10 L20
ZEISS,ZEISS,ClearMind Progressive Plus 1.53,,Progressive,1.53,Clear,Freeform,grind,,-7.00,+5.00,-4.00,7.00,sphere,0.75,3.50,Add 0.75 to 3.50,127.08,84.72,L25,DuraVision Plus Chrome UV,13,ZEISS book p16; Clear; book $135.55 L20
ZEISS,ZEISS,ClearMind Progressive Plus 1.53,,Progressive,1.53,Clear,Freeform,grind,,-7.00,+5.00,-4.00,7.00,sphere,0.75,3.50,Add 0.75 to 3.50,101.53,67.69,L25,DSHC hard coat,13,ZEISS book p16; Clear; book $108.30 L20
ZEISS,ZEISS,ClearMind Progressive Plus 1.53,,Progressive,1.53,Polarised,Freeform,grind,,-7.00,+5.00,-4.00,7.00,sphere,0.75,3.50,Add 0.75 to 3.50,161.72,107.81,L25,DuraVision Plus Gold UV,13,ZEISS book p16; Polarised Grey/ Brown; book $172.50 L20
ZEISS,ZEISS,ClearMind Progressive Plus 1.53,,Progressive,1.53,Polarised,Freeform,grind,,-7.00,+5.00,-4.00,7.00,sphere,0.75,3.50,Add 0.75 to 3.50,161.16,107.44,L25,DuraVision Plus Platinum UV,13,ZEISS book p16; Polarised Grey/ Brown; book $171.90 L20
ZEISS,ZEISS,ClearMind Progressive Plus 1.53,,Progressive,1.53,Polarised,Freeform,grind,,-7.00,+5.00,-4.00,7.00,sphere,0.75,3.50,Add 0.75 to 3.50,158.77,105.84,L25,DuraVision Plus Chrome UV,13,ZEISS book p16; Polarised Grey/ Brown; book $169.35 L20
ZEISS,ZEISS,ClearMind Progressive Plus 1.53,,Progressive,1.53,Polarised,Freeform,grind,,-7.00,+5.00,-4.00,7.00,sphere,0.75,3.50,Add 0.75 to 3.50,158.77,105.84,L25,DuraVision Plus Sun UV,13,ZEISS book p16; Polarised Grey/ Brown; book $169.35 L20
ZEISS,ZEISS,ClearMind Progressive Plus 1.53,,Progressive,1.53,Polarised,Freeform,grind,,-7.00,+5.00,-4.00,7.00,sphere,0.75,3.50,Add 0.75 to 3.50,133.22,88.81,L25,DSHC hard coat,13,ZEISS book p16; Polarised Grey/ Brown; book $142.10 L20
ZEISS,ZEISS,ClearMind Progressive Plus 1.59,,Progressive,1.59,Clear,Freeform,grind,,-10.00,+6.00,-6.00,10.00,sphere,0.75,4.00,Add 0.75 to 4.00,137.06,91.38,L25,DuraVision Plus Gold UV,13,ZEISS book p16; Clear; book $146.20 L20
ZEISS,ZEISS,ClearMind Progressive Plus 1.59,,Progressive,1.59,Clear,Freeform,grind,,-10.00,+6.00,-6.00,10.00,sphere,0.75,4.00,Add 0.75 to 4.00,136.50,91.00,L25,DuraVision Plus Platinum UV,13,ZEISS book p16; Clear; book $145.60 L20
ZEISS,ZEISS,ClearMind Progressive Plus 1.59,,Progressive,1.59,Clear,Freeform,grind,,-10.00,+6.00,-6.00,10.00,sphere,0.75,4.00,Add 0.75 to 4.00,134.11,89.41,L25,DuraVision Plus Chrome UV,13,ZEISS book p16; Clear; book $143.05 L20
ZEISS,ZEISS,ClearMind Progressive Plus 1.59,,Progressive,1.59,Clear,Freeform,grind,,-10.00,+6.00,-6.00,10.00,sphere,0.75,4.00,Add 0.75 to 4.00,108.56,72.38,L25,DSHC hard coat,13,ZEISS book p16; Clear; book $115.80 L20
ZEISS,ZEISS,ClearMind Progressive Plus 1.59,,Progressive,1.59,PhotoFusionX,Freeform,grind,,-10.00,+6.00,-6.00,10.00,sphere,0.75,4.00,Add 0.75 to 4.00,167.91,111.94,L25,DuraVision Plus Gold UV,13,ZEISS book p16; PhotoFusionX Grey/Brown/Pioneer/Extra Grey/Blue/Burgundy/Black; book $179.10 L20
ZEISS,ZEISS,ClearMind Progressive Plus 1.59,,Progressive,1.59,PhotoFusionX,Freeform,grind,,-10.00,+6.00,-6.00,10.00,sphere,0.75,4.00,Add 0.75 to 4.00,167.34,111.56,L25,DuraVision Plus Platinum UV,13,ZEISS book p16; PhotoFusionX Grey/Brown/Pioneer/Extra Grey/Blue/Burgundy/Black; book $178.50 L20
ZEISS,ZEISS,ClearMind Progressive Plus 1.59,,Progressive,1.59,PhotoFusionX,Freeform,grind,,-10.00,+6.00,-6.00,10.00,sphere,0.75,4.00,Add 0.75 to 4.00,164.95,109.97,L25,DuraVision Plus Chrome UV,13,ZEISS book p16; PhotoFusionX Grey/Brown/Pioneer/Extra Grey/Blue/Burgundy/Black; book $175.95 L20
ZEISS,ZEISS,ClearMind Progressive Plus 1.59,,Progressive,1.59,PhotoFusionX,Freeform,grind,,-10.00,+6.00,-6.00,10.00,sphere,0.75,4.00,Add 0.75 to 4.00,139.41,92.94,L25,DSHC hard coat,13,ZEISS book p16; PhotoFusionX Grey/Brown/Pioneer/Extra Grey/Blue/Burgundy/Black; book $148.70 L20
ZEISS,ZEISS,ClearMind Progressive Plus 1.59,,Progressive,1.59,Polarised,Freeform,grind,,-10.00,+6.00,-4.00,10.00,sphere,0.75,3.50,Add 0.75 to 3.50,168.84,112.56,L25,DuraVision Plus Gold UV,13,ZEISS book p16; Polarised Grey/ Brown; book $180.10 L20
ZEISS,ZEISS,ClearMind Progressive Plus 1.59,,Progressive,1.59,Polarised,Freeform,grind,,-10.00,+6.00,-4.00,10.00,sphere,0.75,3.50,Add 0.75 to 3.50,168.28,112.19,L25,DuraVision Plus Platinum UV,13,ZEISS book p16; Polarised Grey/ Brown; book $179.50 L20
ZEISS,ZEISS,ClearMind Progressive Plus 1.59,,Progressive,1.59,Polarised,Freeform,grind,,-10.00,+6.00,-4.00,10.00,sphere,0.75,3.50,Add 0.75 to 3.50,165.89,110.59,L25,DuraVision Plus Chrome UV,13,ZEISS book p16; Polarised Grey/ Brown; book $176.95 L20
ZEISS,ZEISS,ClearMind Progressive Plus 1.59,,Progressive,1.59,Polarised,Freeform,grind,,-10.00,+6.00,-4.00,10.00,sphere,0.75,3.50,Add 0.75 to 3.50,165.89,110.59,L25,DuraVision Plus Sun UV,13,ZEISS book p16; Polarised Grey/ Brown; book $176.95 L20
ZEISS,ZEISS,ClearMind Progressive Plus 1.59,,Progressive,1.59,Polarised,Freeform,grind,,-10.00,+6.00,-4.00,10.00,sphere,0.75,3.50,Add 0.75 to 3.50,140.34,93.56,L25,DSHC hard coat,13,ZEISS book p16; Polarised Grey/ Brown; book $149.70 L20
ZEISS,ZEISS,ClearMind Progressive Plus 1.60,,Progressive,1.60,Clear,Freeform,grind,,-10.00,+10.00,-6.00,10.00,sphere,0.75,4.00,Add 0.75 to 4.00,137.06,91.38,L25,DuraVision Plus Gold UV,13,ZEISS book p16; Clear; book $146.20 L20
ZEISS,ZEISS,ClearMind Progressive Plus 1.60,,Progressive,1.60,Clear,Freeform,grind,,-10.00,+10.00,-6.00,10.00,sphere,0.75,4.00,Add 0.75 to 4.00,136.50,91.00,L25,DuraVision Plus Platinum UV,13,ZEISS book p16; Clear; book $145.60 L20
ZEISS,ZEISS,ClearMind Progressive Plus 1.60,,Progressive,1.60,Clear,Freeform,grind,,-10.00,+10.00,-6.00,10.00,sphere,0.75,4.00,Add 0.75 to 4.00,134.11,89.41,L25,DuraVision Plus Chrome UV,13,ZEISS book p16; Clear; book $143.05 L20
ZEISS,ZEISS,ClearMind Progressive Plus 1.60,,Progressive,1.60,Clear,Freeform,grind,,-10.00,+10.00,-6.00,10.00,sphere,0.75,4.00,Add 0.75 to 4.00,108.56,72.38,L25,DSHC hard coat,13,ZEISS book p16; Clear; book $115.80 L20
ZEISS,ZEISS,ClearMind Progressive Plus 1.60,,Progressive,1.60,Clear BluePro,Freeform,grind,,-10.00,+10.00,-6.00,10.00,sphere,0.75,4.00,Add 0.75 to 4.00,139.31,92.88,L25,DuraVision Plus Gold UV,13,ZEISS book p16; Clear BluePro; book $148.60 L20
ZEISS,ZEISS,ClearMind Progressive Plus 1.60,,Progressive,1.60,Clear BluePro,Freeform,grind,,-10.00,+10.00,-6.00,10.00,sphere,0.75,4.00,Add 0.75 to 4.00,138.75,92.50,L25,DuraVision Plus Platinum UV,13,ZEISS book p16; Clear BluePro; book $148.00 L20
ZEISS,ZEISS,ClearMind Progressive Plus 1.60,,Progressive,1.60,Clear BluePro,Freeform,grind,,-10.00,+10.00,-6.00,10.00,sphere,0.75,4.00,Add 0.75 to 4.00,136.36,90.91,L25,DuraVision Plus Chrome UV,13,ZEISS book p16; Clear BluePro; book $145.45 L20
ZEISS,ZEISS,ClearMind Progressive Plus 1.60,,Progressive,1.60,PhotoFusionX,Freeform,grind,,-10.00,+6.00,-6.00,10.00,sphere,0.75,4.00,Add 0.75 to 4.00,167.91,111.94,L25,DuraVision Plus Gold UV,13,ZEISS book p16; PhotoFusionX Grey/Brown/Pioneer/Extra Grey/Blue/Burgundy/Black; book $179.10 L20
ZEISS,ZEISS,ClearMind Progressive Plus 1.60,,Progressive,1.60,PhotoFusionX,Freeform,grind,,-10.00,+6.00,-6.00,10.00,sphere,0.75,4.00,Add 0.75 to 4.00,167.34,111.56,L25,DuraVision Plus Platinum UV,13,ZEISS book p16; PhotoFusionX Grey/Brown/Pioneer/Extra Grey/Blue/Burgundy/Black; book $178.50 L20
ZEISS,ZEISS,ClearMind Progressive Plus 1.60,,Progressive,1.60,PhotoFusionX,Freeform,grind,,-10.00,+6.00,-6.00,10.00,sphere,0.75,4.00,Add 0.75 to 4.00,164.95,109.97,L25,DuraVision Plus Chrome UV,13,ZEISS book p16; PhotoFusionX Grey/Brown/Pioneer/Extra Grey/Blue/Burgundy/Black; book $175.95 L20
ZEISS,ZEISS,ClearMind Progressive Plus 1.60,,Progressive,1.60,PhotoFusionX,Freeform,grind,,-10.00,+6.00,-6.00,10.00,sphere,0.75,4.00,Add 0.75 to 4.00,139.41,92.94,L25,DSHC hard coat,13,ZEISS book p16; PhotoFusionX Grey/Brown/Pioneer/Extra Grey/Blue/Burgundy/Black; book $148.70 L20
ZEISS,ZEISS,ClearMind Progressive Plus 1.60,,Progressive,1.60,Polarised,Freeform,grind,,-11.00,+6.00,-6.00,11.00,sphere,0.75,3.50,Add 0.75 to 3.50,168.84,112.56,L25,DuraVision Plus Gold UV,13,ZEISS book p16; Polarised Grey/ Brown/ Pioneer; book $180.10 L20
ZEISS,ZEISS,ClearMind Progressive Plus 1.60,,Progressive,1.60,Polarised,Freeform,grind,,-11.00,+6.00,-6.00,11.00,sphere,0.75,3.50,Add 0.75 to 3.50,168.28,112.19,L25,DuraVision Plus Platinum UV,13,ZEISS book p16; Polarised Grey/ Brown/ Pioneer; book $179.50 L20
ZEISS,ZEISS,ClearMind Progressive Plus 1.60,,Progressive,1.60,Polarised,Freeform,grind,,-11.00,+6.00,-6.00,11.00,sphere,0.75,3.50,Add 0.75 to 3.50,165.89,110.59,L25,DuraVision Plus Chrome UV,13,ZEISS book p16; Polarised Grey/ Brown/ Pioneer; book $176.95 L20
ZEISS,ZEISS,ClearMind Progressive Plus 1.60,,Progressive,1.60,Polarised,Freeform,grind,,-11.00,+6.00,-6.00,11.00,sphere,0.75,3.50,Add 0.75 to 3.50,165.89,110.59,L25,DuraVision Plus Sun UV,13,ZEISS book p16; Polarised Grey/ Brown/ Pioneer; book $176.95 L20
ZEISS,ZEISS,ClearMind Progressive Plus 1.60,,Progressive,1.60,Polarised,Freeform,grind,,-11.00,+6.00,-6.00,11.00,sphere,0.75,3.50,Add 0.75 to 3.50,140.34,93.56,L25,DSHC hard coat,13,ZEISS book p16; Polarised Grey/ Brown/ Pioneer; book $149.70 L20
ZEISS,ZEISS,ClearMind Progressive Plus 1.60,,Progressive,1.60,AdaptiveSun PhotoFusion,Freeform,grind,,-10.00,+6.00,-6.00,10.00,sphere,0.75,4.00,Add 0.75 to 4.00,194.39,129.59,L25,DuraVision Plus Gold UV,13,ZEISS book p16; AdaptiveSun PhotoFusion Grey/ Brown/ Pioneer/Blue; book $207.35 L20
ZEISS,ZEISS,ClearMind Progressive Plus 1.60,,Progressive,1.60,AdaptiveSun PhotoFusion,Freeform,grind,,-10.00,+6.00,-6.00,10.00,sphere,0.75,4.00,Add 0.75 to 4.00,193.83,129.22,L25,DuraVision Plus Platinum UV,13,ZEISS book p16; AdaptiveSun PhotoFusion Grey/ Brown/ Pioneer/Blue; book $206.75 L20
ZEISS,ZEISS,ClearMind Progressive Plus 1.60,,Progressive,1.60,AdaptiveSun PhotoFusion,Freeform,grind,,-10.00,+6.00,-6.00,10.00,sphere,0.75,4.00,Add 0.75 to 4.00,191.44,127.62,L25,DuraVision Plus Chrome UV,13,ZEISS book p16; AdaptiveSun PhotoFusion Grey/ Brown/ Pioneer/Blue; book $204.20 L20
ZEISS,ZEISS,ClearMind Progressive Plus 1.60,,Progressive,1.60,AdaptiveSun PhotoFusion,Freeform,grind,,-10.00,+6.00,-6.00,10.00,sphere,0.75,4.00,Add 0.75 to 4.00,165.89,110.59,L25,DSHC hard coat,13,ZEISS book p16; AdaptiveSun PhotoFusion Grey/ Brown/ Pioneer/Blue; book $176.95 L20
ZEISS,ZEISS,ClearMind Progressive Plus 1.60,,Progressive,1.60,AdaptiveSun Polarised,Freeform,grind,,-11.00,+6.00,-6.00,11.00,sphere,0.75,3.50,Add 0.75 to 3.50,197.02,131.34,L25,DuraVision Plus Gold UV,13,ZEISS book p16; AdaptiveSun Polarised Grey/ Brown/ Pioneer; book $210.15 L20
ZEISS,ZEISS,ClearMind Progressive Plus 1.60,,Progressive,1.60,AdaptiveSun Polarised,Freeform,grind,,-11.00,+6.00,-6.00,11.00,sphere,0.75,3.50,Add 0.75 to 3.50,196.45,130.97,L25,DuraVision Plus Platinum UV,13,ZEISS book p16; AdaptiveSun Polarised Grey/ Brown/ Pioneer; book $209.55 L20
ZEISS,ZEISS,ClearMind Progressive Plus 1.60,,Progressive,1.60,AdaptiveSun Polarised,Freeform,grind,,-11.00,+6.00,-6.00,11.00,sphere,0.75,3.50,Add 0.75 to 3.50,194.06,129.38,L25,DuraVision Plus Chrome UV,13,ZEISS book p16; AdaptiveSun Polarised Grey/ Brown/ Pioneer; book $207.00 L20
ZEISS,ZEISS,ClearMind Progressive Plus 1.60,,Progressive,1.60,AdaptiveSun Polarised,Freeform,grind,,-11.00,+6.00,-6.00,11.00,sphere,0.75,3.50,Add 0.75 to 3.50,194.06,129.38,L25,DuraVision Plus Sun UV,13,ZEISS book p16; AdaptiveSun Polarised Grey/ Brown/ Pioneer; book $207.00 L20
ZEISS,ZEISS,ClearMind Progressive Plus 1.60,,Progressive,1.60,AdaptiveSun Polarised,Freeform,grind,,-11.00,+6.00,-6.00,11.00,sphere,0.75,3.50,Add 0.75 to 3.50,168.52,112.34,L25,DSHC hard coat,13,ZEISS book p16; AdaptiveSun Polarised Grey/ Brown/ Pioneer; book $179.75 L20
ZEISS,ZEISS,ClearMind Progressive Plus 1.67,,Progressive,1.67,Clear,Freeform,grind,,-17.00,+8.00,-6.00,17.00,sphere,0.75,3.50,Add 0.75 to 3.50,159.14,106.09,L25,DuraVision Plus Gold UV,13,ZEISS book p16; Clear; book $169.75 L20
ZEISS,ZEISS,ClearMind Progressive Plus 1.67,,Progressive,1.67,Clear,Freeform,grind,,-17.00,+8.00,-6.00,17.00,sphere,0.75,3.50,Add 0.75 to 3.50,158.58,105.72,L25,DuraVision Plus Platinum UV,13,ZEISS book p16; Clear; book $169.15 L20
ZEISS,ZEISS,ClearMind Progressive Plus 1.67,,Progressive,1.67,Clear,Freeform,grind,,-17.00,+8.00,-6.00,17.00,sphere,0.75,3.50,Add 0.75 to 3.50,156.19,104.12,L25,DuraVision Plus Chrome UV,13,ZEISS book p16; Clear; book $166.60 L20
ZEISS,ZEISS,ClearMind Progressive Plus 1.67,,Progressive,1.67,Clear BluePro,Freeform,grind,,-17.00,+8.00,-6.00,17.00,sphere,0.75,3.50,Add 0.75 to 3.50,161.34,107.56,L25,DuraVision Plus Gold UV,13,ZEISS book p16; Clear BluePro; book $172.10 L20
ZEISS,ZEISS,ClearMind Progressive Plus 1.67,,Progressive,1.67,Clear BluePro,Freeform,grind,,-17.00,+8.00,-6.00,17.00,sphere,0.75,3.50,Add 0.75 to 3.50,160.78,107.19,L25,DuraVision Plus Platinum UV,13,ZEISS book p16; Clear BluePro; book $171.50 L20
ZEISS,ZEISS,ClearMind Progressive Plus 1.67,,Progressive,1.67,Clear BluePro,Freeform,grind,,-17.00,+8.00,-6.00,17.00,sphere,0.75,3.50,Add 0.75 to 3.50,158.39,105.59,L25,DuraVision Plus Chrome UV,13,ZEISS book p16; Clear BluePro; book $168.95 L20
ZEISS,ZEISS,ClearMind Progressive Plus 1.67,,Progressive,1.67,PhotoFusionX,Freeform,grind,,-12.00,+8.00,-6.00,12.00,sphere,0.75,3.50,Add 0.75 to 3.50,190.03,126.69,L25,DuraVision Plus Gold UV,13,ZEISS book p16; PhotoFusionX Grey/Brown/Pioneer/Extra Grey/Blue/Burgundy/Black; book $202.70 L20
ZEISS,ZEISS,ClearMind Progressive Plus 1.67,,Progressive,1.67,PhotoFusionX,Freeform,grind,,-12.00,+8.00,-6.00,12.00,sphere,0.75,3.50,Add 0.75 to 3.50,189.47,126.31,L25,DuraVision Plus Platinum UV,13,ZEISS book p16; PhotoFusionX Grey/Brown/Pioneer/Extra Grey/Blue/Burgundy/Black; book $202.10 L20
ZEISS,ZEISS,ClearMind Progressive Plus 1.67,,Progressive,1.67,PhotoFusionX,Freeform,grind,,-12.00,+8.00,-6.00,12.00,sphere,0.75,3.50,Add 0.75 to 3.50,187.08,124.72,L25,DuraVision Plus Chrome UV,13,ZEISS book p16; PhotoFusionX Grey/Brown/Pioneer/Extra Grey/Blue/Burgundy/Black; book $199.55 L20
ZEISS,ZEISS,ClearMind Progressive Plus 1.67,,Progressive,1.67,Polarised,Freeform,grind,,-12.00,+8.00,-6.00,12.00,sphere,0.75,3.50,Add 0.75 to 3.50,190.88,127.25,L25,DuraVision Plus Gold UV,13,ZEISS book p16; Polarised Grey/ Brown/ Pioneer; book $203.60 L20
ZEISS,ZEISS,ClearMind Progressive Plus 1.67,,Progressive,1.67,Polarised,Freeform,grind,,-12.00,+8.00,-6.00,12.00,sphere,0.75,3.50,Add 0.75 to 3.50,190.31,126.88,L25,DuraVision Plus Platinum UV,13,ZEISS book p16; Polarised Grey/ Brown/ Pioneer; book $203.00 L20
ZEISS,ZEISS,ClearMind Progressive Plus 1.67,,Progressive,1.67,Polarised,Freeform,grind,,-12.00,+8.00,-6.00,12.00,sphere,0.75,3.50,Add 0.75 to 3.50,187.92,125.28,L25,DuraVision Plus Chrome UV,13,ZEISS book p16; Polarised Grey/ Brown/ Pioneer; book $200.45 L20
ZEISS,ZEISS,ClearMind Progressive Plus 1.67,,Progressive,1.67,Polarised,Freeform,grind,,-12.00,+8.00,-6.00,12.00,sphere,0.75,3.50,Add 0.75 to 3.50,187.92,125.28,L25,DuraVision Plus Sun UV,13,ZEISS book p16; Polarised Grey/ Brown/ Pioneer; book $200.45 L20
ZEISS,ZEISS,ClearMind Progressive Plus 1.67,,Progressive,1.67,AdaptiveSun PhotoFusion,Freeform,grind,,-12.00,+8.00,-6.00,12.00,sphere,0.75,3.50,Add 0.75 to 3.50,216.47,144.31,L25,DuraVision Plus Gold UV,13,ZEISS book p16; AdaptiveSun PhotoFusion Grey/ Brown/ Pioneer; book $230.90 L20
ZEISS,ZEISS,ClearMind Progressive Plus 1.67,,Progressive,1.67,AdaptiveSun PhotoFusion,Freeform,grind,,-12.00,+8.00,-6.00,12.00,sphere,0.75,3.50,Add 0.75 to 3.50,215.91,143.94,L25,DuraVision Plus Platinum UV,13,ZEISS book p16; AdaptiveSun PhotoFusion Grey/ Brown/ Pioneer; book $230.30 L20
ZEISS,ZEISS,ClearMind Progressive Plus 1.67,,Progressive,1.67,AdaptiveSun PhotoFusion,Freeform,grind,,-12.00,+8.00,-6.00,12.00,sphere,0.75,3.50,Add 0.75 to 3.50,213.52,142.34,L25,DuraVision Plus Chrome UV,13,ZEISS book p16; AdaptiveSun PhotoFusion Grey/ Brown/ Pioneer; book $227.75 L20
ZEISS,ZEISS,ClearMind Progressive Plus 1.74,,Progressive,1.74,Clear,Freeform,grind,,-20.00,+16.00,-6.00,20.00,sphere,0.75,3.50,Add 0.75 to 3.50,181.17,120.78,L25,DuraVision Plus Gold UV,13,ZEISS book p16; Clear; book $193.25 L20
ZEISS,ZEISS,ClearMind Progressive Plus 1.74,,Progressive,1.74,Clear,Freeform,grind,,-20.00,+16.00,-6.00,20.00,sphere,0.75,3.50,Add 0.75 to 3.50,180.61,120.41,L25,DuraVision Plus Platinum UV,13,ZEISS book p16; Clear; book $192.65 L20
ZEISS,ZEISS,ClearMind Progressive Plus 1.74,,Progressive,1.74,Clear,Freeform,grind,,-20.00,+16.00,-6.00,20.00,sphere,0.75,3.50,Add 0.75 to 3.50,178.22,118.81,L25,DuraVision Plus Chrome UV,13,ZEISS book p16; Clear; book $190.10 L20
ZEISS,ZEISS,ClearMind Progressive Plus 1.74,,Progressive,1.74,Clear BluePro,Freeform,grind,,-20.00,+16.00,-6.00,20.00,sphere,0.75,3.50,Add 0.75 to 3.50,183.33,122.22,L25,DuraVision Plus Gold UV,13,ZEISS book p16; Clear BluePro; book $195.55 L20
ZEISS,ZEISS,ClearMind Progressive Plus 1.74,,Progressive,1.74,Clear BluePro,Freeform,grind,,-20.00,+16.00,-6.00,20.00,sphere,0.75,3.50,Add 0.75 to 3.50,182.77,121.84,L25,DuraVision Plus Platinum UV,13,ZEISS book p16; Clear BluePro; book $194.95 L20
ZEISS,ZEISS,ClearMind Progressive Plus 1.74,,Progressive,1.74,Clear BluePro,Freeform,grind,,-20.00,+16.00,-6.00,20.00,sphere,0.75,3.50,Add 0.75 to 3.50,180.38,120.25,L25,DuraVision Plus Chrome UV,13,ZEISS book p16; Clear BluePro; book $192.40 L20
ZEISS,ZEISS,ClearMind Progressive Plus 1.74,,Progressive,1.74,PhotoFusionX,Freeform,grind,,-14.00,+9.00,-6.00,14.00,sphere,0.75,3.50,Add 0.75 to 3.50,211.22,140.81,L25,DuraVision Plus Gold UV,13,ZEISS book p16; PhotoFusionX Grey/Brown/Extra Grey/Black; book $225.30 L20
ZEISS,ZEISS,ClearMind Progressive Plus 1.74,,Progressive,1.74,PhotoFusionX,Freeform,grind,,-14.00,+9.00,-6.00,14.00,sphere,0.75,3.50,Add 0.75 to 3.50,210.66,140.44,L25,DuraVision Plus Platinum UV,13,ZEISS book p16; PhotoFusionX Grey/Brown/Extra Grey/Black; book $224.70 L20
ZEISS,ZEISS,ClearMind Progressive Plus 1.74,,Progressive,1.74,PhotoFusionX,Freeform,grind,,-14.00,+9.00,-6.00,14.00,sphere,0.75,3.50,Add 0.75 to 3.50,208.27,138.84,L25,DuraVision Plus Chrome UV,13,ZEISS book p16; PhotoFusionX Grey/Brown/Extra Grey/Black; book $222.15 L20
ZEISS,ZEISS,ClearMind Progressive Pure 1.50,,Progressive,1.50,Clear,Freeform,grind,,-7.00,+6.00,-6.00,7.00,sphere,0.75,3.50,Add 0.75 to 3.50,90.19,60.12,L25,DuraVision Plus Gold UV,14,"ZEISS book p17; Clear; RANGE DIFFERS — product guide prints -7.00 to +6.00, cyl -4.00, max combined -7.00 — confirm in VISUSTORE; book $96.20 L20"
ZEISS,ZEISS,ClearMind Progressive Pure 1.50,,Progressive,1.50,Clear,Freeform,grind,,-7.00,+6.00,-6.00,7.00,sphere,0.75,3.50,Add 0.75 to 3.50,89.62,59.75,L25,DuraVision Plus Platinum UV,14,"ZEISS book p17; Clear; RANGE DIFFERS — product guide prints -7.00 to +6.00, cyl -4.00, max combined -7.00 — confirm in VISUSTORE; book $95.60 L20"
ZEISS,ZEISS,ClearMind Progressive Pure 1.50,,Progressive,1.50,Clear,Freeform,grind,,-7.00,+6.00,-6.00,7.00,sphere,0.75,3.50,Add 0.75 to 3.50,87.23,58.16,L25,DuraVision Plus Chrome UV,14,"ZEISS book p17; Clear; RANGE DIFFERS — product guide prints -7.00 to +6.00, cyl -4.00, max combined -7.00 — confirm in VISUSTORE; book $93.05 L20"
ZEISS,ZEISS,ClearMind Progressive Pure 1.50,,Progressive,1.50,Clear,Freeform,grind,,-7.00,+6.00,-6.00,7.00,sphere,0.75,3.50,Add 0.75 to 3.50,61.69,41.12,L25,DSHC hard coat,14,"ZEISS book p17; Clear; RANGE DIFFERS — product guide prints -7.00 to +6.00, cyl -4.00, max combined -7.00 — confirm in VISUSTORE; book $65.80 L20"
ZEISS,ZEISS,ClearMind Progressive Pure 1.50,,Progressive,1.50,Clear BluePro,Freeform,grind,,-7.00,+6.00,-6.00,7.00,sphere,0.75,3.50,Add 0.75 to 3.50,92.34,61.56,L25,DuraVision Plus Gold UV,14,"ZEISS book p17; Clear BluePro; RANGE DIFFERS — product guide prints -7.00 to +6.00, cyl -4.00, max combined -7.00 — confirm in VISUSTORE; book $98.50 L20"
ZEISS,ZEISS,ClearMind Progressive Pure 1.50,,Progressive,1.50,Clear BluePro,Freeform,grind,,-7.00,+6.00,-6.00,7.00,sphere,0.75,3.50,Add 0.75 to 3.50,91.78,61.19,L25,DuraVision Plus Platinum UV,14,"ZEISS book p17; Clear BluePro; RANGE DIFFERS — product guide prints -7.00 to +6.00, cyl -4.00, max combined -7.00 — confirm in VISUSTORE; book $97.90 L20"
ZEISS,ZEISS,ClearMind Progressive Pure 1.50,,Progressive,1.50,Clear BluePro,Freeform,grind,,-7.00,+6.00,-6.00,7.00,sphere,0.75,3.50,Add 0.75 to 3.50,89.39,59.59,L25,DuraVision Plus Chrome UV,14,"ZEISS book p17; Clear BluePro; RANGE DIFFERS — product guide prints -7.00 to +6.00, cyl -4.00, max combined -7.00 — confirm in VISUSTORE; book $95.35 L20"
ZEISS,ZEISS,ClearMind Progressive Pure 1.50,,Progressive,1.50,PhotoFusionX,Freeform,grind,,-7.00,+5.00,-4.00,7.00,sphere,0.75,3.50,Add 0.75 to 3.50,121.03,80.69,L25,DuraVision Plus Gold UV,14,ZEISS book p17; PhotoFusionX Grey/Brown/Pioneer/Extra Grey/Blue/Burgundy/Black; book $129.10 L20
ZEISS,ZEISS,ClearMind Progressive Pure 1.50,,Progressive,1.50,PhotoFusionX,Freeform,grind,,-7.00,+5.00,-4.00,7.00,sphere,0.75,3.50,Add 0.75 to 3.50,120.47,80.31,L25,DuraVision Plus Platinum UV,14,ZEISS book p17; PhotoFusionX Grey/Brown/Pioneer/Extra Grey/Blue/Burgundy/Black; book $128.50 L20
ZEISS,ZEISS,ClearMind Progressive Pure 1.50,,Progressive,1.50,PhotoFusionX,Freeform,grind,,-7.00,+5.00,-4.00,7.00,sphere,0.75,3.50,Add 0.75 to 3.50,118.08,78.72,L25,DuraVision Plus Chrome UV,14,ZEISS book p17; PhotoFusionX Grey/Brown/Pioneer/Extra Grey/Blue/Burgundy/Black; book $125.95 L20
ZEISS,ZEISS,ClearMind Progressive Pure 1.50,,Progressive,1.50,PhotoFusionX,Freeform,grind,,-7.00,+5.00,-4.00,7.00,sphere,0.75,3.50,Add 0.75 to 3.50,92.53,61.69,L25,DSHC hard coat,14,ZEISS book p17; PhotoFusionX Grey/Brown/Pioneer/Extra Grey/Blue/Burgundy/Black; book $98.70 L20
ZEISS,ZEISS,ClearMind Progressive Pure 1.50,,Progressive,1.50,Polarised,Freeform,grind,,-8.00,+5.00,-4.00,8.00,sphere,0.75,3.50,Add 0.75 to 3.50,121.97,81.31,L25,DuraVision Plus Gold UV,14,ZEISS book p17; Polarised Grey/ Brown/ Pioneer; range confirmed by ZEISS product guide; book $130.10 L20
ZEISS,ZEISS,ClearMind Progressive Pure 1.50,,Progressive,1.50,Polarised,Freeform,grind,,-8.00,+5.00,-4.00,8.00,sphere,0.75,3.50,Add 0.75 to 3.50,121.41,80.94,L25,DuraVision Plus Platinum UV,14,ZEISS book p17; Polarised Grey/ Brown/ Pioneer; range confirmed by ZEISS product guide; book $129.50 L20
ZEISS,ZEISS,ClearMind Progressive Pure 1.50,,Progressive,1.50,Polarised,Freeform,grind,,-8.00,+5.00,-4.00,8.00,sphere,0.75,3.50,Add 0.75 to 3.50,119.02,79.34,L25,DuraVision Plus Chrome UV,14,ZEISS book p17; Polarised Grey/ Brown/ Pioneer; range confirmed by ZEISS product guide; book $126.95 L20
ZEISS,ZEISS,ClearMind Progressive Pure 1.50,,Progressive,1.50,Polarised,Freeform,grind,,-8.00,+5.00,-4.00,8.00,sphere,0.75,3.50,Add 0.75 to 3.50,119.02,79.34,L25,DuraVision Plus Sun UV,14,ZEISS book p17; Polarised Grey/ Brown/ Pioneer; range confirmed by ZEISS product guide; book $126.95 L20
ZEISS,ZEISS,ClearMind Progressive Pure 1.50,,Progressive,1.50,Polarised,Freeform,grind,,-8.00,+5.00,-4.00,8.00,sphere,0.75,3.50,Add 0.75 to 3.50,93.47,62.31,L25,DSHC hard coat,14,ZEISS book p17; Polarised Grey/ Brown/ Pioneer; range confirmed by ZEISS product guide; book $99.70 L20
ZEISS,ZEISS,ClearMind Progressive Pure 1.50,,Progressive,1.50,AdaptiveSun PhotoFusion,Freeform,grind,,-7.00,+5.00,-4.00,7.00,sphere,0.75,3.50,Add 0.75 to 3.50,147.47,98.31,L25,DuraVision Plus Gold UV,14,ZEISS book p17; AdaptiveSun PhotoFusion Grey/ Brown/ Pioneer/Blue; range confirmed by ZEISS product guide; book $157.30 L20
ZEISS,ZEISS,ClearMind Progressive Pure 1.50,,Progressive,1.50,AdaptiveSun PhotoFusion,Freeform,grind,,-7.00,+5.00,-4.00,7.00,sphere,0.75,3.50,Add 0.75 to 3.50,146.91,97.94,L25,DuraVision Plus Platinum UV,14,ZEISS book p17; AdaptiveSun PhotoFusion Grey/ Brown/ Pioneer/Blue; range confirmed by ZEISS product guide; book $156.70 L20
ZEISS,ZEISS,ClearMind Progressive Pure 1.50,,Progressive,1.50,AdaptiveSun PhotoFusion,Freeform,grind,,-7.00,+5.00,-4.00,7.00,sphere,0.75,3.50,Add 0.75 to 3.50,144.52,96.34,L25,DuraVision Plus Chrome UV,14,ZEISS book p17; AdaptiveSun PhotoFusion Grey/ Brown/ Pioneer/Blue; range confirmed by ZEISS product guide; book $154.15 L20
ZEISS,ZEISS,ClearMind Progressive Pure 1.50,,Progressive,1.50,AdaptiveSun PhotoFusion,Freeform,grind,,-7.00,+5.00,-4.00,7.00,sphere,0.75,3.50,Add 0.75 to 3.50,118.97,79.31,L25,DSHC hard coat,14,ZEISS book p17; AdaptiveSun PhotoFusion Grey/ Brown/ Pioneer/Blue; range confirmed by ZEISS product guide; book $126.90 L20
ZEISS,ZEISS,ClearMind Progressive Pure 1.50,,Progressive,1.50,AdaptiveSun Polarised,Freeform,grind,,-8.00,+5.00,-4.00,8.00,sphere,0.75,3.50,Add 0.75 to 3.50,150.09,100.06,L25,DuraVision Plus Gold UV,14,ZEISS book p17; AdaptiveSun Polarised Grey/ Brown/ Pioneer; range confirmed by ZEISS product guide; book $160.10 L20
ZEISS,ZEISS,ClearMind Progressive Pure 1.50,,Progressive,1.50,AdaptiveSun Polarised,Freeform,grind,,-8.00,+5.00,-4.00,8.00,sphere,0.75,3.50,Add 0.75 to 3.50,149.53,99.69,L25,DuraVision Plus Platinum UV,14,ZEISS book p17; AdaptiveSun Polarised Grey/ Brown/ Pioneer; range confirmed by ZEISS product guide; book $159.50 L20
ZEISS,ZEISS,ClearMind Progressive Pure 1.50,,Progressive,1.50,AdaptiveSun Polarised,Freeform,grind,,-8.00,+5.00,-4.00,8.00,sphere,0.75,3.50,Add 0.75 to 3.50,147.14,98.09,L25,DuraVision Plus Chrome UV,14,ZEISS book p17; AdaptiveSun Polarised Grey/ Brown/ Pioneer; range confirmed by ZEISS product guide; book $156.95 L20
ZEISS,ZEISS,ClearMind Progressive Pure 1.50,,Progressive,1.50,AdaptiveSun Polarised,Freeform,grind,,-8.00,+5.00,-4.00,8.00,sphere,0.75,3.50,Add 0.75 to 3.50,147.14,98.09,L25,DuraVision Plus Sun UV,14,ZEISS book p17; AdaptiveSun Polarised Grey/ Brown/ Pioneer; range confirmed by ZEISS product guide; book $156.95 L20
ZEISS,ZEISS,ClearMind Progressive Pure 1.50,,Progressive,1.50,AdaptiveSun Polarised,Freeform,grind,,-8.00,+5.00,-4.00,8.00,sphere,0.75,3.50,Add 0.75 to 3.50,121.59,81.06,L25,DSHC hard coat,14,ZEISS book p17; AdaptiveSun Polarised Grey/ Brown/ Pioneer; range confirmed by ZEISS product guide; book $129.70 L20
ZEISS,ZEISS,ClearMind Progressive Pure 1.53,,Progressive,1.53,Clear,Freeform,grind,,-7.00,+5.00,-4.00,7.00,sphere,0.75,3.50,Add 0.75 to 3.50,111.33,74.22,L25,DuraVision Plus Gold UV,14,ZEISS book p17; Clear; range confirmed by ZEISS product guide; book $118.75 L20
ZEISS,ZEISS,ClearMind Progressive Pure 1.53,,Progressive,1.53,Clear,Freeform,grind,,-7.00,+5.00,-4.00,7.00,sphere,0.75,3.50,Add 0.75 to 3.50,110.77,73.84,L25,DuraVision Plus Platinum UV,14,ZEISS book p17; Clear; range confirmed by ZEISS product guide; book $118.15 L20
ZEISS,ZEISS,ClearMind Progressive Pure 1.53,,Progressive,1.53,Clear,Freeform,grind,,-7.00,+5.00,-4.00,7.00,sphere,0.75,3.50,Add 0.75 to 3.50,108.38,72.25,L25,DuraVision Plus Chrome UV,14,ZEISS book p17; Clear; range confirmed by ZEISS product guide; book $115.60 L20
ZEISS,ZEISS,ClearMind Progressive Pure 1.53,,Progressive,1.53,Clear,Freeform,grind,,-7.00,+5.00,-4.00,7.00,sphere,0.75,3.50,Add 0.75 to 3.50,82.83,55.22,L25,DSHC hard coat,14,ZEISS book p17; Clear; range confirmed by ZEISS product guide; book $88.35 L20
ZEISS,ZEISS,ClearMind Progressive Pure 1.53,,Progressive,1.53,Polarised,Freeform,grind,,-7.00,+5.00,-4.00,7.00,sphere,0.75,3.50,Add 0.75 to 3.50,143.06,95.38,L25,DuraVision Plus Gold UV,14,ZEISS book p17; Polarised Grey/ Brown; range confirmed by ZEISS product guide; book $152.60 L20
ZEISS,ZEISS,ClearMind Progressive Pure 1.53,,Progressive,1.53,Polarised,Freeform,grind,,-7.00,+5.00,-4.00,7.00,sphere,0.75,3.50,Add 0.75 to 3.50,142.50,95.00,L25,DuraVision Plus Platinum UV,14,ZEISS book p17; Polarised Grey/ Brown; range confirmed by ZEISS product guide; book $152.00 L20
ZEISS,ZEISS,ClearMind Progressive Pure 1.53,,Progressive,1.53,Polarised,Freeform,grind,,-7.00,+5.00,-4.00,7.00,sphere,0.75,3.50,Add 0.75 to 3.50,140.11,93.41,L25,DuraVision Plus Chrome UV,14,ZEISS book p17; Polarised Grey/ Brown; range confirmed by ZEISS product guide; book $149.45 L20
ZEISS,ZEISS,ClearMind Progressive Pure 1.53,,Progressive,1.53,Polarised,Freeform,grind,,-7.00,+5.00,-4.00,7.00,sphere,0.75,3.50,Add 0.75 to 3.50,140.11,93.41,L25,DuraVision Plus Sun UV,14,ZEISS book p17; Polarised Grey/ Brown; range confirmed by ZEISS product guide; book $149.45 L20
ZEISS,ZEISS,ClearMind Progressive Pure 1.53,,Progressive,1.53,Polarised,Freeform,grind,,-7.00,+5.00,-4.00,7.00,sphere,0.75,3.50,Add 0.75 to 3.50,114.56,76.38,L25,DSHC hard coat,14,ZEISS book p17; Polarised Grey/ Brown; range confirmed by ZEISS product guide; book $122.20 L20
ZEISS,ZEISS,ClearMind Progressive Pure 1.59,,Progressive,1.59,Clear,Freeform,grind,,-10.00,+6.00,-6.00,10.00,sphere,0.75,4.00,Add 0.75 to 4.00,118.41,78.94,L25,DuraVision Plus Gold UV,14,ZEISS book p17; Clear; range confirmed by ZEISS product guide; book $126.30 L20
ZEISS,ZEISS,ClearMind Progressive Pure 1.59,,Progressive,1.59,Clear,Freeform,grind,,-10.00,+6.00,-6.00,10.00,sphere,0.75,4.00,Add 0.75 to 4.00,117.84,78.56,L25,DuraVision Plus Platinum UV,14,ZEISS book p17; Clear; range confirmed by ZEISS product guide; book $125.70 L20
ZEISS,ZEISS,ClearMind Progressive Pure 1.59,,Progressive,1.59,Clear,Freeform,grind,,-10.00,+6.00,-6.00,10.00,sphere,0.75,4.00,Add 0.75 to 4.00,115.45,76.97,L25,DuraVision Plus Chrome UV,14,ZEISS book p17; Clear; range confirmed by ZEISS product guide; book $123.15 L20
ZEISS,ZEISS,ClearMind Progressive Pure 1.59,,Progressive,1.59,Clear,Freeform,grind,,-10.00,+6.00,-6.00,10.00,sphere,0.75,4.00,Add 0.75 to 4.00,89.91,59.94,L25,DSHC hard coat,14,ZEISS book p17; Clear; range confirmed by ZEISS product guide; book $95.90 L20
ZEISS,ZEISS,ClearMind Progressive Pure 1.59,,Progressive,1.59,PhotoFusionX,Freeform,grind,,-10.00,+6.00,-6.00,10.00,sphere,0.75,4.00,Add 0.75 to 4.00,149.30,99.53,L25,DuraVision Plus Gold UV,14,ZEISS book p17; PhotoFusionX Grey/Brown/Pioneer/Extra Grey/Blue/Burgundy/Black; book $159.25 L20
ZEISS,ZEISS,ClearMind Progressive Pure 1.59,,Progressive,1.59,PhotoFusionX,Freeform,grind,,-10.00,+6.00,-6.00,10.00,sphere,0.75,4.00,Add 0.75 to 4.00,148.73,99.16,L25,DuraVision Plus Platinum UV,14,ZEISS book p17; PhotoFusionX Grey/Brown/Pioneer/Extra Grey/Blue/Burgundy/Black; book $158.65 L20
ZEISS,ZEISS,ClearMind Progressive Pure 1.59,,Progressive,1.59,PhotoFusionX,Freeform,grind,,-10.00,+6.00,-6.00,10.00,sphere,0.75,4.00,Add 0.75 to 4.00,146.34,97.56,L25,DuraVision Plus Chrome UV,14,ZEISS book p17; PhotoFusionX Grey/Brown/Pioneer/Extra Grey/Blue/Burgundy/Black; book $156.10 L20
ZEISS,ZEISS,ClearMind Progressive Pure 1.59,,Progressive,1.59,PhotoFusionX,Freeform,grind,,-10.00,+6.00,-6.00,10.00,sphere,0.75,4.00,Add 0.75 to 4.00,120.80,80.53,L25,DSHC hard coat,14,ZEISS book p17; PhotoFusionX Grey/Brown/Pioneer/Extra Grey/Blue/Burgundy/Black; book $128.85 L20
ZEISS,ZEISS,ClearMind Progressive Pure 1.59,,Progressive,1.59,Polarised,Freeform,grind,,-10.00,+6.00,-4.00,10.00,sphere,0.75,3.50,Add 0.75 to 3.50,150.14,100.09,L25,DuraVision Plus Gold UV,14,ZEISS book p17; Polarised Grey/ Brown; range confirmed by ZEISS product guide; book $160.15 L20
ZEISS,ZEISS,ClearMind Progressive Pure 1.59,,Progressive,1.59,Polarised,Freeform,grind,,-10.00,+6.00,-4.00,10.00,sphere,0.75,3.50,Add 0.75 to 3.50,149.58,99.72,L25,DuraVision Plus Platinum UV,14,ZEISS book p17; Polarised Grey/ Brown; range confirmed by ZEISS product guide; book $159.55 L20
ZEISS,ZEISS,ClearMind Progressive Pure 1.59,,Progressive,1.59,Polarised,Freeform,grind,,-10.00,+6.00,-4.00,10.00,sphere,0.75,3.50,Add 0.75 to 3.50,147.19,98.12,L25,DuraVision Plus Chrome UV,14,ZEISS book p17; Polarised Grey/ Brown; range confirmed by ZEISS product guide; book $157.00 L20
ZEISS,ZEISS,ClearMind Progressive Pure 1.59,,Progressive,1.59,Polarised,Freeform,grind,,-10.00,+6.00,-4.00,10.00,sphere,0.75,3.50,Add 0.75 to 3.50,147.19,98.12,L25,DuraVision Plus Sun UV,14,ZEISS book p17; Polarised Grey/ Brown; range confirmed by ZEISS product guide; book $157.00 L20
ZEISS,ZEISS,ClearMind Progressive Pure 1.59,,Progressive,1.59,Polarised,Freeform,grind,,-10.00,+6.00,-4.00,10.00,sphere,0.75,3.50,Add 0.75 to 3.50,121.64,81.09,L25,DSHC hard coat,14,ZEISS book p17; Polarised Grey/ Brown; range confirmed by ZEISS product guide; book $129.75 L20
ZEISS,ZEISS,ClearMind Progressive Pure 1.60,,Progressive,1.60,Clear,Freeform,grind,,-10.00,+10.00,-6.00,10.00,sphere,0.75,4.00,Add 0.75 to 4.00,118.41,78.94,L25,DuraVision Plus Gold UV,14,"ZEISS book p17; Clear; RANGE DIFFERS — product guide prints -10.00 to +6.00, cyl -6.00, max combined -10.00 — confirm in VISUSTORE; book $126.30 L20"
ZEISS,ZEISS,ClearMind Progressive Pure 1.60,,Progressive,1.60,Clear,Freeform,grind,,-10.00,+10.00,-6.00,10.00,sphere,0.75,4.00,Add 0.75 to 4.00,117.84,78.56,L25,DuraVision Plus Platinum UV,14,"ZEISS book p17; Clear; RANGE DIFFERS — product guide prints -10.00 to +6.00, cyl -6.00, max combined -10.00 — confirm in VISUSTORE; book $125.70 L20"
ZEISS,ZEISS,ClearMind Progressive Pure 1.60,,Progressive,1.60,Clear,Freeform,grind,,-10.00,+10.00,-6.00,10.00,sphere,0.75,4.00,Add 0.75 to 4.00,115.45,76.97,L25,DuraVision Plus Chrome UV,14,"ZEISS book p17; Clear; RANGE DIFFERS — product guide prints -10.00 to +6.00, cyl -6.00, max combined -10.00 — confirm in VISUSTORE; book $123.15 L20"
ZEISS,ZEISS,ClearMind Progressive Pure 1.60,,Progressive,1.60,Clear,Freeform,grind,,-10.00,+10.00,-6.00,10.00,sphere,0.75,4.00,Add 0.75 to 4.00,89.91,59.94,L25,DSHC hard coat,14,"ZEISS book p17; Clear; RANGE DIFFERS — product guide prints -10.00 to +6.00, cyl -6.00, max combined -10.00 — confirm in VISUSTORE; book $95.90 L20"
ZEISS,ZEISS,ClearMind Progressive Pure 1.60,,Progressive,1.60,Clear BluePro,Freeform,grind,,-10.00,+10.00,-6.00,10.00,sphere,0.75,4.00,Add 0.75 to 4.00,120.61,80.41,L25,DuraVision Plus Gold UV,14,"ZEISS book p17; Clear BluePro; RANGE DIFFERS — product guide prints -10.00 to +6.00, cyl -6.00, max combined -10.00 — confirm in VISUSTORE; book $128.65 L20"
ZEISS,ZEISS,ClearMind Progressive Pure 1.60,,Progressive,1.60,Clear BluePro,Freeform,grind,,-10.00,+10.00,-6.00,10.00,sphere,0.75,4.00,Add 0.75 to 4.00,120.05,80.03,L25,DuraVision Plus Platinum UV,14,"ZEISS book p17; Clear BluePro; RANGE DIFFERS — product guide prints -10.00 to +6.00, cyl -6.00, max combined -10.00 — confirm in VISUSTORE; book $128.05 L20"
ZEISS,ZEISS,ClearMind Progressive Pure 1.60,,Progressive,1.60,Clear BluePro,Freeform,grind,,-10.00,+10.00,-6.00,10.00,sphere,0.75,4.00,Add 0.75 to 4.00,117.66,78.44,L25,DuraVision Plus Chrome UV,14,"ZEISS book p17; Clear BluePro; RANGE DIFFERS — product guide prints -10.00 to +6.00, cyl -6.00, max combined -10.00 — confirm in VISUSTORE; book $125.50 L20"
ZEISS,ZEISS,ClearMind Progressive Pure 1.60,,Progressive,1.60,PhotoFusionX,Freeform,grind,,-10.00,+6.00,-6.00,10.00,sphere,0.75,4.00,Add 0.75 to 4.00,149.25,99.50,L25,DuraVision Plus Gold UV,14,ZEISS book p17; PhotoFusionX Grey/Brown/Pioneer/Extra Grey/Blue/Burgundy/Black; book $159.20 L20
ZEISS,ZEISS,ClearMind Progressive Pure 1.60,,Progressive,1.60,PhotoFusionX,Freeform,grind,,-10.00,+6.00,-6.00,10.00,sphere,0.75,4.00,Add 0.75 to 4.00,148.69,99.12,L25,DuraVision Plus Platinum UV,14,ZEISS book p17; PhotoFusionX Grey/Brown/Pioneer/Extra Grey/Blue/Burgundy/Black; book $158.60 L20
ZEISS,ZEISS,ClearMind Progressive Pure 1.60,,Progressive,1.60,PhotoFusionX,Freeform,grind,,-10.00,+6.00,-6.00,10.00,sphere,0.75,4.00,Add 0.75 to 4.00,146.30,97.53,L25,DuraVision Plus Chrome UV,14,ZEISS book p17; PhotoFusionX Grey/Brown/Pioneer/Extra Grey/Blue/Burgundy/Black; book $156.05 L20
ZEISS,ZEISS,ClearMind Progressive Pure 1.60,,Progressive,1.60,PhotoFusionX,Freeform,grind,,-10.00,+6.00,-6.00,10.00,sphere,0.75,4.00,Add 0.75 to 4.00,120.75,80.50,L25,DSHC hard coat,14,ZEISS book p17; PhotoFusionX Grey/Brown/Pioneer/Extra Grey/Blue/Burgundy/Black; book $128.80 L20
ZEISS,ZEISS,ClearMind Progressive Pure 1.60,,Progressive,1.60,Polarised,Freeform,grind,,-11.00,+6.00,-6.00,11.00,sphere,0.75,3.50,Add 0.75 to 3.50,150.14,100.09,L25,DuraVision Plus Gold UV,14,ZEISS book p17; Polarised Grey/ Brown/ Pioneer; range confirmed by ZEISS product guide; book $160.15 L20
ZEISS,ZEISS,ClearMind Progressive Pure 1.60,,Progressive,1.60,Polarised,Freeform,grind,,-11.00,+6.00,-6.00,11.00,sphere,0.75,3.50,Add 0.75 to 3.50,149.58,99.72,L25,DuraVision Plus Platinum UV,14,ZEISS book p17; Polarised Grey/ Brown/ Pioneer; range confirmed by ZEISS product guide; book $159.55 L20
ZEISS,ZEISS,ClearMind Progressive Pure 1.60,,Progressive,1.60,Polarised,Freeform,grind,,-11.00,+6.00,-6.00,11.00,sphere,0.75,3.50,Add 0.75 to 3.50,147.19,98.12,L25,DuraVision Plus Chrome UV,14,ZEISS book p17; Polarised Grey/ Brown/ Pioneer; range confirmed by ZEISS product guide; book $157.00 L20
ZEISS,ZEISS,ClearMind Progressive Pure 1.60,,Progressive,1.60,Polarised,Freeform,grind,,-11.00,+6.00,-6.00,11.00,sphere,0.75,3.50,Add 0.75 to 3.50,147.19,98.12,L25,DuraVision Plus Sun UV,14,ZEISS book p17; Polarised Grey/ Brown/ Pioneer; range confirmed by ZEISS product guide; book $157.00 L20
ZEISS,ZEISS,ClearMind Progressive Pure 1.60,,Progressive,1.60,Polarised,Freeform,grind,,-11.00,+6.00,-6.00,11.00,sphere,0.75,3.50,Add 0.75 to 3.50,121.64,81.09,L25,DSHC hard coat,14,ZEISS book p17; Polarised Grey/ Brown/ Pioneer; range confirmed by ZEISS product guide; book $129.75 L20
ZEISS,ZEISS,ClearMind Progressive Pure 1.60,,Progressive,1.60,AdaptiveSun PhotoFusion,Freeform,grind,,-10.00,+6.00,-6.00,10.00,sphere,0.75,4.00,Add 0.75 to 4.00,175.73,117.16,L25,DuraVision Plus Gold UV,14,ZEISS book p17; AdaptiveSun PhotoFusion Grey/ Brown/ Pioneer/Blue; range confirmed by ZEISS product guide; book $187.45 L20
ZEISS,ZEISS,ClearMind Progressive Pure 1.60,,Progressive,1.60,AdaptiveSun PhotoFusion,Freeform,grind,,-10.00,+6.00,-6.00,10.00,sphere,0.75,4.00,Add 0.75 to 4.00,175.17,116.78,L25,DuraVision Plus Platinum UV,14,ZEISS book p17; AdaptiveSun PhotoFusion Grey/ Brown/ Pioneer/Blue; range confirmed by ZEISS product guide; book $186.85 L20
ZEISS,ZEISS,ClearMind Progressive Pure 1.60,,Progressive,1.60,AdaptiveSun PhotoFusion,Freeform,grind,,-10.00,+6.00,-6.00,10.00,sphere,0.75,4.00,Add 0.75 to 4.00,172.78,115.19,L25,DuraVision Plus Chrome UV,14,ZEISS book p17; AdaptiveSun PhotoFusion Grey/ Brown/ Pioneer/Blue; range confirmed by ZEISS product guide; book $184.30 L20
ZEISS,ZEISS,ClearMind Progressive Pure 1.60,,Progressive,1.60,AdaptiveSun PhotoFusion,Freeform,grind,,-10.00,+6.00,-6.00,10.00,sphere,0.75,4.00,Add 0.75 to 4.00,147.23,98.16,L25,DSHC hard coat,14,ZEISS book p17; AdaptiveSun PhotoFusion Grey/ Brown/ Pioneer/Blue; range confirmed by ZEISS product guide; book $157.05 L20
ZEISS,ZEISS,ClearMind Progressive Pure 1.60,,Progressive,1.60,AdaptiveSun Polarised,Freeform,grind,,-11.00,+6.00,-6.00,11.00,sphere,0.75,3.50,Add 0.75 to 3.50,178.31,118.88,L25,DuraVision Plus Gold UV,14,ZEISS book p17; AdaptiveSun Polarised Grey/ Brown/ Pioneer; range confirmed by ZEISS product guide; book $190.20 L20
ZEISS,ZEISS,ClearMind Progressive Pure 1.60,,Progressive,1.60,AdaptiveSun Polarised,Freeform,grind,,-11.00,+6.00,-6.00,11.00,sphere,0.75,3.50,Add 0.75 to 3.50,177.75,118.50,L25,DuraVision Plus Platinum UV,14,ZEISS book p17; AdaptiveSun Polarised Grey/ Brown/ Pioneer; range confirmed by ZEISS product guide; book $189.60 L20
ZEISS,ZEISS,ClearMind Progressive Pure 1.60,,Progressive,1.60,AdaptiveSun Polarised,Freeform,grind,,-11.00,+6.00,-6.00,11.00,sphere,0.75,3.50,Add 0.75 to 3.50,175.36,116.91,L25,DuraVision Plus Chrome UV,14,ZEISS book p17; AdaptiveSun Polarised Grey/ Brown/ Pioneer; range confirmed by ZEISS product guide; book $187.05 L20
ZEISS,ZEISS,ClearMind Progressive Pure 1.60,,Progressive,1.60,AdaptiveSun Polarised,Freeform,grind,,-11.00,+6.00,-6.00,11.00,sphere,0.75,3.50,Add 0.75 to 3.50,175.36,116.91,L25,DuraVision Plus Sun UV,14,ZEISS book p17; AdaptiveSun Polarised Grey/ Brown/ Pioneer; range confirmed by ZEISS product guide; book $187.05 L20
ZEISS,ZEISS,ClearMind Progressive Pure 1.60,,Progressive,1.60,AdaptiveSun Polarised,Freeform,grind,,-11.00,+6.00,-6.00,11.00,sphere,0.75,3.50,Add 0.75 to 3.50,149.81,99.88,L25,DSHC hard coat,14,ZEISS book p17; AdaptiveSun Polarised Grey/ Brown/ Pioneer; range confirmed by ZEISS product guide; book $159.80 L20
ZEISS,ZEISS,ClearMind Progressive Pure 1.67,,Progressive,1.67,Clear,Freeform,grind,,-17.00,+8.00,-6.00,17.00,sphere,0.75,3.50,Add 0.75 to 3.50,140.44,93.62,L25,DuraVision Plus Gold UV,14,"ZEISS book p17; Clear; RANGE DIFFERS — product guide prints -12.00 to +8.00, cyl -6.00, max combined -12.00 — confirm in VISUSTORE; book $149.80 L20"
ZEISS,ZEISS,ClearMind Progressive Pure 1.67,,Progressive,1.67,Clear,Freeform,grind,,-17.00,+8.00,-6.00,17.00,sphere,0.75,3.50,Add 0.75 to 3.50,139.88,93.25,L25,DuraVision Plus Platinum UV,14,"ZEISS book p17; Clear; RANGE DIFFERS — product guide prints -12.00 to +8.00, cyl -6.00, max combined -12.00 — confirm in VISUSTORE; book $149.20 L20"
ZEISS,ZEISS,ClearMind Progressive Pure 1.67,,Progressive,1.67,Clear,Freeform,grind,,-17.00,+8.00,-6.00,17.00,sphere,0.75,3.50,Add 0.75 to 3.50,137.48,91.66,L25,DuraVision Plus Chrome UV,14,"ZEISS book p17; Clear; RANGE DIFFERS — product guide prints -12.00 to +8.00, cyl -6.00, max combined -12.00 — confirm in VISUSTORE; book $146.65 L20"
ZEISS,ZEISS,ClearMind Progressive Pure 1.67,,Progressive,1.67,Clear BluePro,Freeform,grind,,-12.00,+8.00,-6.00,12.00,sphere,0.75,3.50,Add 0.75 to 3.50,142.64,95.09,L25,DuraVision Plus Gold UV,14,ZEISS book p17; Clear BluePro; range confirmed by ZEISS product guide; book $152.15 L20
ZEISS,ZEISS,ClearMind Progressive Pure 1.67,,Progressive,1.67,Clear BluePro,Freeform,grind,,-12.00,+8.00,-6.00,12.00,sphere,0.75,3.50,Add 0.75 to 3.50,142.08,94.72,L25,DuraVision Plus Platinum UV,14,ZEISS book p17; Clear BluePro; range confirmed by ZEISS product guide; book $151.55 L20
ZEISS,ZEISS,ClearMind Progressive Pure 1.67,,Progressive,1.67,Clear BluePro,Freeform,grind,,-12.00,+8.00,-6.00,12.00,sphere,0.75,3.50,Add 0.75 to 3.50,139.69,93.12,L25,DuraVision Plus Chrome UV,14,ZEISS book p17; Clear BluePro; range confirmed by ZEISS product guide; book $149.00 L20
ZEISS,ZEISS,ClearMind Progressive Pure 1.67,,Progressive,1.67,PhotoFusionX,Freeform,grind,,-12.00,+8.00,-6.00,12.00,sphere,0.75,3.50,Add 0.75 to 3.50,171.28,114.19,L25,DuraVision Plus Gold UV,14,ZEISS book p17; PhotoFusionX Grey/Brown/Pioneer/Extra Grey/Blue/Burgundy/Black; book $182.70 L20
ZEISS,ZEISS,ClearMind Progressive Pure 1.67,,Progressive,1.67,PhotoFusionX,Freeform,grind,,-12.00,+8.00,-6.00,12.00,sphere,0.75,3.50,Add 0.75 to 3.50,170.72,113.81,L25,DuraVision Plus Platinum UV,14,ZEISS book p17; PhotoFusionX Grey/Brown/Pioneer/Extra Grey/Blue/Burgundy/Black; book $182.10 L20
ZEISS,ZEISS,ClearMind Progressive Pure 1.67,,Progressive,1.67,PhotoFusionX,Freeform,grind,,-12.00,+8.00,-6.00,12.00,sphere,0.75,3.50,Add 0.75 to 3.50,168.33,112.22,L25,DuraVision Plus Chrome UV,14,ZEISS book p17; PhotoFusionX Grey/Brown/Pioneer/Extra Grey/Blue/Burgundy/Black; book $179.55 L20
ZEISS,ZEISS,ClearMind Progressive Pure 1.67,,Progressive,1.67,Polarised,Freeform,grind,,-12.00,+8.00,-6.00,12.00,sphere,0.75,3.50,Add 0.75 to 3.50,172.17,114.78,L25,DuraVision Plus Gold UV,14,ZEISS book p17; Polarised Grey/ Brown/ Pioneer; range confirmed by ZEISS product guide; book $183.65 L20
ZEISS,ZEISS,ClearMind Progressive Pure 1.67,,Progressive,1.67,Polarised,Freeform,grind,,-12.00,+8.00,-6.00,12.00,sphere,0.75,3.50,Add 0.75 to 3.50,171.61,114.41,L25,DuraVision Plus Platinum UV,14,ZEISS book p17; Polarised Grey/ Brown/ Pioneer; range confirmed by ZEISS product guide; book $183.05 L20
ZEISS,ZEISS,ClearMind Progressive Pure 1.67,,Progressive,1.67,Polarised,Freeform,grind,,-12.00,+8.00,-6.00,12.00,sphere,0.75,3.50,Add 0.75 to 3.50,169.22,112.81,L25,DuraVision Plus Chrome UV,14,ZEISS book p17; Polarised Grey/ Brown/ Pioneer; range confirmed by ZEISS product guide; book $180.50 L20
ZEISS,ZEISS,ClearMind Progressive Pure 1.67,,Progressive,1.67,Polarised,Freeform,grind,,-12.00,+8.00,-6.00,12.00,sphere,0.75,3.50,Add 0.75 to 3.50,169.22,112.81,L25,DuraVision Plus Sun UV,14,ZEISS book p17; Polarised Grey/ Brown/ Pioneer; range confirmed by ZEISS product guide; book $180.50 L20
ZEISS,ZEISS,ClearMind Progressive Pure 1.67,,Progressive,1.67,AdaptiveSun PhotoFusion,Freeform,grind,,-12.00,+8.00,-6.00,12.00,sphere,0.75,3.50,Add 0.75 to 3.50,197.72,131.81,L25,DuraVision Plus Gold UV,14,ZEISS book p17; AdaptiveSun PhotoFusion Grey/ Brown/ Pioneer; range confirmed by ZEISS product guide; book $210.90 L20
ZEISS,ZEISS,ClearMind Progressive Pure 1.67,,Progressive,1.67,AdaptiveSun PhotoFusion,Freeform,grind,,-12.00,+8.00,-6.00,12.00,sphere,0.75,3.50,Add 0.75 to 3.50,197.16,131.44,L25,DuraVision Plus Platinum UV,14,ZEISS book p17; AdaptiveSun PhotoFusion Grey/ Brown/ Pioneer; range confirmed by ZEISS product guide; book $210.30 L20
ZEISS,ZEISS,ClearMind Progressive Pure 1.67,,Progressive,1.67,AdaptiveSun PhotoFusion,Freeform,grind,,-12.00,+8.00,-6.00,12.00,sphere,0.75,3.50,Add 0.75 to 3.50,194.77,129.84,L25,DuraVision Plus Chrome UV,14,ZEISS book p17; AdaptiveSun PhotoFusion Grey/ Brown/ Pioneer; range confirmed by ZEISS product guide; book $207.75 L20
ZEISS,ZEISS,ClearMind Progressive Pure 1.74,,Progressive,1.74,Clear,Freeform,grind,,-20.00,+16.00,-6.00,20.00,sphere,0.75,3.50,Add 0.75 to 3.50,162.47,108.31,L25,DuraVision Plus Gold UV,14,ZEISS book p17; Clear; range confirmed by ZEISS product guide; book $173.30 L20
ZEISS,ZEISS,ClearMind Progressive Pure 1.74,,Progressive,1.74,Clear,Freeform,grind,,-20.00,+16.00,-6.00,20.00,sphere,0.75,3.50,Add 0.75 to 3.50,161.91,107.94,L25,DuraVision Plus Platinum UV,14,ZEISS book p17; Clear; range confirmed by ZEISS product guide; book $172.70 L20
ZEISS,ZEISS,ClearMind Progressive Pure 1.74,,Progressive,1.74,Clear,Freeform,grind,,-20.00,+16.00,-6.00,20.00,sphere,0.75,3.50,Add 0.75 to 3.50,159.52,106.34,L25,DuraVision Plus Chrome UV,14,ZEISS book p17; Clear; range confirmed by ZEISS product guide; book $170.15 L20
ZEISS,ZEISS,ClearMind Progressive Pure 1.74,,Progressive,1.74,Clear BluePro,Freeform,grind,,-20.00,+16.00,-6.00,20.00,sphere,0.75,3.50,Add 0.75 to 3.50,164.67,109.78,L25,DuraVision Plus Gold UV,14,ZEISS book p17; Clear BluePro; range confirmed by ZEISS product guide; book $175.65 L20
ZEISS,ZEISS,ClearMind Progressive Pure 1.74,,Progressive,1.74,Clear BluePro,Freeform,grind,,-20.00,+16.00,-6.00,20.00,sphere,0.75,3.50,Add 0.75 to 3.50,164.11,109.41,L25,DuraVision Plus Platinum UV,14,ZEISS book p17; Clear BluePro; range confirmed by ZEISS product guide; book $175.05 L20
ZEISS,ZEISS,ClearMind Progressive Pure 1.74,,Progressive,1.74,Clear BluePro,Freeform,grind,,-20.00,+16.00,-6.00,20.00,sphere,0.75,3.50,Add 0.75 to 3.50,161.72,107.81,L25,DuraVision Plus Chrome UV,14,ZEISS book p17; Clear BluePro; range confirmed by ZEISS product guide; book $172.50 L20
ZEISS,ZEISS,ClearMind Progressive Pure 1.74,,Progressive,1.74,PhotoFusionX,Freeform,grind,,-14.00,+9.00,-6.00,14.00,sphere,0.75,3.50,Add 0.75 to 3.50,192.56,128.38,L25,DuraVision Plus Gold UV,14,ZEISS book p17; PhotoFusionX Grey/Brown/Extra Grey/Black; book $205.40 L20
ZEISS,ZEISS,ClearMind Progressive Pure 1.74,,Progressive,1.74,PhotoFusionX,Freeform,grind,,-14.00,+9.00,-6.00,14.00,sphere,0.75,3.50,Add 0.75 to 3.50,192.00,128.00,L25,DuraVision Plus Platinum UV,14,ZEISS book p17; PhotoFusionX Grey/Brown/Extra Grey/Black; book $204.80 L20
ZEISS,ZEISS,ClearMind Progressive Pure 1.74,,Progressive,1.74,PhotoFusionX,Freeform,grind,,-14.00,+9.00,-6.00,14.00,sphere,0.75,3.50,Add 0.75 to 3.50,189.61,126.41,L25,DuraVision Plus Chrome UV,14,ZEISS book p17; PhotoFusionX Grey/Brown/Extra Grey/Black; book $202.25 L20
ZEISS,ZEISS,SmartLife Progressive Individual 3 1.50,,Progressive,1.50,Clear,Freeform,grind,,-7.00,+6.00,-6.00,7.00,sphere,0.75,3.50,Add 0.75 to 3.50,115.88,77.25,L25,DuraVision Plus Gold UV,13,"ZEISS book p18; Clear; RANGE DIFFERS — product guide prints -7.00 to +6.00, cyl -4.00, max combined -7.00 — confirm in VISUSTORE; book $123.60 L20"
ZEISS,ZEISS,SmartLife Progressive Individual 3 1.50,46919,Progressive,1.50,Clear,Freeform,grind,,-7.00,+6.00,-6.00,7.00,sphere,0.75,3.50,Add 0.75 to 3.50,95.00,,deal,DuraVision Plus Platinum UV,13,"ZEISS book p18; Clear; RANGE DIFFERS — product guide prints -7.00 to +6.00, cyl -4.00, max combined -7.00 — confirm in VISUSTORE; deal price fixed for the term (book $123.00 L20)"
ZEISS,ZEISS,SmartLife Progressive Individual 3 1.50,,Progressive,1.50,Clear,Freeform,grind,,-7.00,+6.00,-6.00,7.00,sphere,0.75,3.50,Add 0.75 to 3.50,112.92,75.28,L25,DuraVision Plus Chrome UV,13,"ZEISS book p18; Clear; RANGE DIFFERS — product guide prints -7.00 to +6.00, cyl -4.00, max combined -7.00 — confirm in VISUSTORE; book $120.45 L20"
ZEISS,ZEISS,SmartLife Progressive Individual 3 1.50,,Progressive,1.50,Clear,Freeform,grind,,-7.00,+6.00,-6.00,7.00,sphere,0.75,3.50,Add 0.75 to 3.50,87.38,58.25,L25,DSHC hard coat,13,"ZEISS book p18; Clear; RANGE DIFFERS — product guide prints -7.00 to +6.00, cyl -4.00, max combined -7.00 — confirm in VISUSTORE; book $93.20 L20"
ZEISS,ZEISS,SmartLife Progressive Individual 3 1.50,,Progressive,1.50,Clear BluePro,Freeform,grind,,-7.00,+6.00,-6.00,7.00,sphere,0.75,3.50,Add 0.75 to 3.50,117.98,78.66,L25,DuraVision Plus Gold UV,13,"ZEISS book p18; Clear BluePro; RANGE DIFFERS — product guide prints -7.00 to +6.00, cyl -4.00, max combined -7.00 — confirm in VISUSTORE; book $125.85 L20"
ZEISS,ZEISS,SmartLife Progressive Individual 3 1.50,46910,Progressive,1.50,Clear BluePro,Freeform,grind,,-7.00,+6.00,-6.00,7.00,sphere,0.75,3.50,Add 0.75 to 3.50,97.50,,deal,DuraVision Plus Platinum UV,13,"ZEISS book p18; Clear BluePro; RANGE DIFFERS — product guide prints -7.00 to +6.00, cyl -4.00, max combined -7.00 — confirm in VISUSTORE; deal price fixed for the term (book $125.25 L20)"
ZEISS,ZEISS,SmartLife Progressive Individual 3 1.50,,Progressive,1.50,Clear BluePro,Freeform,grind,,-7.00,+6.00,-6.00,7.00,sphere,0.75,3.50,Add 0.75 to 3.50,115.03,76.69,L25,DuraVision Plus Chrome UV,13,"ZEISS book p18; Clear BluePro; RANGE DIFFERS — product guide prints -7.00 to +6.00, cyl -4.00, max combined -7.00 — confirm in VISUSTORE; book $122.70 L20"
ZEISS,ZEISS,SmartLife Progressive Individual 3 1.50,,Progressive,1.50,PhotoFusionX,Freeform,grind,,-7.00,+5.00,-4.00,7.00,sphere,0.75,3.50,Add 0.75 to 3.50,145.03,96.69,L25,DuraVision Plus Gold UV,13,ZEISS book p18; PhotoFusionX Grey/Brown/Pioneer/Extra Grey/Blue/Burgundy/Black; range confirmed by ZEISS product guide; book $154.70 L20
ZEISS,ZEISS,SmartLife Progressive Individual 3 1.50,55292,Progressive,1.50,PhotoFusionX,Freeform,grind,,-7.00,+5.00,-4.00,7.00,sphere,0.75,3.50,Add 0.75 to 3.50,120.00,,deal,DuraVision Plus Platinum UV,13,ZEISS book p18; PhotoFusionX Grey/Brown/Pioneer/Extra Grey/Blue/Burgundy/Black; range confirmed by ZEISS product guide; deal price fixed for the term (book $154.10 L20)
ZEISS,ZEISS,SmartLife Progressive Individual 3 1.50,,Progressive,1.50,PhotoFusionX,Freeform,grind,,-7.00,+5.00,-4.00,7.00,sphere,0.75,3.50,Add 0.75 to 3.50,142.08,94.72,L25,DuraVision Plus Chrome UV,13,ZEISS book p18; PhotoFusionX Grey/Brown/Pioneer/Extra Grey/Blue/Burgundy/Black; range confirmed by ZEISS product guide; book $151.55 L20
ZEISS,ZEISS,SmartLife Progressive Individual 3 1.50,,Progressive,1.50,PhotoFusionX,Freeform,grind,,-7.00,+5.00,-4.00,7.00,sphere,0.75,3.50,Add 0.75 to 3.50,116.53,77.69,L25,DSHC hard coat,13,ZEISS book p18; PhotoFusionX Grey/Brown/Pioneer/Extra Grey/Blue/Burgundy/Black; range confirmed by ZEISS product guide; book $124.30 L20
ZEISS,ZEISS,SmartLife Progressive Individual 3 1.50,,Progressive,1.50,Polarised,Freeform,grind,,-8.00,+5.00,-4.00,8.00,sphere,0.75,3.50,Add 0.75 to 3.50,145.92,97.28,L25,DuraVision Plus Gold UV,13,ZEISS book p18; Polarised Grey/ Brown/ Pioneer; range confirmed by ZEISS product guide; book $155.65 L20
ZEISS,ZEISS,SmartLife Progressive Individual 3 1.50,58560,Progressive,1.50,Polarised,Freeform,grind,,-8.00,+5.00,-4.00,8.00,sphere,0.75,3.50,Add 0.75 to 3.50,120.00,,deal,DuraVision Plus Platinum UV,13,ZEISS book p18; Polarised Grey/ Brown/ Pioneer; range confirmed by ZEISS product guide; deal price fixed for the term (book $155.05 L20)
ZEISS,ZEISS,SmartLife Progressive Individual 3 1.50,,Progressive,1.50,Polarised,Freeform,grind,,-8.00,+5.00,-4.00,8.00,sphere,0.75,3.50,Add 0.75 to 3.50,142.97,95.31,L25,DuraVision Plus Chrome UV,13,ZEISS book p18; Polarised Grey/ Brown/ Pioneer; range confirmed by ZEISS product guide; book $152.50 L20
ZEISS,ZEISS,SmartLife Progressive Individual 3 1.50,,Progressive,1.50,Polarised,Freeform,grind,,-8.00,+5.00,-4.00,8.00,sphere,0.75,3.50,Add 0.75 to 3.50,144.38,96.25,L25,DuraVision Plus Sun UV,13,ZEISS book p18; Polarised Grey/ Brown/ Pioneer; range confirmed by ZEISS product guide; book $154.00 L20
ZEISS,ZEISS,SmartLife Progressive Individual 3 1.50,,Progressive,1.50,Polarised,Freeform,grind,,-8.00,+5.00,-4.00,8.00,sphere,0.75,3.50,Add 0.75 to 3.50,117.42,78.28,L25,DSHC hard coat,13,ZEISS book p18; Polarised Grey/ Brown/ Pioneer; range confirmed by ZEISS product guide; book $125.25 L20
ZEISS,ZEISS,SmartLife Progressive Individual 3 1.50,,Progressive,1.50,AdaptiveSun PhotoFusion,Freeform,grind,,-7.00,+5.00,-4.00,7.00,sphere,0.75,3.50,Add 0.75 to 3.50,170.02,113.34,L25,DuraVision Plus Gold UV,13,ZEISS book p18; AdaptiveSun PhotoFusion Grey/ Brown/ Pioneer/Blue; range confirmed by ZEISS product guide; book $181.35 L20
ZEISS,ZEISS,SmartLife Progressive Individual 3 1.50,,Progressive,1.50,AdaptiveSun PhotoFusion,Freeform,grind,,-7.00,+5.00,-4.00,7.00,sphere,0.75,3.50,Add 0.75 to 3.50,169.45,112.97,L25,DuraVision Plus Platinum UV,13,ZEISS book p18; AdaptiveSun PhotoFusion Grey/ Brown/ Pioneer/Blue; range confirmed by ZEISS product guide; book $180.75 L20
ZEISS,ZEISS,SmartLife Progressive Individual 3 1.50,,Progressive,1.50,AdaptiveSun PhotoFusion,Freeform,grind,,-7.00,+5.00,-4.00,7.00,sphere,0.75,3.50,Add 0.75 to 3.50,167.06,111.38,L25,DuraVision Plus Chrome UV,13,ZEISS book p18; AdaptiveSun PhotoFusion Grey/ Brown/ Pioneer/Blue; range confirmed by ZEISS product guide; book $178.20 L20
ZEISS,ZEISS,SmartLife Progressive Individual 3 1.50,,Progressive,1.50,AdaptiveSun PhotoFusion,Freeform,grind,,-7.00,+5.00,-4.00,7.00,sphere,0.75,3.50,Add 0.75 to 3.50,141.52,94.34,L25,DSHC hard coat,13,ZEISS book p18; AdaptiveSun PhotoFusion Grey/ Brown/ Pioneer/Blue; range confirmed by ZEISS product guide; book $150.95 L20
ZEISS,ZEISS,SmartLife Progressive Individual 3 1.50,,Progressive,1.50,AdaptiveSun Polarised,Freeform,grind,,-8.00,+5.00,-4.00,8.00,sphere,0.75,3.50,Add 0.75 to 3.50,172.50,115.00,L25,DuraVision Plus Gold UV,13,ZEISS book p18; AdaptiveSun Polarised Grey/ Brown/ Pioneer; range confirmed by ZEISS product guide; book $184.00 L20
ZEISS,ZEISS,SmartLife Progressive Individual 3 1.50,,Progressive,1.50,AdaptiveSun Polarised,Freeform,grind,,-8.00,+5.00,-4.00,8.00,sphere,0.75,3.50,Add 0.75 to 3.50,171.94,114.62,L25,DuraVision Plus Platinum UV,13,ZEISS book p18; AdaptiveSun Polarised Grey/ Brown/ Pioneer; range confirmed by ZEISS product guide; book $183.40 L20
ZEISS,ZEISS,SmartLife Progressive Individual 3 1.50,,Progressive,1.50,AdaptiveSun Polarised,Freeform,grind,,-8.00,+5.00,-4.00,8.00,sphere,0.75,3.50,Add 0.75 to 3.50,169.55,113.03,L25,DuraVision Plus Chrome UV,13,ZEISS book p18; AdaptiveSun Polarised Grey/ Brown/ Pioneer; range confirmed by ZEISS product guide; book $180.85 L20
ZEISS,ZEISS,SmartLife Progressive Individual 3 1.50,,Progressive,1.50,AdaptiveSun Polarised,Freeform,grind,,-8.00,+5.00,-4.00,8.00,sphere,0.75,3.50,Add 0.75 to 3.50,170.95,113.97,L25,DuraVision Plus Sun UV,13,ZEISS book p18; AdaptiveSun Polarised Grey/ Brown/ Pioneer; range confirmed by ZEISS product guide; book $182.35 L20
ZEISS,ZEISS,SmartLife Progressive Individual 3 1.50,,Progressive,1.50,AdaptiveSun Polarised,Freeform,grind,,-8.00,+5.00,-4.00,8.00,sphere,0.75,3.50,Add 0.75 to 3.50,144.00,96.00,L25,DSHC hard coat,13,ZEISS book p18; AdaptiveSun Polarised Grey/ Brown/ Pioneer; range confirmed by ZEISS product guide; book $153.60 L20
ZEISS,ZEISS,SmartLife Progressive Individual 3 1.53,,Progressive,1.53,Clear,Freeform,grind,,-7.00,+5.00,-4.00,7.00,sphere,0.75,3.50,Add 0.75 to 3.50,135.84,90.56,L25,DuraVision Plus Gold UV,13,ZEISS book p18; Clear; range confirmed by ZEISS product guide; book $144.90 L20
ZEISS,ZEISS,SmartLife Progressive Individual 3 1.53,46891,Progressive,1.53,Clear,Freeform,grind,,-7.00,+5.00,-4.00,7.00,sphere,0.75,3.50,Add 0.75 to 3.50,95.00,,deal,DuraVision Plus Platinum UV,13,ZEISS book p18; Clear; range confirmed by ZEISS product guide; deal price fixed for the term (book $144.30 L20)
ZEISS,ZEISS,SmartLife Progressive Individual 3 1.53,,Progressive,1.53,Clear,Freeform,grind,,-7.00,+5.00,-4.00,7.00,sphere,0.75,3.50,Add 0.75 to 3.50,132.89,88.59,L25,DuraVision Plus Chrome UV,13,ZEISS book p18; Clear; range confirmed by ZEISS product guide; book $141.75 L20
ZEISS,ZEISS,SmartLife Progressive Individual 3 1.53,,Progressive,1.53,Clear,Freeform,grind,,-7.00,+5.00,-4.00,7.00,sphere,0.75,3.50,Add 0.75 to 3.50,107.34,71.56,L25,DSHC hard coat,13,ZEISS book p18; Clear; range confirmed by ZEISS product guide; book $114.50 L20
ZEISS,ZEISS,SmartLife Progressive Individual 3 1.53,,Progressive,1.53,Polarised,Freeform,grind,,-7.00,+5.00,-4.00,7.00,sphere,0.75,3.50,Add 0.75 to 3.50,165.84,110.56,L25,DuraVision Plus Gold UV,13,ZEISS book p18; Polarised Grey/ Brown; range confirmed by ZEISS product guide; book $176.90 L20
ZEISS,ZEISS,SmartLife Progressive Individual 3 1.53,58559,Progressive,1.53,Polarised,Freeform,grind,,-7.00,+5.00,-4.00,7.00,sphere,0.75,3.50,Add 0.75 to 3.50,120.00,,deal,DuraVision Plus Platinum UV,13,ZEISS book p18; Polarised Grey/ Brown; range confirmed by ZEISS product guide; deal price fixed for the term (book $176.30 L20)
ZEISS,ZEISS,SmartLife Progressive Individual 3 1.53,,Progressive,1.53,Polarised,Freeform,grind,,-7.00,+5.00,-4.00,7.00,sphere,0.75,3.50,Add 0.75 to 3.50,162.89,108.59,L25,DuraVision Plus Chrome UV,13,ZEISS book p18; Polarised Grey/ Brown; range confirmed by ZEISS product guide; book $173.75 L20
ZEISS,ZEISS,SmartLife Progressive Individual 3 1.53,,Progressive,1.53,Polarised,Freeform,grind,,-7.00,+5.00,-4.00,7.00,sphere,0.75,3.50,Add 0.75 to 3.50,164.30,109.53,L25,DuraVision Plus Sun UV,13,ZEISS book p18; Polarised Grey/ Brown; range confirmed by ZEISS product guide; book $175.25 L20
ZEISS,ZEISS,SmartLife Progressive Individual 3 1.53,,Progressive,1.53,Polarised,Freeform,grind,,-7.00,+5.00,-4.00,7.00,sphere,0.75,3.50,Add 0.75 to 3.50,137.34,91.56,L25,DSHC hard coat,13,ZEISS book p18; Polarised Grey/ Brown; range confirmed by ZEISS product guide; book $146.50 L20
ZEISS,ZEISS,SmartLife Progressive Individual 3 1.59,,Progressive,1.59,Clear,Freeform,grind,,-10.00,+6.00,-6.00,10.00,sphere,0.75,4.00,Add 0.75 to 4.00,142.59,95.06,L25,DuraVision Plus Gold UV,13,ZEISS book p18; Clear; range confirmed by ZEISS product guide; book $152.10 L20
ZEISS,ZEISS,SmartLife Progressive Individual 3 1.59,,Progressive,1.59,Clear,Freeform,grind,,-10.00,+6.00,-6.00,10.00,sphere,0.75,4.00,Add 0.75 to 4.00,142.03,94.69,L25,DuraVision Plus Platinum UV,13,ZEISS book p18; Clear; range confirmed by ZEISS product guide; book $151.50 L20
ZEISS,ZEISS,SmartLife Progressive Individual 3 1.59,,Progressive,1.59,Clear,Freeform,grind,,-10.00,+6.00,-6.00,10.00,sphere,0.75,4.00,Add 0.75 to 4.00,139.64,93.09,L25,DuraVision Plus Chrome UV,13,ZEISS book p18; Clear; range confirmed by ZEISS product guide; book $148.95 L20
ZEISS,ZEISS,SmartLife Progressive Individual 3 1.59,,Progressive,1.59,Clear,Freeform,grind,,-10.00,+6.00,-6.00,10.00,sphere,0.75,4.00,Add 0.75 to 4.00,114.09,76.06,L25,DSHC hard coat,13,ZEISS book p18; Clear; range confirmed by ZEISS product guide; book $121.70 L20
ZEISS,ZEISS,SmartLife Progressive Individual 3 1.59,,Progressive,1.59,PhotoFusionX,Freeform,grind,,-10.00,+6.00,-6.00,10.00,sphere,0.75,4.00,Add 0.75 to 4.00,171.70,114.47,L25,DuraVision Plus Gold UV,13,ZEISS book p18; PhotoFusionX Grey/Brown/Pioneer/Extra Grey/Blue/Burgundy/Black; range confirmed by ZEISS product guide; book $183.15 L20
ZEISS,ZEISS,SmartLife Progressive Individual 3 1.59,,Progressive,1.59,PhotoFusionX,Freeform,grind,,-10.00,+6.00,-6.00,10.00,sphere,0.75,4.00,Add 0.75 to 4.00,171.14,114.09,L25,DuraVision Plus Platinum UV,13,ZEISS book p18; PhotoFusionX Grey/Brown/Pioneer/Extra Grey/Blue/Burgundy/Black; range confirmed by ZEISS product guide; book $182.55 L20
ZEISS,ZEISS,SmartLife Progressive Individual 3 1.59,,Progressive,1.59,PhotoFusionX,Freeform,grind,,-10.00,+6.00,-6.00,10.00,sphere,0.75,4.00,Add 0.75 to 4.00,168.75,112.50,L25,DuraVision Plus Chrome UV,13,ZEISS book p18; PhotoFusionX Grey/Brown/Pioneer/Extra Grey/Blue/Burgundy/Black; range confirmed by ZEISS product guide; book $180.00 L20
ZEISS,ZEISS,SmartLife Progressive Individual 3 1.59,,Progressive,1.59,PhotoFusionX,Freeform,grind,,-10.00,+6.00,-6.00,10.00,sphere,0.75,4.00,Add 0.75 to 4.00,143.20,95.47,L25,DSHC hard coat,13,ZEISS book p18; PhotoFusionX Grey/Brown/Pioneer/Extra Grey/Blue/Burgundy/Black; range confirmed by ZEISS product guide; book $152.75 L20
ZEISS,ZEISS,SmartLife Progressive Individual 3 1.59,,Progressive,1.59,Polarised,Freeform,grind,,-10.00,+6.00,-4.00,10.00,sphere,0.75,3.50,Add 0.75 to 3.50,172.55,115.03,L25,DuraVision Plus Gold UV,13,ZEISS book p18; Polarised Grey/ Brown; range confirmed by ZEISS product guide; book $184.05 L20
ZEISS,ZEISS,SmartLife Progressive Individual 3 1.59,,Progressive,1.59,Polarised,Freeform,grind,,-10.00,+6.00,-4.00,10.00,sphere,0.75,3.50,Add 0.75 to 3.50,171.98,114.66,L25,DuraVision Plus Platinum UV,13,ZEISS book p18; Polarised Grey/ Brown; range confirmed by ZEISS product guide; book $183.45 L20
ZEISS,ZEISS,SmartLife Progressive Individual 3 1.59,,Progressive,1.59,Polarised,Freeform,grind,,-10.00,+6.00,-4.00,10.00,sphere,0.75,3.50,Add 0.75 to 3.50,169.59,113.06,L25,DuraVision Plus Chrome UV,13,ZEISS book p18; Polarised Grey/ Brown; range confirmed by ZEISS product guide; book $180.90 L20
ZEISS,ZEISS,SmartLife Progressive Individual 3 1.59,,Progressive,1.59,Polarised,Freeform,grind,,-10.00,+6.00,-4.00,10.00,sphere,0.75,3.50,Add 0.75 to 3.50,171.00,114.00,L25,DuraVision Plus Sun UV,13,ZEISS book p18; Polarised Grey/ Brown; range confirmed by ZEISS product guide; book $182.40 L20
ZEISS,ZEISS,SmartLife Progressive Individual 3 1.59,,Progressive,1.59,Polarised,Freeform,grind,,-10.00,+6.00,-4.00,10.00,sphere,0.75,3.50,Add 0.75 to 3.50,144.05,96.03,L25,DSHC hard coat,13,ZEISS book p18; Polarised Grey/ Brown; range confirmed by ZEISS product guide; book $153.65 L20
ZEISS,ZEISS,SmartLife Progressive Individual 3 1.60,,Progressive,1.60,Clear,Freeform,grind,,-10.00,+10.00,-6.00,10.00,sphere,0.75,4.00,Add 0.75 to 4.00,142.55,95.03,L25,DuraVision Plus Gold UV,13,"ZEISS book p18; Clear; RANGE DIFFERS — product guide prints -10.00 to +6.00, cyl -6.00, max combined -10.00 — confirm in VISUSTORE; book $152.05 L20"
ZEISS,ZEISS,SmartLife Progressive Individual 3 1.60,46858,Progressive,1.60,Clear,Freeform,grind,,-10.00,+10.00,-6.00,10.00,sphere,0.75,4.00,Add 0.75 to 4.00,120.00,,deal,DuraVision Plus Platinum UV,13,"ZEISS book p18; Clear; RANGE DIFFERS — product guide prints -10.00 to +6.00, cyl -6.00, max combined -10.00 — confirm in VISUSTORE; deal price fixed for the term (book $151.45 L20)"
ZEISS,ZEISS,SmartLife Progressive Individual 3 1.60,,Progressive,1.60,Clear,Freeform,grind,,-10.00,+10.00,-6.00,10.00,sphere,0.75,4.00,Add 0.75 to 4.00,139.59,93.06,L25,DuraVision Plus Chrome UV,13,"ZEISS book p18; Clear; RANGE DIFFERS — product guide prints -10.00 to +6.00, cyl -6.00, max combined -10.00 — confirm in VISUSTORE; book $148.90 L20"
ZEISS,ZEISS,SmartLife Progressive Individual 3 1.60,,Progressive,1.60,Clear,Freeform,grind,,-10.00,+10.00,-6.00,10.00,sphere,0.75,4.00,Add 0.75 to 4.00,114.05,76.03,L25,DSHC hard coat,13,"ZEISS book p18; Clear; RANGE DIFFERS — product guide prints -10.00 to +6.00, cyl -6.00, max combined -10.00 — confirm in VISUSTORE; book $121.65 L20"
ZEISS,ZEISS,SmartLife Progressive Individual 3 1.60,,Progressive,1.60,Clear BluePro,Freeform,grind,,-10.00,+10.00,-6.00,10.00,sphere,0.75,4.00,Add 0.75 to 4.00,144.66,96.44,L25,DuraVision Plus Gold UV,13,"ZEISS book p18; Clear BluePro; RANGE DIFFERS — product guide prints -10.00 to +6.00, cyl -6.00, max combined -10.00 — confirm in VISUSTORE; book $154.30 L20"
ZEISS,ZEISS,SmartLife Progressive Individual 3 1.60,46849,Progressive,1.60,Clear BluePro,Freeform,grind,,-10.00,+10.00,-6.00,10.00,sphere,0.75,4.00,Add 0.75 to 4.00,122.50,,deal,DuraVision Plus Platinum UV,13,"ZEISS book p18; Clear BluePro; RANGE DIFFERS — product guide prints -10.00 to +6.00, cyl -6.00, max combined -10.00 — confirm in VISUSTORE; deal price fixed for the term (book $153.70 L20)"
ZEISS,ZEISS,SmartLife Progressive Individual 3 1.60,,Progressive,1.60,Clear BluePro,Freeform,grind,,-10.00,+10.00,-6.00,10.00,sphere,0.75,4.00,Add 0.75 to 4.00,141.70,94.47,L25,DuraVision Plus Chrome UV,13,"ZEISS book p18; Clear BluePro; RANGE DIFFERS — product guide prints -10.00 to +6.00, cyl -6.00, max combined -10.00 — confirm in VISUSTORE; book $151.15 L20"
ZEISS,ZEISS,SmartLife Progressive Individual 3 1.60,,Progressive,1.60,PhotoFusionX,Freeform,grind,,-10.00,+6.00,-6.00,10.00,sphere,0.75,4.00,Add 0.75 to 4.00,171.66,114.44,L25,DuraVision Plus Gold UV,13,ZEISS book p18; PhotoFusionX Grey/Brown/Pioneer/Extra Grey/Blue/Burgundy/Black; range confirmed by ZEISS product guide; book $183.10 L20
ZEISS,ZEISS,SmartLife Progressive Individual 3 1.60,55289,Progressive,1.60,PhotoFusionX,Freeform,grind,,-10.00,+6.00,-6.00,10.00,sphere,0.75,4.00,Add 0.75 to 4.00,145.00,,deal,DuraVision Plus Platinum UV,13,ZEISS book p18; PhotoFusionX Grey/Brown/Pioneer/Extra Grey/Blue/Burgundy/Black; range confirmed by ZEISS product guide; deal price fixed for the term (book $182.50 L20)
ZEISS,ZEISS,SmartLife Progressive Individual 3 1.60,,Progressive,1.60,PhotoFusionX,Freeform,grind,,-10.00,+6.00,-6.00,10.00,sphere,0.75,4.00,Add 0.75 to 4.00,168.70,112.47,L25,DuraVision Plus Chrome UV,13,ZEISS book p18; PhotoFusionX Grey/Brown/Pioneer/Extra Grey/Blue/Burgundy/Black; range confirmed by ZEISS product guide; book $179.95 L20
ZEISS,ZEISS,SmartLife Progressive Individual 3 1.60,,Progressive,1.60,PhotoFusionX,Freeform,grind,,-10.00,+6.00,-6.00,10.00,sphere,0.75,4.00,Add 0.75 to 4.00,143.16,95.44,L25,DSHC hard coat,13,ZEISS book p18; PhotoFusionX Grey/Brown/Pioneer/Extra Grey/Blue/Burgundy/Black; range confirmed by ZEISS product guide; book $152.70 L20
ZEISS,ZEISS,SmartLife Progressive Individual 3 1.60,,Progressive,1.60,Polarised,Freeform,grind,,-11.00,+6.00,-6.00,11.00,sphere,0.75,3.50,Add 0.75 to 3.50,172.55,115.03,L25,DuraVision Plus Gold UV,13,ZEISS book p18; Polarised Grey/ Brown/ Pioneer; range confirmed by ZEISS product guide; book $184.05 L20
ZEISS,ZEISS,SmartLife Progressive Individual 3 1.60,58555,Progressive,1.60,Polarised,Freeform,grind,,-11.00,+6.00,-6.00,11.00,sphere,0.75,3.50,Add 0.75 to 3.50,145.00,,deal,DuraVision Plus Platinum UV,13,ZEISS book p18; Polarised Grey/ Brown/ Pioneer; range confirmed by ZEISS product guide; deal price fixed for the term (book $183.45 L20)
ZEISS,ZEISS,SmartLife Progressive Individual 3 1.60,,Progressive,1.60,Polarised,Freeform,grind,,-11.00,+6.00,-6.00,11.00,sphere,0.75,3.50,Add 0.75 to 3.50,169.59,113.06,L25,DuraVision Plus Chrome UV,13,ZEISS book p18; Polarised Grey/ Brown/ Pioneer; range confirmed by ZEISS product guide; book $180.90 L20
ZEISS,ZEISS,SmartLife Progressive Individual 3 1.60,,Progressive,1.60,Polarised,Freeform,grind,,-11.00,+6.00,-6.00,11.00,sphere,0.75,3.50,Add 0.75 to 3.50,171.00,114.00,L25,DuraVision Plus Sun UV,13,ZEISS book p18; Polarised Grey/ Brown/ Pioneer; range confirmed by ZEISS product guide; book $182.40 L20
ZEISS,ZEISS,SmartLife Progressive Individual 3 1.60,,Progressive,1.60,Polarised,Freeform,grind,,-11.00,+6.00,-6.00,11.00,sphere,0.75,3.50,Add 0.75 to 3.50,144.05,96.03,L25,DSHC hard coat,13,ZEISS book p18; Polarised Grey/ Brown/ Pioneer; range confirmed by ZEISS product guide; book $153.65 L20
ZEISS,ZEISS,SmartLife Progressive Individual 3 1.60,,Progressive,1.60,AdaptiveSun PhotoFusion,Freeform,grind,,-10.00,+6.00,-6.00,10.00,sphere,0.75,4.00,Add 0.75 to 4.00,196.69,131.12,L25,DuraVision Plus Gold UV,13,ZEISS book p18; AdaptiveSun PhotoFusion Grey/ Brown/ Pioneer/Blue; range confirmed by ZEISS product guide; book $209.80 L20
ZEISS,ZEISS,SmartLife Progressive Individual 3 1.60,,Progressive,1.60,AdaptiveSun PhotoFusion,Freeform,grind,,-10.00,+6.00,-6.00,10.00,sphere,0.75,4.00,Add 0.75 to 4.00,196.12,130.75,L25,DuraVision Plus Platinum UV,13,ZEISS book p18; AdaptiveSun PhotoFusion Grey/ Brown/ Pioneer/Blue; range confirmed by ZEISS product guide; book $209.20 L20
ZEISS,ZEISS,SmartLife Progressive Individual 3 1.60,,Progressive,1.60,AdaptiveSun PhotoFusion,Freeform,grind,,-10.00,+6.00,-6.00,10.00,sphere,0.75,4.00,Add 0.75 to 4.00,193.73,129.16,L25,DuraVision Plus Chrome UV,13,ZEISS book p18; AdaptiveSun PhotoFusion Grey/ Brown/ Pioneer/Blue; range confirmed by ZEISS product guide; book $206.65 L20
ZEISS,ZEISS,SmartLife Progressive Individual 3 1.60,,Progressive,1.60,AdaptiveSun PhotoFusion,Freeform,grind,,-10.00,+6.00,-6.00,10.00,sphere,0.75,4.00,Add 0.75 to 4.00,168.19,112.12,L25,DSHC hard coat,13,ZEISS book p18; AdaptiveSun PhotoFusion Grey/ Brown/ Pioneer/Blue; range confirmed by ZEISS product guide; book $179.40 L20
ZEISS,ZEISS,SmartLife Progressive Individual 3 1.60,,Progressive,1.60,AdaptiveSun Polarised,Freeform,grind,,-11.00,+6.00,-6.00,11.00,sphere,0.75,3.50,Add 0.75 to 3.50,199.17,132.78,L25,DuraVision Plus Gold UV,13,ZEISS book p18; AdaptiveSun Polarised Grey/ Brown/ Pioneer; range confirmed by ZEISS product guide; book $212.45 L20
ZEISS,ZEISS,SmartLife Progressive Individual 3 1.60,,Progressive,1.60,AdaptiveSun Polarised,Freeform,grind,,-11.00,+6.00,-6.00,11.00,sphere,0.75,3.50,Add 0.75 to 3.50,198.61,132.41,L25,DuraVision Plus Platinum UV,13,ZEISS book p18; AdaptiveSun Polarised Grey/ Brown/ Pioneer; range confirmed by ZEISS product guide; book $211.85 L20
ZEISS,ZEISS,SmartLife Progressive Individual 3 1.60,,Progressive,1.60,AdaptiveSun Polarised,Freeform,grind,,-11.00,+6.00,-6.00,11.00,sphere,0.75,3.50,Add 0.75 to 3.50,196.22,130.81,L25,DuraVision Plus Chrome UV,13,ZEISS book p18; AdaptiveSun Polarised Grey/ Brown/ Pioneer; range confirmed by ZEISS product guide; book $209.30 L20
ZEISS,ZEISS,SmartLife Progressive Individual 3 1.60,,Progressive,1.60,AdaptiveSun Polarised,Freeform,grind,,-11.00,+6.00,-6.00,11.00,sphere,0.75,3.50,Add 0.75 to 3.50,197.62,131.75,L25,DuraVision Plus Sun UV,13,ZEISS book p18; AdaptiveSun Polarised Grey/ Brown/ Pioneer; range confirmed by ZEISS product guide; book $210.80 L20
ZEISS,ZEISS,SmartLife Progressive Individual 3 1.60,,Progressive,1.60,AdaptiveSun Polarised,Freeform,grind,,-11.00,+6.00,-6.00,11.00,sphere,0.75,3.50,Add 0.75 to 3.50,170.67,113.78,L25,DSHC hard coat,13,ZEISS book p18; AdaptiveSun Polarised Grey/ Brown/ Pioneer; range confirmed by ZEISS product guide; book $182.05 L20
ZEISS,ZEISS,SmartLife Progressive Individual 3 1.67,,Progressive,1.67,Clear,Freeform,grind,,-17.00,+8.00,-6.00,17.00,sphere,0.75,3.50,Add 0.75 to 3.50,163.41,108.94,L25,DuraVision Plus Gold UV,13,"ZEISS book p18; Clear; RANGE DIFFERS — product guide prints -12.00 to +8.00, cyl -6.00, max combined -12.00 — confirm in VISUSTORE; book $174.30 L20"
ZEISS,ZEISS,SmartLife Progressive Individual 3 1.67,46831,Progressive,1.67,Clear,Freeform,grind,,-17.00,+8.00,-6.00,17.00,sphere,0.75,3.50,Add 0.75 to 3.50,130.00,,deal,DuraVision Plus Platinum UV,13,"ZEISS book p18; Clear; RANGE DIFFERS — product guide prints -12.00 to +8.00, cyl -6.00, max combined -12.00 — confirm in VISUSTORE; deal price fixed for the term (book $173.70 L20)"
ZEISS,ZEISS,SmartLife Progressive Individual 3 1.67,,Progressive,1.67,Clear,Freeform,grind,,-17.00,+8.00,-6.00,17.00,sphere,0.75,3.50,Add 0.75 to 3.50,160.45,106.97,L25,DuraVision Plus Chrome UV,13,"ZEISS book p18; Clear; RANGE DIFFERS — product guide prints -12.00 to +8.00, cyl -6.00, max combined -12.00 — confirm in VISUSTORE; book $171.15 L20"
ZEISS,ZEISS,SmartLife Progressive Individual 3 1.67,,Progressive,1.67,Clear BluePro,Freeform,grind,,-12.00,+8.00,-6.00,12.00,sphere,0.75,3.50,Add 0.75 to 3.50,165.47,110.31,L25,DuraVision Plus Gold UV,13,ZEISS book p18; Clear BluePro; range confirmed by ZEISS product guide; book $176.50 L20
ZEISS,ZEISS,SmartLife Progressive Individual 3 1.67,46826,Progressive,1.67,Clear BluePro,Freeform,grind,,-12.00,+8.00,-6.00,12.00,sphere,0.75,3.50,Add 0.75 to 3.50,132.50,,deal,DuraVision Plus Platinum UV,13,ZEISS book p18; Clear BluePro; range confirmed by ZEISS product guide; deal price fixed for the term (book $175.90 L20)
ZEISS,ZEISS,SmartLife Progressive Individual 3 1.67,,Progressive,1.67,Clear BluePro,Freeform,grind,,-12.00,+8.00,-6.00,12.00,sphere,0.75,3.50,Add 0.75 to 3.50,162.52,108.34,L25,DuraVision Plus Chrome UV,13,ZEISS book p18; Clear BluePro; range confirmed by ZEISS product guide; book $173.35 L20
ZEISS,ZEISS,SmartLife Progressive Individual 3 1.67,,Progressive,1.67,PhotoFusionX,Freeform,grind,,-12.00,+8.00,-6.00,12.00,sphere,0.75,3.50,Add 0.75 to 3.50,192.52,128.34,L25,DuraVision Plus Gold UV,13,ZEISS book p18; PhotoFusionX Grey/Brown/Pioneer/Extra Grey/Blue/Burgundy/Black; range confirmed by ZEISS product guide; book $205.35 L20
ZEISS,ZEISS,SmartLife Progressive Individual 3 1.67,55288,Progressive,1.67,PhotoFusionX,Freeform,grind,,-12.00,+8.00,-6.00,12.00,sphere,0.75,3.50,Add 0.75 to 3.50,155.00,,deal,DuraVision Plus Platinum UV,13,ZEISS book p18; PhotoFusionX Grey/Brown/Pioneer/Extra Grey/Blue/Burgundy/Black; range confirmed by ZEISS product guide; deal price fixed for the term (book $204.75 L20)
ZEISS,ZEISS,SmartLife Progressive Individual 3 1.67,,Progressive,1.67,PhotoFusionX,Freeform,grind,,-12.00,+8.00,-6.00,12.00,sphere,0.75,3.50,Add 0.75 to 3.50,189.56,126.38,L25,DuraVision Plus Chrome UV,13,ZEISS book p18; PhotoFusionX Grey/Brown/Pioneer/Extra Grey/Blue/Burgundy/Black; range confirmed by ZEISS product guide; book $202.20 L20
ZEISS,ZEISS,SmartLife Progressive Individual 3 1.67,,Progressive,1.67,Polarised,Freeform,grind,,-12.00,+8.00,-6.00,12.00,sphere,0.75,3.50,Add 0.75 to 3.50,193.36,128.91,L25,DuraVision Plus Gold UV,13,ZEISS book p18; Polarised Grey/ Brown/ Pioneer; range confirmed by ZEISS product guide; book $206.25 L20
ZEISS,ZEISS,SmartLife Progressive Individual 3 1.67,58553,Progressive,1.67,Polarised,Freeform,grind,,-12.00,+8.00,-6.00,12.00,sphere,0.75,3.50,Add 0.75 to 3.50,155.00,,deal,DuraVision Plus Platinum UV,13,ZEISS book p18; Polarised Grey/ Brown/ Pioneer; range confirmed by ZEISS product guide; deal price fixed for the term (book $205.65 L20)
ZEISS,ZEISS,SmartLife Progressive Individual 3 1.67,,Progressive,1.67,Polarised,Freeform,grind,,-12.00,+8.00,-6.00,12.00,sphere,0.75,3.50,Add 0.75 to 3.50,190.41,126.94,L25,DuraVision Plus Chrome UV,13,ZEISS book p18; Polarised Grey/ Brown/ Pioneer; range confirmed by ZEISS product guide; book $203.10 L20
ZEISS,ZEISS,SmartLife Progressive Individual 3 1.67,,Progressive,1.67,Polarised,Freeform,grind,,-12.00,+8.00,-6.00,12.00,sphere,0.75,3.50,Add 0.75 to 3.50,191.81,127.88,L25,DuraVision Plus Sun UV,13,ZEISS book p18; Polarised Grey/ Brown/ Pioneer; range confirmed by ZEISS product guide; book $204.60 L20
ZEISS,ZEISS,SmartLife Progressive Individual 3 1.67,,Progressive,1.67,AdaptiveSun PhotoFusion,Freeform,grind,,-12.00,+8.00,-6.00,12.00,sphere,0.75,3.50,Add 0.75 to 3.50,217.50,145.00,L25,DuraVision Plus Gold UV,13,ZEISS book p18; AdaptiveSun PhotoFusion Grey/ Brown/ Pioneer; range confirmed by ZEISS product guide; book $232.00 L20
ZEISS,ZEISS,SmartLife Progressive Individual 3 1.67,,Progressive,1.67,AdaptiveSun PhotoFusion,Freeform,grind,,-12.00,+8.00,-6.00,12.00,sphere,0.75,3.50,Add 0.75 to 3.50,216.94,144.62,L25,DuraVision Plus Platinum UV,13,ZEISS book p18; AdaptiveSun PhotoFusion Grey/ Brown/ Pioneer; range confirmed by ZEISS product guide; book $231.40 L20
ZEISS,ZEISS,SmartLife Progressive Individual 3 1.67,,Progressive,1.67,AdaptiveSun PhotoFusion,Freeform,grind,,-12.00,+8.00,-6.00,12.00,sphere,0.75,3.50,Add 0.75 to 3.50,214.55,143.03,L25,DuraVision Plus Chrome UV,13,ZEISS book p18; AdaptiveSun PhotoFusion Grey/ Brown/ Pioneer; range confirmed by ZEISS product guide; book $228.85 L20
ZEISS,ZEISS,SmartLife Progressive Individual 3 1.74,,Progressive,1.74,Clear,Freeform,grind,,-20.00,+16.00,-6.00,20.00,sphere,0.75,3.50,Add 0.75 to 3.50,184.22,122.81,L25,DuraVision Plus Gold UV,13,ZEISS book p18; Clear; range confirmed by ZEISS product guide; book $196.50 L20
ZEISS,ZEISS,SmartLife Progressive Individual 3 1.74,46807,Progressive,1.74,Clear,Freeform,grind,,-20.00,+16.00,-6.00,20.00,sphere,0.75,3.50,Add 0.75 to 3.50,135.00,,deal,DuraVision Plus Platinum UV,13,ZEISS book p18; Clear; range confirmed by ZEISS product guide; deal price fixed for the term (book $195.90 L20)
ZEISS,ZEISS,SmartLife Progressive Individual 3 1.74,,Progressive,1.74,Clear,Freeform,grind,,-20.00,+16.00,-6.00,20.00,sphere,0.75,3.50,Add 0.75 to 3.50,181.27,120.84,L25,DuraVision Plus Chrome UV,13,ZEISS book p18; Clear; range confirmed by ZEISS product guide; book $193.35 L20
ZEISS,ZEISS,SmartLife Progressive Individual 3 1.74,,Progressive,1.74,Clear BluePro,Freeform,grind,,-20.00,+16.00,-6.00,20.00,sphere,0.75,3.50,Add 0.75 to 3.50,186.28,124.19,L25,DuraVision Plus Gold UV,13,ZEISS book p18; Clear BluePro; range confirmed by ZEISS product guide; book $198.70 L20
ZEISS,ZEISS,SmartLife Progressive Individual 3 1.74,46804,Progressive,1.74,Clear BluePro,Freeform,grind,,-20.00,+16.00,-6.00,20.00,sphere,0.75,3.50,Add 0.75 to 3.50,137.50,,deal,DuraVision Plus Platinum UV,13,ZEISS book p18; Clear BluePro; range confirmed by ZEISS product guide; deal price fixed for the term (book $198.10 L20)
ZEISS,ZEISS,SmartLife Progressive Individual 3 1.74,,Progressive,1.74,Clear BluePro,Freeform,grind,,-20.00,+16.00,-6.00,20.00,sphere,0.75,3.50,Add 0.75 to 3.50,183.33,122.22,L25,DuraVision Plus Chrome UV,13,ZEISS book p18; Clear BluePro; range confirmed by ZEISS product guide; book $195.55 L20
ZEISS,ZEISS,SmartLife Progressive Individual 3 1.74,,Progressive,1.74,PhotoFusionX,Freeform,grind,,-14.00,+9.00,-6.00,14.00,sphere,0.75,3.50,Add 0.75 to 3.50,213.33,142.22,L25,DuraVision Plus Gold UV,13,"ZEISS book p18; PhotoFusionX Grey/Brown/Extra Grey/Black; RANGE DIFFERS — product guide prints -14.00 to +9.00, cyl -6.00 — confirm in VISUSTORE; book $227.55 L20"
ZEISS,ZEISS,SmartLife Progressive Individual 3 1.74,,Progressive,1.74,PhotoFusionX,Freeform,grind,,-14.00,+9.00,-6.00,14.00,sphere,0.75,3.50,Add 0.75 to 3.50,212.77,141.84,L25,DuraVision Plus Platinum UV,13,"ZEISS book p18; PhotoFusionX Grey/Brown/Extra Grey/Black; RANGE DIFFERS — product guide prints -14.00 to +9.00, cyl -6.00 — confirm in VISUSTORE; book $226.95 L20"
ZEISS,ZEISS,SmartLife Progressive Individual 3 1.74,,Progressive,1.74,PhotoFusionX,Freeform,grind,,-14.00,+9.00,-6.00,14.00,sphere,0.75,3.50,Add 0.75 to 3.50,210.38,140.25,L25,DuraVision Plus Chrome UV,13,"ZEISS book p18; PhotoFusionX Grey/Brown/Extra Grey/Black; RANGE DIFFERS — product guide prints -14.00 to +9.00, cyl -6.00 — confirm in VISUSTORE; book $224.40 L20"
ZEISS,ZEISS,SmartLife Progressive Superb 1.50,,Progressive,1.50,Clear,Freeform,grind,,-7.00,+6.00,-4.00,7.00,sphere,0.75,3.50,Add 0.75 to 3.50,109.69,73.12,L25,DuraVision Plus Gold UV,13,ZEISS book p19; Clear; range confirmed by ZEISS product guide; book $117.00 L20
ZEISS,ZEISS,SmartLife Progressive Superb 1.50,25593,Progressive,1.50,Clear,Freeform,grind,,-7.00,+6.00,-4.00,7.00,sphere,0.75,3.50,Add 0.75 to 3.50,85.00,,deal,DuraVision Plus Platinum UV,13,ZEISS book p19; Clear; range confirmed by ZEISS product guide; deal price fixed for the term (book $116.40 L20)
ZEISS,ZEISS,SmartLife Progressive Superb 1.50,,Progressive,1.50,Clear,Freeform,grind,,-7.00,+6.00,-4.00,7.00,sphere,0.75,3.50,Add 0.75 to 3.50,106.73,71.16,L25,DuraVision Plus Chrome UV,13,ZEISS book p19; Clear; range confirmed by ZEISS product guide; book $113.85 L20
ZEISS,ZEISS,SmartLife Progressive Superb 1.50,,Progressive,1.50,Clear,Freeform,grind,,-7.00,+6.00,-4.00,7.00,sphere,0.75,3.50,Add 0.75 to 3.50,81.19,54.12,L25,DSHC hard coat,13,ZEISS book p19; Clear; range confirmed by ZEISS product guide; book $86.60 L20
ZEISS,ZEISS,SmartLife Progressive Superb 1.50,,Progressive,1.50,Clear BluePro,Freeform,grind,,-10.00,+10.00,-4.00,10.00,sphere,0.75,3.50,Add 0.75 to 3.50,111.75,74.50,L25,DuraVision Plus Gold UV,13,"ZEISS book p19; Clear BluePro; RANGE DIFFERS — product guide prints -7.00 to +6.00, cyl -4.00, max combined -7.00 — confirm in VISUSTORE; book $119.20 L20"
ZEISS,ZEISS,SmartLife Progressive Superb 1.50,36757,Progressive,1.50,Clear BluePro,Freeform,grind,,-10.00,+10.00,-4.00,10.00,sphere,0.75,3.50,Add 0.75 to 3.50,87.50,,deal,DuraVision Plus Platinum UV,13,"ZEISS book p19; Clear BluePro; RANGE DIFFERS — product guide prints -7.00 to +6.00, cyl -4.00, max combined -7.00 — confirm in VISUSTORE; deal price fixed for the term (book $118.60 L20)"
ZEISS,ZEISS,SmartLife Progressive Superb 1.50,,Progressive,1.50,Clear BluePro,Freeform,grind,,-10.00,+10.00,-4.00,10.00,sphere,0.75,3.50,Add 0.75 to 3.50,108.80,72.53,L25,DuraVision Plus Chrome UV,13,"ZEISS book p19; Clear BluePro; RANGE DIFFERS — product guide prints -7.00 to +6.00, cyl -4.00, max combined -7.00 — confirm in VISUSTORE; book $116.05 L20"
ZEISS,ZEISS,SmartLife Progressive Superb 1.50,,Progressive,1.50,PhotoFusionX,Freeform,grind,,-7.00,+5.00,-4.00,7.00,sphere,0.75,3.50,Add 0.75 to 3.50,138.84,92.56,L25,DuraVision Plus Gold UV,13,ZEISS book p19; PhotoFusionX Grey/Brown/Pioneer/Extra Grey/Blue/Burgundy/Black; range confirmed by ZEISS product guide; book $148.10 L20
ZEISS,ZEISS,SmartLife Progressive Superb 1.50,55145,Progressive,1.50,PhotoFusionX,Freeform,grind,,-7.00,+5.00,-4.00,7.00,sphere,0.75,3.50,Add 0.75 to 3.50,110.00,,deal,DuraVision Plus Platinum UV,13,ZEISS book p19; PhotoFusionX Grey/Brown/Pioneer/Extra Grey/Blue/Burgundy/Black; range confirmed by ZEISS product guide; deal price fixed for the term (book $147.50 L20)
ZEISS,ZEISS,SmartLife Progressive Superb 1.50,,Progressive,1.50,PhotoFusionX,Freeform,grind,,-7.00,+5.00,-4.00,7.00,sphere,0.75,3.50,Add 0.75 to 3.50,135.89,90.59,L25,DuraVision Plus Chrome UV,13,ZEISS book p19; PhotoFusionX Grey/Brown/Pioneer/Extra Grey/Blue/Burgundy/Black; range confirmed by ZEISS product guide; book $144.95 L20
ZEISS,ZEISS,SmartLife Progressive Superb 1.50,,Progressive,1.50,PhotoFusionX,Freeform,grind,,-7.00,+5.00,-4.00,7.00,sphere,0.75,3.50,Add 0.75 to 3.50,110.34,73.56,L25,DSHC hard coat,13,ZEISS book p19; PhotoFusionX Grey/Brown/Pioneer/Extra Grey/Blue/Burgundy/Black; range confirmed by ZEISS product guide; book $117.70 L20
ZEISS,ZEISS,SmartLife Progressive Superb 1.50,,Progressive,1.50,Polarised,Freeform,grind,,-8.00,+5.00,-4.00,8.00,sphere,0.75,3.50,Add 0.75 to 3.50,139.64,93.09,L25,DuraVision Plus Gold UV,13,ZEISS book p19; Polarised Grey/ Brown/ Pioneer; range confirmed by ZEISS product guide; book $148.95 L20
ZEISS,ZEISS,SmartLife Progressive Superb 1.50,58430,Progressive,1.50,Polarised,Freeform,grind,,-8.00,+5.00,-4.00,8.00,sphere,0.75,3.50,Add 0.75 to 3.50,110.00,,deal,DuraVision Plus Platinum UV,13,ZEISS book p19; Polarised Grey/ Brown/ Pioneer; range confirmed by ZEISS product guide; deal price fixed for the term (book $148.35 L20)
ZEISS,ZEISS,SmartLife Progressive Superb 1.50,,Progressive,1.50,Polarised,Freeform,grind,,-8.00,+5.00,-4.00,8.00,sphere,0.75,3.50,Add 0.75 to 3.50,136.69,91.12,L25,DuraVision Plus Chrome UV,13,ZEISS book p19; Polarised Grey/ Brown/ Pioneer; range confirmed by ZEISS product guide; book $145.80 L20
ZEISS,ZEISS,SmartLife Progressive Superb 1.50,,Progressive,1.50,Polarised,Freeform,grind,,-8.00,+5.00,-4.00,8.00,sphere,0.75,3.50,Add 0.75 to 3.50,138.09,92.06,L25,DuraVision Plus Sun UV,13,ZEISS book p19; Polarised Grey/ Brown/ Pioneer; range confirmed by ZEISS product guide; book $147.30 L20
ZEISS,ZEISS,SmartLife Progressive Superb 1.50,,Progressive,1.50,Polarised,Freeform,grind,,-8.00,+5.00,-4.00,8.00,sphere,0.75,3.50,Add 0.75 to 3.50,111.14,74.09,L25,DSHC hard coat,13,ZEISS book p19; Polarised Grey/ Brown/ Pioneer; range confirmed by ZEISS product guide; book $118.55 L20
ZEISS,ZEISS,SmartLife Progressive Superb 1.50,,Progressive,1.50,AdaptiveSun PhotoFusion,Freeform,grind,,-7.00,+5.00,-4.00,7.00,sphere,0.75,3.50,Add 0.75 to 3.50,163.78,109.19,L25,DuraVision Plus Gold UV,13,ZEISS book p19; AdaptiveSun PhotoFusion Grey/ Brown/ Pioneer/Blue; range confirmed by ZEISS product guide; book $174.70 L20
ZEISS,ZEISS,SmartLife Progressive Superb 1.50,,Progressive,1.50,AdaptiveSun PhotoFusion,Freeform,grind,,-7.00,+5.00,-4.00,7.00,sphere,0.75,3.50,Add 0.75 to 3.50,163.22,108.81,L25,DuraVision Plus Platinum UV,13,ZEISS book p19; AdaptiveSun PhotoFusion Grey/ Brown/ Pioneer/Blue; range confirmed by ZEISS product guide; book $174.10 L20
ZEISS,ZEISS,SmartLife Progressive Superb 1.50,,Progressive,1.50,AdaptiveSun PhotoFusion,Freeform,grind,,-7.00,+5.00,-4.00,7.00,sphere,0.75,3.50,Add 0.75 to 3.50,160.83,107.22,L25,DuraVision Plus Chrome UV,13,ZEISS book p19; AdaptiveSun PhotoFusion Grey/ Brown/ Pioneer/Blue; range confirmed by ZEISS product guide; book $171.55 L20
ZEISS,ZEISS,SmartLife Progressive Superb 1.50,,Progressive,1.50,AdaptiveSun PhotoFusion,Freeform,grind,,-7.00,+5.00,-4.00,7.00,sphere,0.75,3.50,Add 0.75 to 3.50,135.28,90.19,L25,DSHC hard coat,13,ZEISS book p19; AdaptiveSun PhotoFusion Grey/ Brown/ Pioneer/Blue; range confirmed by ZEISS product guide; book $144.30 L20
ZEISS,ZEISS,SmartLife Progressive Superb 1.50,,Progressive,1.50,AdaptiveSun Polarised,Freeform,grind,,-8.00,+5.00,-4.00,8.00,sphere,0.75,3.50,Add 0.75 to 3.50,166.31,110.88,L25,DuraVision Plus Gold UV,13,ZEISS book p19; AdaptiveSun Polarised Grey/ Brown/ Pioneer; range confirmed by ZEISS product guide; book $177.40 L20
ZEISS,ZEISS,SmartLife Progressive Superb 1.50,,Progressive,1.50,AdaptiveSun Polarised,Freeform,grind,,-8.00,+5.00,-4.00,8.00,sphere,0.75,3.50,Add 0.75 to 3.50,165.75,110.50,L25,DuraVision Plus Platinum UV,13,ZEISS book p19; AdaptiveSun Polarised Grey/ Brown/ Pioneer; range confirmed by ZEISS product guide; book $176.80 L20
ZEISS,ZEISS,SmartLife Progressive Superb 1.50,,Progressive,1.50,AdaptiveSun Polarised,Freeform,grind,,-8.00,+5.00,-4.00,8.00,sphere,0.75,3.50,Add 0.75 to 3.50,163.36,108.91,L25,DuraVision Plus Chrome UV,13,ZEISS book p19; AdaptiveSun Polarised Grey/ Brown/ Pioneer; range confirmed by ZEISS product guide; book $174.25 L20
ZEISS,ZEISS,SmartLife Progressive Superb 1.50,,Progressive,1.50,AdaptiveSun Polarised,Freeform,grind,,-8.00,+5.00,-4.00,8.00,sphere,0.75,3.50,Add 0.75 to 3.50,164.77,109.84,L25,DuraVision Plus Sun UV,13,ZEISS book p19; AdaptiveSun Polarised Grey/ Brown/ Pioneer; range confirmed by ZEISS product guide; book $175.75 L20
ZEISS,ZEISS,SmartLife Progressive Superb 1.50,,Progressive,1.50,AdaptiveSun Polarised,Freeform,grind,,-8.00,+5.00,-4.00,8.00,sphere,0.75,3.50,Add 0.75 to 3.50,137.81,91.88,L25,DSHC hard coat,13,ZEISS book p19; AdaptiveSun Polarised Grey/ Brown/ Pioneer; range confirmed by ZEISS product guide; book $147.00 L20
ZEISS,ZEISS,SmartLife Progressive Superb 1.53,,Progressive,1.53,Clear,Freeform,grind,,-7.00,+5.00,-4.00,7.00,sphere,0.75,3.50,Add 0.75 to 3.50,129.66,86.44,L25,DuraVision Plus Gold UV,13,ZEISS book p19; Clear; range confirmed by ZEISS product guide; book $138.30 L20
ZEISS,ZEISS,SmartLife Progressive Superb 1.53,25574,Progressive,1.53,Clear,Freeform,grind,,-7.00,+5.00,-4.00,7.00,sphere,0.75,3.50,Add 0.75 to 3.50,85.00,,deal,DuraVision Plus Platinum UV,13,ZEISS book p19; Clear; range confirmed by ZEISS product guide; deal price fixed for the term (book $137.70 L20)
ZEISS,ZEISS,SmartLife Progressive Superb 1.53,,Progressive,1.53,Clear,Freeform,grind,,-7.00,+5.00,-4.00,7.00,sphere,0.75,3.50,Add 0.75 to 3.50,126.70,84.47,L25,DuraVision Plus Chrome UV,13,ZEISS book p19; Clear; range confirmed by ZEISS product guide; book $135.15 L20
ZEISS,ZEISS,SmartLife Progressive Superb 1.53,,Progressive,1.53,Clear,Freeform,grind,,-7.00,+5.00,-4.00,7.00,sphere,0.75,3.50,Add 0.75 to 3.50,101.16,67.44,L25,DSHC hard coat,13,ZEISS book p19; Clear; range confirmed by ZEISS product guide; book $107.90 L20
ZEISS,ZEISS,SmartLife Progressive Superb 1.53,,Progressive,1.53,Polarised,Freeform,grind,,-7.00,+5.00,-4.00,7.00,sphere,0.75,3.50,Add 0.75 to 3.50,159.66,106.44,L25,DuraVision Plus Gold UV,13,ZEISS book p19; Polarised Grey/ Brown; range confirmed by ZEISS product guide; book $170.30 L20
ZEISS,ZEISS,SmartLife Progressive Superb 1.53,58429,Progressive,1.53,Polarised,Freeform,grind,,-7.00,+5.00,-4.00,7.00,sphere,0.75,3.50,Add 0.75 to 3.50,110.00,,deal,DuraVision Plus Platinum UV,13,ZEISS book p19; Polarised Grey/ Brown; range confirmed by ZEISS product guide; deal price fixed for the term (book $169.70 L20)
ZEISS,ZEISS,SmartLife Progressive Superb 1.53,,Progressive,1.53,Polarised,Freeform,grind,,-7.00,+5.00,-4.00,7.00,sphere,0.75,3.50,Add 0.75 to 3.50,156.70,104.47,L25,DuraVision Plus Chrome UV,13,ZEISS book p19; Polarised Grey/ Brown; range confirmed by ZEISS product guide; book $167.15 L20
ZEISS,ZEISS,SmartLife Progressive Superb 1.53,,Progressive,1.53,Polarised,Freeform,grind,,-7.00,+5.00,-4.00,7.00,sphere,0.75,3.50,Add 0.75 to 3.50,158.11,105.41,L25,DuraVision Plus Sun UV,13,ZEISS book p19; Polarised Grey/ Brown; range confirmed by ZEISS product guide; book $168.65 L20
ZEISS,ZEISS,SmartLife Progressive Superb 1.53,,Progressive,1.53,Polarised,Freeform,grind,,-7.00,+5.00,-4.00,7.00,sphere,0.75,3.50,Add 0.75 to 3.50,131.16,87.44,L25,DSHC hard coat,13,ZEISS book p19; Polarised Grey/ Brown; range confirmed by ZEISS product guide; book $139.90 L20
ZEISS,ZEISS,SmartLife Progressive Superb 1.59,,Progressive,1.59,Clear,Freeform,grind,,-10.00,+6.00,-6.00,10.00,sphere,0.75,4.00,Add 0.75 to 4.00,136.36,90.91,L25,DuraVision Plus Gold UV,13,ZEISS book p19; Clear; range confirmed by ZEISS product guide; book $145.45 L20
ZEISS,ZEISS,SmartLife Progressive Superb 1.59,,Progressive,1.59,Clear,Freeform,grind,,-10.00,+6.00,-6.00,10.00,sphere,0.75,4.00,Add 0.75 to 4.00,135.80,90.53,L25,DuraVision Plus Platinum UV,13,ZEISS book p19; Clear; range confirmed by ZEISS product guide; book $144.85 L20
ZEISS,ZEISS,SmartLife Progressive Superb 1.59,,Progressive,1.59,Clear,Freeform,grind,,-10.00,+6.00,-6.00,10.00,sphere,0.75,4.00,Add 0.75 to 4.00,133.41,88.94,L25,DuraVision Plus Chrome UV,13,ZEISS book p19; Clear; range confirmed by ZEISS product guide; book $142.30 L20
ZEISS,ZEISS,SmartLife Progressive Superb 1.59,,Progressive,1.59,Clear,Freeform,grind,,-10.00,+6.00,-6.00,10.00,sphere,0.75,4.00,Add 0.75 to 4.00,107.86,71.91,L25,DSHC hard coat,13,ZEISS book p19; Clear; range confirmed by ZEISS product guide; book $115.05 L20
ZEISS,ZEISS,SmartLife Progressive Superb 1.59,,Progressive,1.59,PhotoFusionX,Freeform,grind,,-10.00,+6.00,-6.00,10.00,sphere,0.75,4.00,Add 0.75 to 4.00,165.47,110.31,L25,DuraVision Plus Gold UV,13,ZEISS book p19; PhotoFusionX Grey/Brown/Pioneer/Extra Grey/Blue/Burgundy/Black; range confirmed by ZEISS product guide; book $176.50 L20
ZEISS,ZEISS,SmartLife Progressive Superb 1.59,,Progressive,1.59,PhotoFusionX,Freeform,grind,,-10.00,+6.00,-6.00,10.00,sphere,0.75,4.00,Add 0.75 to 4.00,164.91,109.94,L25,DuraVision Plus Platinum UV,13,ZEISS book p19; PhotoFusionX Grey/Brown/Pioneer/Extra Grey/Blue/Burgundy/Black; range confirmed by ZEISS product guide; book $175.90 L20
ZEISS,ZEISS,SmartLife Progressive Superb 1.59,,Progressive,1.59,PhotoFusionX,Freeform,grind,,-10.00,+6.00,-6.00,10.00,sphere,0.75,4.00,Add 0.75 to 4.00,162.52,108.34,L25,DuraVision Plus Chrome UV,13,ZEISS book p19; PhotoFusionX Grey/Brown/Pioneer/Extra Grey/Blue/Burgundy/Black; range confirmed by ZEISS product guide; book $173.35 L20
ZEISS,ZEISS,SmartLife Progressive Superb 1.59,,Progressive,1.59,PhotoFusionX,Freeform,grind,,-10.00,+6.00,-6.00,10.00,sphere,0.75,4.00,Add 0.75 to 4.00,136.97,91.31,L25,DSHC hard coat,13,ZEISS book p19; PhotoFusionX Grey/Brown/Pioneer/Extra Grey/Blue/Burgundy/Black; range confirmed by ZEISS product guide; book $146.10 L20
ZEISS,ZEISS,SmartLife Progressive Superb 1.59,,Progressive,1.59,Polarised,Freeform,grind,,-10.00,+6.00,-4.00,10.00,sphere,0.75,3.50,Add 0.75 to 3.50,166.36,110.91,L25,DuraVision Plus Gold UV,13,ZEISS book p19; Polarised Grey/ Brown; range confirmed by ZEISS product guide; book $177.45 L20
ZEISS,ZEISS,SmartLife Progressive Superb 1.59,,Progressive,1.59,Polarised,Freeform,grind,,-10.00,+6.00,-4.00,10.00,sphere,0.75,3.50,Add 0.75 to 3.50,165.80,110.53,L25,DuraVision Plus Platinum UV,13,ZEISS book p19; Polarised Grey/ Brown; range confirmed by ZEISS product guide; book $176.85 L20
ZEISS,ZEISS,SmartLife Progressive Superb 1.59,,Progressive,1.59,Polarised,Freeform,grind,,-10.00,+6.00,-4.00,10.00,sphere,0.75,3.50,Add 0.75 to 3.50,163.41,108.94,L25,DuraVision Plus Chrome UV,13,ZEISS book p19; Polarised Grey/ Brown; range confirmed by ZEISS product guide; book $174.30 L20
ZEISS,ZEISS,SmartLife Progressive Superb 1.59,,Progressive,1.59,Polarised,Freeform,grind,,-10.00,+6.00,-4.00,10.00,sphere,0.75,3.50,Add 0.75 to 3.50,164.81,109.88,L25,DuraVision Plus Sun UV,13,ZEISS book p19; Polarised Grey/ Brown; range confirmed by ZEISS product guide; book $175.80 L20
ZEISS,ZEISS,SmartLife Progressive Superb 1.59,,Progressive,1.59,Polarised,Freeform,grind,,-10.00,+6.00,-4.00,10.00,sphere,0.75,3.50,Add 0.75 to 3.50,137.86,91.91,L25,DSHC hard coat,13,ZEISS book p19; Polarised Grey/ Brown; range confirmed by ZEISS product guide; book $147.05 L20
ZEISS,ZEISS,SmartLife Progressive Superb 1.60,,Progressive,1.60,Clear,Freeform,grind,,-10.00,+10.00,-6.00,10.00,sphere,0.75,4.00,Add 0.75 to 4.00,136.36,90.91,L25,DuraVision Plus Gold UV,13,"ZEISS book p19; Clear; RANGE DIFFERS — product guide prints -10.00 to +6.00, cyl -6.00, max combined -10.00 — confirm in VISUSTORE; book $145.45 L20"
ZEISS,ZEISS,SmartLife Progressive Superb 1.60,25543,Progressive,1.60,Clear,Freeform,grind,,-10.00,+10.00,-6.00,10.00,sphere,0.75,4.00,Add 0.75 to 4.00,110.00,,deal,DuraVision Plus Platinum UV,13,"ZEISS book p19; Clear; RANGE DIFFERS — product guide prints -10.00 to +6.00, cyl -6.00, max combined -10.00 — confirm in VISUSTORE; deal price fixed for the term (book $144.85 L20)"
ZEISS,ZEISS,SmartLife Progressive Superb 1.60,,Progressive,1.60,Clear,Freeform,grind,,-10.00,+10.00,-6.00,10.00,sphere,0.75,4.00,Add 0.75 to 4.00,133.41,88.94,L25,DuraVision Plus Chrome UV,13,"ZEISS book p19; Clear; RANGE DIFFERS — product guide prints -10.00 to +6.00, cyl -6.00, max combined -10.00 — confirm in VISUSTORE; book $142.30 L20"
ZEISS,ZEISS,SmartLife Progressive Superb 1.60,,Progressive,1.60,Clear,Freeform,grind,,-10.00,+10.00,-6.00,10.00,sphere,0.75,4.00,Add 0.75 to 4.00,107.86,71.91,L25,DSHC hard coat,13,"ZEISS book p19; Clear; RANGE DIFFERS — product guide prints -10.00 to +6.00, cyl -6.00, max combined -10.00 — confirm in VISUSTORE; book $115.05 L20"
ZEISS,ZEISS,SmartLife Progressive Superb 1.60,,Progressive,1.60,Clear BluePro,Freeform,grind,,-12.00,+8.00,-6.00,12.00,sphere,0.75,4.00,Add 0.75 to 4.00,138.47,92.31,L25,DuraVision Plus Gold UV,13,"ZEISS book p19; Clear BluePro; RANGE DIFFERS — product guide prints -10.00 to +6.00, cyl -6.00, max combined -10.00 — confirm in VISUSTORE; book $147.70 L20"
ZEISS,ZEISS,SmartLife Progressive Superb 1.60,36756,Progressive,1.60,Clear BluePro,Freeform,grind,,-12.00,+8.00,-6.00,12.00,sphere,0.75,4.00,Add 0.75 to 4.00,112.50,,deal,DuraVision Plus Platinum UV,13,"ZEISS book p19; Clear BluePro; RANGE DIFFERS — product guide prints -10.00 to +6.00, cyl -6.00, max combined -10.00 — confirm in VISUSTORE; deal price fixed for the term (book $147.10 L20)"
ZEISS,ZEISS,SmartLife Progressive Superb 1.60,,Progressive,1.60,Clear BluePro,Freeform,grind,,-12.00,+8.00,-6.00,12.00,sphere,0.75,4.00,Add 0.75 to 4.00,135.52,90.34,L25,DuraVision Plus Chrome UV,13,"ZEISS book p19; Clear BluePro; RANGE DIFFERS — product guide prints -10.00 to +6.00, cyl -6.00, max combined -10.00 — confirm in VISUSTORE; book $144.55 L20"
ZEISS,ZEISS,SmartLife Progressive Superb 1.60,,Progressive,1.60,PhotoFusionX,Freeform,grind,,-10.00,+6.00,-6.00,10.00,sphere,0.75,4.00,Add 0.75 to 4.00,165.47,110.31,L25,DuraVision Plus Gold UV,13,ZEISS book p19; PhotoFusionX Grey/Brown/Pioneer/Extra Grey/Blue/Burgundy/Black; range confirmed by ZEISS product guide; book $176.50 L20
ZEISS,ZEISS,SmartLife Progressive Superb 1.60,55142,Progressive,1.60,PhotoFusionX,Freeform,grind,,-10.00,+6.00,-6.00,10.00,sphere,0.75,4.00,Add 0.75 to 4.00,135.00,,deal,DuraVision Plus Platinum UV,13,ZEISS book p19; PhotoFusionX Grey/Brown/Pioneer/Extra Grey/Blue/Burgundy/Black; range confirmed by ZEISS product guide; deal price fixed for the term (book $175.90 L20)
ZEISS,ZEISS,SmartLife Progressive Superb 1.60,,Progressive,1.60,PhotoFusionX,Freeform,grind,,-10.00,+6.00,-6.00,10.00,sphere,0.75,4.00,Add 0.75 to 4.00,162.52,108.34,L25,DuraVision Plus Chrome UV,13,ZEISS book p19; PhotoFusionX Grey/Brown/Pioneer/Extra Grey/Blue/Burgundy/Black; range confirmed by ZEISS product guide; book $173.35 L20
ZEISS,ZEISS,SmartLife Progressive Superb 1.60,,Progressive,1.60,PhotoFusionX,Freeform,grind,,-10.00,+6.00,-6.00,10.00,sphere,0.75,4.00,Add 0.75 to 4.00,136.97,91.31,L25,DSHC hard coat,13,ZEISS book p19; PhotoFusionX Grey/Brown/Pioneer/Extra Grey/Blue/Burgundy/Black; range confirmed by ZEISS product guide; book $146.10 L20
ZEISS,ZEISS,SmartLife Progressive Superb 1.60,,Progressive,1.60,Polarised,Freeform,grind,,-11.00,+6.00,-6.00,11.00,sphere,0.75,3.50,Add 0.75 to 3.50,166.36,110.91,L25,DuraVision Plus Gold UV,13,ZEISS book p19; Polarised Grey/ Brown/ Pioneer; range confirmed by ZEISS product guide; book $177.45 L20
ZEISS,ZEISS,SmartLife Progressive Superb 1.60,58425,Progressive,1.60,Polarised,Freeform,grind,,-11.00,+6.00,-6.00,11.00,sphere,0.75,3.50,Add 0.75 to 3.50,135.00,,deal,DuraVision Plus Platinum UV,13,ZEISS book p19; Polarised Grey/ Brown/ Pioneer; range confirmed by ZEISS product guide; deal price fixed for the term (book $176.85 L20)
ZEISS,ZEISS,SmartLife Progressive Superb 1.60,,Progressive,1.60,Polarised,Freeform,grind,,-11.00,+6.00,-6.00,11.00,sphere,0.75,3.50,Add 0.75 to 3.50,163.41,108.94,L25,DuraVision Plus Chrome UV,13,ZEISS book p19; Polarised Grey/ Brown/ Pioneer; range confirmed by ZEISS product guide; book $174.30 L20
ZEISS,ZEISS,SmartLife Progressive Superb 1.60,,Progressive,1.60,Polarised,Freeform,grind,,-11.00,+6.00,-6.00,11.00,sphere,0.75,3.50,Add 0.75 to 3.50,164.81,109.88,L25,DuraVision Plus Sun UV,13,ZEISS book p19; Polarised Grey/ Brown/ Pioneer; range confirmed by ZEISS product guide; book $175.80 L20
ZEISS,ZEISS,SmartLife Progressive Superb 1.60,,Progressive,1.60,Polarised,Freeform,grind,,-11.00,+6.00,-6.00,11.00,sphere,0.75,3.50,Add 0.75 to 3.50,137.86,91.91,L25,DSHC hard coat,13,ZEISS book p19; Polarised Grey/ Brown/ Pioneer; range confirmed by ZEISS product guide; book $147.05 L20
ZEISS,ZEISS,SmartLife Progressive Superb 1.60,,Progressive,1.60,AdaptiveSun PhotoFusion,Freeform,grind,,-10.00,+6.00,-6.00,10.00,sphere,0.75,4.00,Add 0.75 to 4.00,190.45,126.97,L25,DuraVision Plus Gold UV,13,ZEISS book p19; AdaptiveSun PhotoFusion Grey/ Brown/ Pioneer/Blue; range confirmed by ZEISS product guide; book $203.15 L20
ZEISS,ZEISS,SmartLife Progressive Superb 1.60,,Progressive,1.60,AdaptiveSun PhotoFusion,Freeform,grind,,-10.00,+6.00,-6.00,10.00,sphere,0.75,4.00,Add 0.75 to 4.00,189.89,126.59,L25,DuraVision Plus Platinum UV,13,ZEISS book p19; AdaptiveSun PhotoFusion Grey/ Brown/ Pioneer/Blue; range confirmed by ZEISS product guide; book $202.55 L20
ZEISS,ZEISS,SmartLife Progressive Superb 1.60,,Progressive,1.60,AdaptiveSun PhotoFusion,Freeform,grind,,-10.00,+6.00,-6.00,10.00,sphere,0.75,4.00,Add 0.75 to 4.00,187.50,125.00,L25,DuraVision Plus Chrome UV,13,ZEISS book p19; AdaptiveSun PhotoFusion Grey/ Brown/ Pioneer/Blue; range confirmed by ZEISS product guide; book $200.00 L20
ZEISS,ZEISS,SmartLife Progressive Superb 1.60,,Progressive,1.60,AdaptiveSun PhotoFusion,Freeform,grind,,-10.00,+6.00,-6.00,10.00,sphere,0.75,4.00,Add 0.75 to 4.00,161.95,107.97,L25,DSHC hard coat,13,ZEISS book p19; AdaptiveSun PhotoFusion Grey/ Brown/ Pioneer/Blue; range confirmed by ZEISS product guide; book $172.75 L20
ZEISS,ZEISS,SmartLife Progressive Superb 1.60,,Progressive,1.60,AdaptiveSun Polarised,Freeform,grind,,-11.00,+6.00,-6.00,11.00,sphere,0.75,3.50,Add 0.75 to 3.50,192.98,128.66,L25,DuraVision Plus Gold UV,13,ZEISS book p19; AdaptiveSun Polarised Grey/ Brown/ Pioneer; range confirmed by ZEISS product guide; book $205.85 L20
ZEISS,ZEISS,SmartLife Progressive Superb 1.60,,Progressive,1.60,AdaptiveSun Polarised,Freeform,grind,,-11.00,+6.00,-6.00,11.00,sphere,0.75,3.50,Add 0.75 to 3.50,192.42,128.28,L25,DuraVision Plus Platinum UV,13,ZEISS book p19; AdaptiveSun Polarised Grey/ Brown/ Pioneer; range confirmed by ZEISS product guide; book $205.25 L20
ZEISS,ZEISS,SmartLife Progressive Superb 1.60,,Progressive,1.60,AdaptiveSun Polarised,Freeform,grind,,-11.00,+6.00,-6.00,11.00,sphere,0.75,3.50,Add 0.75 to 3.50,190.03,126.69,L25,DuraVision Plus Chrome UV,13,ZEISS book p19; AdaptiveSun Polarised Grey/ Brown/ Pioneer; range confirmed by ZEISS product guide; book $202.70 L20
ZEISS,ZEISS,SmartLife Progressive Superb 1.60,,Progressive,1.60,AdaptiveSun Polarised,Freeform,grind,,-11.00,+6.00,-6.00,11.00,sphere,0.75,3.50,Add 0.75 to 3.50,191.44,127.62,L25,DuraVision Plus Sun UV,13,ZEISS book p19; AdaptiveSun Polarised Grey/ Brown/ Pioneer; range confirmed by ZEISS product guide; book $204.20 L20
ZEISS,ZEISS,SmartLife Progressive Superb 1.60,,Progressive,1.60,AdaptiveSun Polarised,Freeform,grind,,-11.00,+6.00,-6.00,11.00,sphere,0.75,3.50,Add 0.75 to 3.50,164.48,109.66,L25,DSHC hard coat,13,ZEISS book p19; AdaptiveSun Polarised Grey/ Brown/ Pioneer; range confirmed by ZEISS product guide; book $175.45 L20
ZEISS,ZEISS,SmartLife Progressive Superb 1.67,,Progressive,1.67,Clear,Freeform,grind,,-17.00,+8.00,-6.00,17.00,sphere,0.75,3.50,Add 0.75 to 3.50,157.17,104.78,L25,DuraVision Plus Gold UV,13,"ZEISS book p19; Clear; RANGE DIFFERS — product guide prints -12.00 to +8.00, cyl -6.00, max combined -12.00 — confirm in VISUSTORE; book $167.65 L20"
ZEISS,ZEISS,SmartLife Progressive Superb 1.67,25522,Progressive,1.67,Clear,Freeform,grind,,-17.00,+8.00,-6.00,17.00,sphere,0.75,3.50,Add 0.75 to 3.50,120.00,,deal,DuraVision Plus Platinum UV,13,"ZEISS book p19; Clear; RANGE DIFFERS — product guide prints -12.00 to +8.00, cyl -6.00, max combined -12.00 — confirm in VISUSTORE; deal price fixed for the term (book $167.05 L20)"
ZEISS,ZEISS,SmartLife Progressive Superb 1.67,,Progressive,1.67,Clear,Freeform,grind,,-17.00,+8.00,-6.00,17.00,sphere,0.75,3.50,Add 0.75 to 3.50,154.22,102.81,L25,DuraVision Plus Chrome UV,13,"ZEISS book p19; Clear; RANGE DIFFERS — product guide prints -12.00 to +8.00, cyl -6.00, max combined -12.00 — confirm in VISUSTORE; book $164.50 L20"
ZEISS,ZEISS,SmartLife Progressive Superb 1.67,,Progressive,1.67,Clear BluePro,Freeform,grind,,-12.00,+8.00,-6.00,12.00,sphere,0.75,3.50,Add 0.75 to 3.50,159.28,106.19,L25,DuraVision Plus Gold UV,13,ZEISS book p19; Clear BluePro; range confirmed by ZEISS product guide; book $169.90 L20
ZEISS,ZEISS,SmartLife Progressive Superb 1.67,36755,Progressive,1.67,Clear BluePro,Freeform,grind,,-12.00,+8.00,-6.00,12.00,sphere,0.75,3.50,Add 0.75 to 3.50,122.50,,deal,DuraVision Plus Platinum UV,13,ZEISS book p19; Clear BluePro; range confirmed by ZEISS product guide; deal price fixed for the term (book $169.30 L20)
ZEISS,ZEISS,SmartLife Progressive Superb 1.67,,Progressive,1.67,Clear BluePro,Freeform,grind,,-12.00,+8.00,-6.00,12.00,sphere,0.75,3.50,Add 0.75 to 3.50,156.33,104.22,L25,DuraVision Plus Chrome UV,13,ZEISS book p19; Clear BluePro; range confirmed by ZEISS product guide; book $166.75 L20
ZEISS,ZEISS,SmartLife Progressive Superb 1.67,,Progressive,1.67,PhotoFusionX,Freeform,grind,,-12.00,+8.00,-6.00,12.00,sphere,0.75,3.50,Add 0.75 to 3.50,186.28,124.19,L25,DuraVision Plus Gold UV,13,ZEISS book p19; PhotoFusionX Grey/Brown/Pioneer/Extra Grey/Blue/Burgundy/Black; range confirmed by ZEISS product guide; book $198.70 L20
ZEISS,ZEISS,SmartLife Progressive Superb 1.67,55141,Progressive,1.67,PhotoFusionX,Freeform,grind,,-12.00,+8.00,-6.00,12.00,sphere,0.75,3.50,Add 0.75 to 3.50,145.00,,deal,DuraVision Plus Platinum UV,13,ZEISS book p19; PhotoFusionX Grey/Brown/Pioneer/Extra Grey/Blue/Burgundy/Black; range confirmed by ZEISS product guide; deal price fixed for the term (book $198.10 L20)
ZEISS,ZEISS,SmartLife Progressive Superb 1.67,,Progressive,1.67,PhotoFusionX,Freeform,grind,,-12.00,+8.00,-6.00,12.00,sphere,0.75,3.50,Add 0.75 to 3.50,183.33,122.22,L25,DuraVision Plus Chrome UV,13,ZEISS book p19; PhotoFusionX Grey/Brown/Pioneer/Extra Grey/Blue/Burgundy/Black; range confirmed by ZEISS product guide; book $195.55 L20
ZEISS,ZEISS,SmartLife Progressive Superb 1.67,,Progressive,1.67,Polarised,Freeform,grind,,-12.00,+8.00,-6.00,12.00,sphere,0.75,3.50,Add 0.75 to 3.50,187.17,124.78,L25,DuraVision Plus Gold UV,13,ZEISS book p19; Polarised Grey/ Brown/ Pioneer; range confirmed by ZEISS product guide; book $199.65 L20
ZEISS,ZEISS,SmartLife Progressive Superb 1.67,58423,Progressive,1.67,Polarised,Freeform,grind,,-12.00,+8.00,-6.00,12.00,sphere,0.75,3.50,Add 0.75 to 3.50,145.00,,deal,DuraVision Plus Platinum UV,13,ZEISS book p19; Polarised Grey/ Brown/ Pioneer; range confirmed by ZEISS product guide; deal price fixed for the term (book $199.05 L20)
ZEISS,ZEISS,SmartLife Progressive Superb 1.67,,Progressive,1.67,Polarised,Freeform,grind,,-12.00,+8.00,-6.00,12.00,sphere,0.75,3.50,Add 0.75 to 3.50,184.22,122.81,L25,DuraVision Plus Chrome UV,13,ZEISS book p19; Polarised Grey/ Brown/ Pioneer; range confirmed by ZEISS product guide; book $196.50 L20
ZEISS,ZEISS,SmartLife Progressive Superb 1.67,,Progressive,1.67,Polarised,Freeform,grind,,-12.00,+8.00,-6.00,12.00,sphere,0.75,3.50,Add 0.75 to 3.50,185.62,123.75,L25,DuraVision Plus Sun UV,13,ZEISS book p19; Polarised Grey/ Brown/ Pioneer; range confirmed by ZEISS product guide; book $198.00 L20
ZEISS,ZEISS,SmartLife Progressive Superb 1.67,,Progressive,1.67,AdaptiveSun PhotoFusion,Freeform,grind,,-12.00,+8.00,-6.00,12.00,sphere,0.75,3.50,Add 0.75 to 3.50,211.31,140.88,L25,DuraVision Plus Gold UV,13,ZEISS book p19; AdaptiveSun PhotoFusion Grey/ Brown/ Pioneer; range confirmed by ZEISS product guide; book $225.40 L20
ZEISS,ZEISS,SmartLife Progressive Superb 1.67,,Progressive,1.67,AdaptiveSun PhotoFusion,Freeform,grind,,-12.00,+8.00,-6.00,12.00,sphere,0.75,3.50,Add 0.75 to 3.50,210.75,140.50,L25,DuraVision Plus Platinum UV,13,ZEISS book p19; AdaptiveSun PhotoFusion Grey/ Brown/ Pioneer; range confirmed by ZEISS product guide; book $224.80 L20
ZEISS,ZEISS,SmartLife Progressive Superb 1.67,,Progressive,1.67,AdaptiveSun PhotoFusion,Freeform,grind,,-12.00,+8.00,-6.00,12.00,sphere,0.75,3.50,Add 0.75 to 3.50,208.36,138.91,L25,DuraVision Plus Chrome UV,13,ZEISS book p19; AdaptiveSun PhotoFusion Grey/ Brown/ Pioneer; range confirmed by ZEISS product guide; book $222.25 L20
ZEISS,ZEISS,SmartLife Progressive Superb 1.74,,Progressive,1.74,Clear,Freeform,grind,,-20.00,+16.00,-6.00,20.00,sphere,0.75,3.50,Add 0.75 to 3.50,178.03,118.69,L25,DuraVision Plus Gold UV,13,ZEISS book p19; Clear; range confirmed by ZEISS product guide; book $189.90 L20
ZEISS,ZEISS,SmartLife Progressive Superb 1.74,25504,Progressive,1.74,Clear,Freeform,grind,,-20.00,+16.00,-6.00,20.00,sphere,0.75,3.50,Add 0.75 to 3.50,125.00,,deal,DuraVision Plus Platinum UV,13,ZEISS book p19; Clear; range confirmed by ZEISS product guide; deal price fixed for the term (book $189.30 L20)
ZEISS,ZEISS,SmartLife Progressive Superb 1.74,,Progressive,1.74,Clear,Freeform,grind,,-20.00,+16.00,-6.00,20.00,sphere,0.75,3.50,Add 0.75 to 3.50,175.08,116.72,L25,DuraVision Plus Chrome UV,13,ZEISS book p19; Clear; range confirmed by ZEISS product guide; book $186.75 L20
ZEISS,ZEISS,SmartLife Progressive Superb 1.74,,Progressive,1.74,Clear BluePro,Freeform,grind,,-20.00,+16.00,-6.00,20.00,sphere,0.75,3.50,Add 0.75 to 3.50,180.09,120.06,L25,DuraVision Plus Gold UV,13,ZEISS book p19; Clear BluePro; range confirmed by ZEISS product guide; book $192.10 L20
ZEISS,ZEISS,SmartLife Progressive Superb 1.74,36754,Progressive,1.74,Clear BluePro,Freeform,grind,,-20.00,+16.00,-6.00,20.00,sphere,0.75,3.50,Add 0.75 to 3.50,127.50,,deal,DuraVision Plus Platinum UV,13,ZEISS book p19; Clear BluePro; range confirmed by ZEISS product guide; deal price fixed for the term (book $191.50 L20)
ZEISS,ZEISS,SmartLife Progressive Superb 1.74,,Progressive,1.74,Clear BluePro,Freeform,grind,,-20.00,+16.00,-6.00,20.00,sphere,0.75,3.50,Add 0.75 to 3.50,177.14,118.09,L25,DuraVision Plus Chrome UV,13,ZEISS book p19; Clear BluePro; range confirmed by ZEISS product guide; book $188.95 L20
ZEISS,ZEISS,SmartLife Progressive Superb 1.74,,Progressive,1.74,PhotoFusionX,Freeform,grind,,-14.00,+9.00,-6.00,14.00,sphere,0.75,3.50,Add 0.75 to 3.50,206.39,137.59,L25,DuraVision Plus Gold UV,13,ZEISS book p19; PhotoFusionX Grey/Brown/Extra Grey/Black; book $220.15 L20
ZEISS,ZEISS,SmartLife Progressive Superb 1.74,55140,Progressive,1.74,PhotoFusionX,Freeform,grind,,-14.00,+9.00,-6.00,14.00,sphere,0.75,3.50,Add 0.75 to 3.50,150.00,,deal,DuraVision Plus Platinum UV,13,ZEISS book p19; PhotoFusionX Grey/Brown/Extra Grey/Black; deal price fixed for the term (book $219.55 L20)
ZEISS,ZEISS,SmartLife Progressive Superb 1.74,,Progressive,1.74,PhotoFusionX,Freeform,grind,,-14.00,+9.00,-6.00,14.00,sphere,0.75,3.50,Add 0.75 to 3.50,203.44,135.62,L25,DuraVision Plus Chrome UV,13,ZEISS book p19; PhotoFusionX Grey/Brown/Extra Grey/Black; book $217.00 L20
ZEISS,ZEISS,SmartLife Progressive Plus 1.50,,Progressive,1.50,Clear,Freeform,grind,,-7.00,+6.00,-4.00,7.00,sphere,0.75,3.50,Add 0.75 to 3.50,104.39,69.59,L25,DuraVision Plus Gold UV,13,ZEISS book p20; Clear; book $111.35 L20
ZEISS,ZEISS,SmartLife Progressive Plus 1.50,,Progressive,1.50,Clear,Freeform,grind,,-7.00,+6.00,-4.00,7.00,sphere,0.75,3.50,Add 0.75 to 3.50,103.83,69.22,L25,DuraVision Plus Platinum UV,13,ZEISS book p20; Clear; book $110.75 L20
ZEISS,ZEISS,SmartLife Progressive Plus 1.50,,Progressive,1.50,Clear,Freeform,grind,,-7.00,+6.00,-4.00,7.00,sphere,0.75,3.50,Add 0.75 to 3.50,101.44,67.62,L25,DuraVision Plus Chrome UV,13,ZEISS book p20; Clear; book $108.20 L20
ZEISS,ZEISS,SmartLife Progressive Plus 1.50,,Progressive,1.50,Clear,Freeform,grind,,-7.00,+6.00,-4.00,7.00,sphere,0.75,3.50,Add 0.75 to 3.50,75.89,50.59,L25,DSHC hard coat,13,ZEISS book p20; Clear; book $80.95 L20
ZEISS,ZEISS,SmartLife Progressive Plus 1.50,,Progressive,1.50,Clear BluePro,Freeform,grind,,-7.00,+6.00,-4.00,7.00,sphere,0.75,3.50,Add 0.75 to 3.50,106.50,71.00,L25,DuraVision Plus Gold UV,13,ZEISS book p20; Clear BluePro; book $113.60 L20
ZEISS,ZEISS,SmartLife Progressive Plus 1.50,,Progressive,1.50,Clear BluePro,Freeform,grind,,-7.00,+6.00,-4.00,7.00,sphere,0.75,3.50,Add 0.75 to 3.50,105.94,70.62,L25,DuraVision Plus Platinum UV,13,ZEISS book p20; Clear BluePro; book $113.00 L20
ZEISS,ZEISS,SmartLife Progressive Plus 1.50,,Progressive,1.50,Clear BluePro,Freeform,grind,,-7.00,+6.00,-4.00,7.00,sphere,0.75,3.50,Add 0.75 to 3.50,103.55,69.03,L25,DuraVision Plus Chrome UV,13,ZEISS book p20; Clear BluePro; book $110.45 L20
ZEISS,ZEISS,SmartLife Progressive Plus 1.50,,Progressive,1.50,PhotoFusionX,Freeform,grind,,-7.00,+5.00,-4.00,7.00,sphere,0.75,3.50,Add 0.75 to 3.50,133.55,89.03,L25,DuraVision Plus Gold UV,13,ZEISS book p20; PhotoFusionX Grey/Brown/Pioneer/Extra Grey/Blue/Burgundy/Black; book $142.45 L20
ZEISS,ZEISS,SmartLife Progressive Plus 1.50,,Progressive,1.50,PhotoFusionX,Freeform,grind,,-7.00,+5.00,-4.00,7.00,sphere,0.75,3.50,Add 0.75 to 3.50,132.98,88.66,L25,DuraVision Plus Platinum UV,13,ZEISS book p20; PhotoFusionX Grey/Brown/Pioneer/Extra Grey/Blue/Burgundy/Black; book $141.85 L20
ZEISS,ZEISS,SmartLife Progressive Plus 1.50,,Progressive,1.50,PhotoFusionX,Freeform,grind,,-7.00,+5.00,-4.00,7.00,sphere,0.75,3.50,Add 0.75 to 3.50,130.59,87.06,L25,DuraVision Plus Chrome UV,13,ZEISS book p20; PhotoFusionX Grey/Brown/Pioneer/Extra Grey/Blue/Burgundy/Black; book $139.30 L20
ZEISS,ZEISS,SmartLife Progressive Plus 1.50,,Progressive,1.50,PhotoFusionX,Freeform,grind,,-7.00,+5.00,-4.00,7.00,sphere,0.75,3.50,Add 0.75 to 3.50,105.05,70.03,L25,DSHC hard coat,13,ZEISS book p20; PhotoFusionX Grey/Brown/Pioneer/Extra Grey/Blue/Burgundy/Black; book $112.05 L20
ZEISS,ZEISS,SmartLife Progressive Plus 1.50,,Progressive,1.50,Polarised,Freeform,grind,,-8.00,+5.00,-4.00,8.00,sphere,0.75,3.50,Add 0.75 to 3.50,134.39,89.59,L25,DuraVision Plus Gold UV,13,ZEISS book p20; Polarised Grey/ Brown/ Pioneer; book $143.35 L20
ZEISS,ZEISS,SmartLife Progressive Plus 1.50,,Progressive,1.50,Polarised,Freeform,grind,,-8.00,+5.00,-4.00,8.00,sphere,0.75,3.50,Add 0.75 to 3.50,133.83,89.22,L25,DuraVision Plus Platinum UV,13,ZEISS book p20; Polarised Grey/ Brown/ Pioneer; book $142.75 L20
ZEISS,ZEISS,SmartLife Progressive Plus 1.50,,Progressive,1.50,Polarised,Freeform,grind,,-8.00,+5.00,-4.00,8.00,sphere,0.75,3.50,Add 0.75 to 3.50,131.44,87.62,L25,DuraVision Plus Chrome UV,13,ZEISS book p20; Polarised Grey/ Brown/ Pioneer; book $140.20 L20
ZEISS,ZEISS,SmartLife Progressive Plus 1.50,,Progressive,1.50,Polarised,Freeform,grind,,-8.00,+5.00,-4.00,8.00,sphere,0.75,3.50,Add 0.75 to 3.50,131.44,87.62,L25,DuraVision Plus Sun UV,13,ZEISS book p20; Polarised Grey/ Brown/ Pioneer; book $140.20 L20
ZEISS,ZEISS,SmartLife Progressive Plus 1.50,,Progressive,1.50,Polarised,Freeform,grind,,-8.00,+5.00,-4.00,8.00,sphere,0.75,3.50,Add 0.75 to 3.50,105.89,70.59,L25,DSHC hard coat,13,ZEISS book p20; Polarised Grey/ Brown/ Pioneer; book $112.95 L20
ZEISS,ZEISS,SmartLife Progressive Plus 1.50,,Progressive,1.50,AdaptiveSun PhotoFusion,Freeform,grind,,-7.00,+5.00,-4.00,7.00,sphere,0.75,3.50,Add 0.75 to 3.50,158.53,105.69,L25,DuraVision Plus Gold UV,13,ZEISS book p20; AdaptiveSun PhotoFusion Grey/ Brown/ Pioneer/Blue; book $169.10 L20
ZEISS,ZEISS,SmartLife Progressive Plus 1.50,,Progressive,1.50,AdaptiveSun PhotoFusion,Freeform,grind,,-7.00,+5.00,-4.00,7.00,sphere,0.75,3.50,Add 0.75 to 3.50,157.97,105.31,L25,DuraVision Plus Platinum UV,13,ZEISS book p20; AdaptiveSun PhotoFusion Grey/ Brown/ Pioneer/Blue; book $168.50 L20
ZEISS,ZEISS,SmartLife Progressive Plus 1.50,,Progressive,1.50,AdaptiveSun PhotoFusion,Freeform,grind,,-7.00,+5.00,-4.00,7.00,sphere,0.75,3.50,Add 0.75 to 3.50,155.58,103.72,L25,DuraVision Plus Chrome UV,13,ZEISS book p20; AdaptiveSun PhotoFusion Grey/ Brown/ Pioneer/Blue; book $165.95 L20
ZEISS,ZEISS,SmartLife Progressive Plus 1.50,,Progressive,1.50,AdaptiveSun PhotoFusion,Freeform,grind,,-7.00,+5.00,-4.00,7.00,sphere,0.75,3.50,Add 0.75 to 3.50,130.03,86.69,L25,DSHC hard coat,13,ZEISS book p20; AdaptiveSun PhotoFusion Grey/ Brown/ Pioneer/Blue; book $138.70 L20
ZEISS,ZEISS,SmartLife Progressive Plus 1.50,,Progressive,1.50,AdaptiveSun Polarised,Freeform,grind,,-8.00,+5.00,-4.00,8.00,sphere,0.75,3.50,Add 0.75 to 3.50,161.02,107.34,L25,DuraVision Plus Gold UV,13,ZEISS book p20; AdaptiveSun Polarised Grey/ Brown/ Pioneer; book $171.75 L20
ZEISS,ZEISS,SmartLife Progressive Plus 1.50,,Progressive,1.50,AdaptiveSun Polarised,Freeform,grind,,-8.00,+5.00,-4.00,8.00,sphere,0.75,3.50,Add 0.75 to 3.50,160.45,106.97,L25,DuraVision Plus Platinum UV,13,ZEISS book p20; AdaptiveSun Polarised Grey/ Brown/ Pioneer; book $171.15 L20
ZEISS,ZEISS,SmartLife Progressive Plus 1.50,,Progressive,1.50,AdaptiveSun Polarised,Freeform,grind,,-8.00,+5.00,-4.00,8.00,sphere,0.75,3.50,Add 0.75 to 3.50,158.06,105.38,L25,DuraVision Plus Chrome UV,13,ZEISS book p20; AdaptiveSun Polarised Grey/ Brown/ Pioneer; book $168.60 L20
ZEISS,ZEISS,SmartLife Progressive Plus 1.50,,Progressive,1.50,AdaptiveSun Polarised,Freeform,grind,,-8.00,+5.00,-4.00,8.00,sphere,0.75,3.50,Add 0.75 to 3.50,158.06,105.38,L25,DuraVision Plus Sun UV,13,ZEISS book p20; AdaptiveSun Polarised Grey/ Brown/ Pioneer; book $168.60 L20
ZEISS,ZEISS,SmartLife Progressive Plus 1.50,,Progressive,1.50,AdaptiveSun Polarised,Freeform,grind,,-8.00,+5.00,-4.00,8.00,sphere,0.75,3.50,Add 0.75 to 3.50,132.52,88.34,L25,DSHC hard coat,13,ZEISS book p20; AdaptiveSun Polarised Grey/ Brown/ Pioneer; book $141.35 L20
ZEISS,ZEISS,SmartLife Progressive Plus 1.53,,Progressive,1.53,Clear,Freeform,grind,,-7.00,+5.00,-4.00,7.00,sphere,0.75,3.50,Add 0.75 to 3.50,124.41,82.94,L25,DuraVision Plus Gold UV,13,ZEISS book p20; Clear; book $132.70 L20
ZEISS,ZEISS,SmartLife Progressive Plus 1.53,,Progressive,1.53,Clear,Freeform,grind,,-7.00,+5.00,-4.00,7.00,sphere,0.75,3.50,Add 0.75 to 3.50,123.84,82.56,L25,DuraVision Plus Platinum UV,13,ZEISS book p20; Clear; book $132.10 L20
ZEISS,ZEISS,SmartLife Progressive Plus 1.53,,Progressive,1.53,Clear,Freeform,grind,,-7.00,+5.00,-4.00,7.00,sphere,0.75,3.50,Add 0.75 to 3.50,121.45,80.97,L25,DuraVision Plus Chrome UV,13,ZEISS book p20; Clear; book $129.55 L20
ZEISS,ZEISS,SmartLife Progressive Plus 1.53,,Progressive,1.53,Clear,Freeform,grind,,-7.00,+5.00,-4.00,7.00,sphere,0.75,3.50,Add 0.75 to 3.50,95.91,63.94,L25,DSHC hard coat,13,ZEISS book p20; Clear; book $102.30 L20
ZEISS,ZEISS,SmartLife Progressive Plus 1.53,,Progressive,1.53,Polarised,Freeform,grind,,-7.00,+5.00,-4.00,7.00,sphere,0.75,3.50,Add 0.75 to 3.50,154.36,102.91,L25,DuraVision Plus Gold UV,13,ZEISS book p20; Polarised Grey/ Brown; book $164.65 L20
ZEISS,ZEISS,SmartLife Progressive Plus 1.53,,Progressive,1.53,Polarised,Freeform,grind,,-7.00,+5.00,-4.00,7.00,sphere,0.75,3.50,Add 0.75 to 3.50,153.80,102.53,L25,DuraVision Plus Platinum UV,13,ZEISS book p20; Polarised Grey/ Brown; book $164.05 L20
ZEISS,ZEISS,SmartLife Progressive Plus 1.53,,Progressive,1.53,Polarised,Freeform,grind,,-7.00,+5.00,-4.00,7.00,sphere,0.75,3.50,Add 0.75 to 3.50,151.41,100.94,L25,DuraVision Plus Chrome UV,13,ZEISS book p20; Polarised Grey/ Brown; book $161.50 L20
ZEISS,ZEISS,SmartLife Progressive Plus 1.53,,Progressive,1.53,Polarised,Freeform,grind,,-7.00,+5.00,-4.00,7.00,sphere,0.75,3.50,Add 0.75 to 3.50,151.41,100.94,L25,DuraVision Plus Sun UV,13,ZEISS book p20; Polarised Grey/ Brown; book $161.50 L20
ZEISS,ZEISS,SmartLife Progressive Plus 1.53,,Progressive,1.53,Polarised,Freeform,grind,,-7.00,+5.00,-4.00,7.00,sphere,0.75,3.50,Add 0.75 to 3.50,125.86,83.91,L25,DSHC hard coat,13,ZEISS book p20; Polarised Grey/ Brown; book $134.25 L20
ZEISS,ZEISS,SmartLife Progressive Plus 1.59,,Progressive,1.59,Clear,Freeform,grind,,-10.00,+6.00,-6.00,10.00,sphere,0.75,4.00,Add 0.75 to 4.00,131.06,87.38,L25,DuraVision Plus Gold UV,13,ZEISS book p20; Clear; book $139.80 L20
ZEISS,ZEISS,SmartLife Progressive Plus 1.59,,Progressive,1.59,Clear,Freeform,grind,,-10.00,+6.00,-6.00,10.00,sphere,0.75,4.00,Add 0.75 to 4.00,130.50,87.00,L25,DuraVision Plus Platinum UV,13,ZEISS book p20; Clear; book $139.20 L20
ZEISS,ZEISS,SmartLife Progressive Plus 1.59,,Progressive,1.59,Clear,Freeform,grind,,-10.00,+6.00,-6.00,10.00,sphere,0.75,4.00,Add 0.75 to 4.00,128.11,85.41,L25,DuraVision Plus Chrome UV,13,ZEISS book p20; Clear; book $136.65 L20
ZEISS,ZEISS,SmartLife Progressive Plus 1.59,,Progressive,1.59,Clear,Freeform,grind,,-10.00,+6.00,-6.00,10.00,sphere,0.75,4.00,Add 0.75 to 4.00,102.56,68.38,L25,DSHC hard coat,13,ZEISS book p20; Clear; book $109.40 L20
ZEISS,ZEISS,SmartLife Progressive Plus 1.59,,Progressive,1.59,PhotoFusionX,Freeform,grind,,-10.00,+6.00,-6.00,10.00,sphere,0.75,4.00,Add 0.75 to 4.00,160.22,106.81,L25,DuraVision Plus Gold UV,13,ZEISS book p20; PhotoFusionX Grey/Brown/Pioneer/Extra Grey/Blue/Burgundy/Black; book $170.90 L20
ZEISS,ZEISS,SmartLife Progressive Plus 1.59,,Progressive,1.59,PhotoFusionX,Freeform,grind,,-10.00,+6.00,-6.00,10.00,sphere,0.75,4.00,Add 0.75 to 4.00,159.66,106.44,L25,DuraVision Plus Platinum UV,13,ZEISS book p20; PhotoFusionX Grey/Brown/Pioneer/Extra Grey/Blue/Burgundy/Black; book $170.30 L20
ZEISS,ZEISS,SmartLife Progressive Plus 1.59,,Progressive,1.59,PhotoFusionX,Freeform,grind,,-10.00,+6.00,-6.00,10.00,sphere,0.75,4.00,Add 0.75 to 4.00,157.27,104.84,L25,DuraVision Plus Chrome UV,13,ZEISS book p20; PhotoFusionX Grey/Brown/Pioneer/Extra Grey/Blue/Burgundy/Black; book $167.75 L20
ZEISS,ZEISS,SmartLife Progressive Plus 1.59,,Progressive,1.59,PhotoFusionX,Freeform,grind,,-10.00,+6.00,-6.00,10.00,sphere,0.75,4.00,Add 0.75 to 4.00,131.72,87.81,L25,DSHC hard coat,13,ZEISS book p20; PhotoFusionX Grey/Brown/Pioneer/Extra Grey/Blue/Burgundy/Black; book $140.50 L20
ZEISS,ZEISS,SmartLife Progressive Plus 1.59,,Progressive,1.59,Polarised,Freeform,grind,,-10.00,+6.00,-4.00,10.00,sphere,0.75,3.50,Add 0.75 to 3.50,161.06,107.38,L25,DuraVision Plus Gold UV,13,ZEISS book p20; Polarised Grey/ Brown; book $171.80 L20
ZEISS,ZEISS,SmartLife Progressive Plus 1.59,,Progressive,1.59,Polarised,Freeform,grind,,-10.00,+6.00,-4.00,10.00,sphere,0.75,3.50,Add 0.75 to 3.50,160.50,107.00,L25,DuraVision Plus Platinum UV,13,ZEISS book p20; Polarised Grey/ Brown; book $171.20 L20
ZEISS,ZEISS,SmartLife Progressive Plus 1.59,,Progressive,1.59,Polarised,Freeform,grind,,-10.00,+6.00,-4.00,10.00,sphere,0.75,3.50,Add 0.75 to 3.50,158.11,105.41,L25,DuraVision Plus Chrome UV,13,ZEISS book p20; Polarised Grey/ Brown; book $168.65 L20
ZEISS,ZEISS,SmartLife Progressive Plus 1.59,,Progressive,1.59,Polarised,Freeform,grind,,-10.00,+6.00,-4.00,10.00,sphere,0.75,3.50,Add 0.75 to 3.50,158.11,105.41,L25,DuraVision Plus Sun UV,13,ZEISS book p20; Polarised Grey/ Brown; book $168.65 L20
ZEISS,ZEISS,SmartLife Progressive Plus 1.59,,Progressive,1.59,Polarised,Freeform,grind,,-10.00,+6.00,-4.00,10.00,sphere,0.75,3.50,Add 0.75 to 3.50,132.56,88.38,L25,DSHC hard coat,13,ZEISS book p20; Polarised Grey/ Brown; book $141.40 L20
ZEISS,ZEISS,SmartLife Progressive Plus 1.60,,Progressive,1.60,Clear,Freeform,grind,,-10.00,+10.00,-6.00,10.00,sphere,0.75,4.00,Add 0.75 to 4.00,131.06,87.38,L25,DuraVision Plus Gold UV,13,ZEISS book p20; Clear; book $139.80 L20
ZEISS,ZEISS,SmartLife Progressive Plus 1.60,,Progressive,1.60,Clear,Freeform,grind,,-10.00,+10.00,-6.00,10.00,sphere,0.75,4.00,Add 0.75 to 4.00,130.50,87.00,L25,DuraVision Plus Platinum UV,13,ZEISS book p20; Clear; book $139.20 L20
ZEISS,ZEISS,SmartLife Progressive Plus 1.60,,Progressive,1.60,Clear,Freeform,grind,,-10.00,+10.00,-6.00,10.00,sphere,0.75,4.00,Add 0.75 to 4.00,128.11,85.41,L25,DuraVision Plus Chrome UV,13,ZEISS book p20; Clear; book $136.65 L20
ZEISS,ZEISS,SmartLife Progressive Plus 1.60,,Progressive,1.60,Clear,Freeform,grind,,-10.00,+10.00,-6.00,10.00,sphere,0.75,4.00,Add 0.75 to 4.00,102.56,68.38,L25,DSHC hard coat,13,ZEISS book p20; Clear; book $109.40 L20
ZEISS,ZEISS,SmartLife Progressive Plus 1.60,,Progressive,1.60,Clear BluePro,Freeform,grind,,-10.00,+10.00,-6.00,10.00,sphere,0.75,4.00,Add 0.75 to 4.00,133.17,88.78,L25,DuraVision Plus Gold UV,13,ZEISS book p20; Clear BluePro; book $142.05 L20
ZEISS,ZEISS,SmartLife Progressive Plus 1.60,,Progressive,1.60,Clear BluePro,Freeform,grind,,-10.00,+10.00,-6.00,10.00,sphere,0.75,4.00,Add 0.75 to 4.00,132.61,88.41,L25,DuraVision Plus Platinum UV,13,ZEISS book p20; Clear BluePro; book $141.45 L20
ZEISS,ZEISS,SmartLife Progressive Plus 1.60,,Progressive,1.60,Clear BluePro,Freeform,grind,,-10.00,+10.00,-6.00,10.00,sphere,0.75,4.00,Add 0.75 to 4.00,130.22,86.81,L25,DuraVision Plus Chrome UV,13,ZEISS book p20; Clear BluePro; book $138.90 L20
ZEISS,ZEISS,SmartLife Progressive Plus 1.60,,Progressive,1.60,PhotoFusionX,Freeform,grind,,-10.00,+6.00,-6.00,10.00,sphere,0.75,4.00,Add 0.75 to 4.00,160.22,106.81,L25,DuraVision Plus Gold UV,13,ZEISS book p20; PhotoFusionX Grey/Brown/Pioneer/Extra Grey/Blue/Burgundy/Black; book $170.90 L20
ZEISS,ZEISS,SmartLife Progressive Plus 1.60,,Progressive,1.60,PhotoFusionX,Freeform,grind,,-10.00,+6.00,-6.00,10.00,sphere,0.75,4.00,Add 0.75 to 4.00,159.66,106.44,L25,DuraVision Plus Platinum UV,13,ZEISS book p20; PhotoFusionX Grey/Brown/Pioneer/Extra Grey/Blue/Burgundy/Black; book $170.30 L20
ZEISS,ZEISS,SmartLife Progressive Plus 1.60,,Progressive,1.60,PhotoFusionX,Freeform,grind,,-10.00,+6.00,-6.00,10.00,sphere,0.75,4.00,Add 0.75 to 4.00,157.27,104.84,L25,DuraVision Plus Chrome UV,13,ZEISS book p20; PhotoFusionX Grey/Brown/Pioneer/Extra Grey/Blue/Burgundy/Black; book $167.75 L20
ZEISS,ZEISS,SmartLife Progressive Plus 1.60,,Progressive,1.60,PhotoFusionX,Freeform,grind,,-10.00,+6.00,-6.00,10.00,sphere,0.75,4.00,Add 0.75 to 4.00,131.72,87.81,L25,DSHC hard coat,13,ZEISS book p20; PhotoFusionX Grey/Brown/Pioneer/Extra Grey/Blue/Burgundy/Black; book $140.50 L20
ZEISS,ZEISS,SmartLife Progressive Plus 1.60,,Progressive,1.60,Polarised,Freeform,grind,,-11.00,+6.00,-6.00,11.00,sphere,0.75,3.50,Add 0.75 to 3.50,161.06,107.38,L25,DuraVision Plus Gold UV,13,ZEISS book p20; Polarised Grey/ Brown/ Pioneer; book $171.80 L20
ZEISS,ZEISS,SmartLife Progressive Plus 1.60,,Progressive,1.60,Polarised,Freeform,grind,,-11.00,+6.00,-6.00,11.00,sphere,0.75,3.50,Add 0.75 to 3.50,160.50,107.00,L25,DuraVision Plus Platinum UV,13,ZEISS book p20; Polarised Grey/ Brown/ Pioneer; book $171.20 L20
ZEISS,ZEISS,SmartLife Progressive Plus 1.60,,Progressive,1.60,Polarised,Freeform,grind,,-11.00,+6.00,-6.00,11.00,sphere,0.75,3.50,Add 0.75 to 3.50,158.11,105.41,L25,DuraVision Plus Chrome UV,13,ZEISS book p20; Polarised Grey/ Brown/ Pioneer; book $168.65 L20
ZEISS,ZEISS,SmartLife Progressive Plus 1.60,,Progressive,1.60,Polarised,Freeform,grind,,-11.00,+6.00,-6.00,11.00,sphere,0.75,3.50,Add 0.75 to 3.50,158.11,105.41,L25,DuraVision Plus Sun UV,13,ZEISS book p20; Polarised Grey/ Brown/ Pioneer; book $168.65 L20
ZEISS,ZEISS,SmartLife Progressive Plus 1.60,,Progressive,1.60,Polarised,Freeform,grind,,-11.00,+6.00,-6.00,11.00,sphere,0.75,3.50,Add 0.75 to 3.50,132.56,88.38,L25,DSHC hard coat,13,ZEISS book p20; Polarised Grey/ Brown/ Pioneer; book $141.40 L20
ZEISS,ZEISS,SmartLife Progressive Plus 1.60,,Progressive,1.60,AdaptiveSun PhotoFusion,Freeform,grind,,-10.00,+6.00,-6.00,10.00,sphere,0.75,4.00,Add 0.75 to 4.00,185.20,123.47,L25,DuraVision Plus Gold UV,13,ZEISS book p20; AdaptiveSun PhotoFusion Grey/ Brown/ Pioneer/Blue; book $197.55 L20
ZEISS,ZEISS,SmartLife Progressive Plus 1.60,,Progressive,1.60,AdaptiveSun PhotoFusion,Freeform,grind,,-10.00,+6.00,-6.00,10.00,sphere,0.75,4.00,Add 0.75 to 4.00,184.64,123.09,L25,DuraVision Plus Platinum UV,13,ZEISS book p20; AdaptiveSun PhotoFusion Grey/ Brown/ Pioneer/Blue; book $196.95 L20
ZEISS,ZEISS,SmartLife Progressive Plus 1.60,,Progressive,1.60,AdaptiveSun PhotoFusion,Freeform,grind,,-10.00,+6.00,-6.00,10.00,sphere,0.75,4.00,Add 0.75 to 4.00,182.25,121.50,L25,DuraVision Plus Chrome UV,13,ZEISS book p20; AdaptiveSun PhotoFusion Grey/ Brown/ Pioneer/Blue; book $194.40 L20
ZEISS,ZEISS,SmartLife Progressive Plus 1.60,,Progressive,1.60,AdaptiveSun PhotoFusion,Freeform,grind,,-10.00,+6.00,-6.00,10.00,sphere,0.75,4.00,Add 0.75 to 4.00,156.70,104.47,L25,DSHC hard coat,13,ZEISS book p20; AdaptiveSun PhotoFusion Grey/ Brown/ Pioneer/Blue; book $167.15 L20
ZEISS,ZEISS,SmartLife Progressive Plus 1.60,,Progressive,1.60,AdaptiveSun Polarised,Freeform,grind,,-11.00,+6.00,-6.00,11.00,sphere,0.75,3.50,Add 0.75 to 3.50,187.64,125.09,L25,DuraVision Plus Gold UV,13,ZEISS book p20; AdaptiveSun Polarised Grey/ Brown/ Pioneer; book $200.15 L20
ZEISS,ZEISS,SmartLife Progressive Plus 1.60,,Progressive,1.60,AdaptiveSun Polarised,Freeform,grind,,-11.00,+6.00,-6.00,11.00,sphere,0.75,3.50,Add 0.75 to 3.50,187.08,124.72,L25,DuraVision Plus Platinum UV,13,ZEISS book p20; AdaptiveSun Polarised Grey/ Brown/ Pioneer; book $199.55 L20
ZEISS,ZEISS,SmartLife Progressive Plus 1.60,,Progressive,1.60,AdaptiveSun Polarised,Freeform,grind,,-11.00,+6.00,-6.00,11.00,sphere,0.75,3.50,Add 0.75 to 3.50,184.69,123.12,L25,DuraVision Plus Chrome UV,13,ZEISS book p20; AdaptiveSun Polarised Grey/ Brown/ Pioneer; book $197.00 L20
ZEISS,ZEISS,SmartLife Progressive Plus 1.60,,Progressive,1.60,AdaptiveSun Polarised,Freeform,grind,,-11.00,+6.00,-6.00,11.00,sphere,0.75,3.50,Add 0.75 to 3.50,184.69,123.12,L25,DuraVision Plus Sun UV,13,ZEISS book p20; AdaptiveSun Polarised Grey/ Brown/ Pioneer; book $197.00 L20
ZEISS,ZEISS,SmartLife Progressive Plus 1.60,,Progressive,1.60,AdaptiveSun Polarised,Freeform,grind,,-11.00,+6.00,-6.00,11.00,sphere,0.75,3.50,Add 0.75 to 3.50,159.14,106.09,L25,DSHC hard coat,13,ZEISS book p20; AdaptiveSun Polarised Grey/ Brown/ Pioneer; book $169.75 L20
ZEISS,ZEISS,SmartLife Progressive Plus 1.67,,Progressive,1.67,Clear,Freeform,grind,,-17.00,+8.00,-6.00,17.00,sphere,0.75,3.50,Add 0.75 to 3.50,151.92,101.28,L25,DuraVision Plus Gold UV,13,ZEISS book p20; Clear; book $162.05 L20
ZEISS,ZEISS,SmartLife Progressive Plus 1.67,,Progressive,1.67,Clear,Freeform,grind,,-17.00,+8.00,-6.00,17.00,sphere,0.75,3.50,Add 0.75 to 3.50,151.36,100.91,L25,DuraVision Plus Platinum UV,13,ZEISS book p20; Clear; book $161.45 L20
ZEISS,ZEISS,SmartLife Progressive Plus 1.67,,Progressive,1.67,Clear,Freeform,grind,,-17.00,+8.00,-6.00,17.00,sphere,0.75,3.50,Add 0.75 to 3.50,148.97,99.31,L25,DuraVision Plus Chrome UV,13,ZEISS book p20; Clear; book $158.90 L20
ZEISS,ZEISS,SmartLife Progressive Plus 1.67,,Progressive,1.67,Clear BluePro,Freeform,grind,,-12.00,+8.00,-6.00,12.00,sphere,0.75,3.50,Add 0.75 to 3.50,153.98,102.66,L25,DuraVision Plus Gold UV,13,ZEISS book p20; Clear BluePro; book $164.25 L20
ZEISS,ZEISS,SmartLife Progressive Plus 1.67,,Progressive,1.67,Clear BluePro,Freeform,grind,,-12.00,+8.00,-6.00,12.00,sphere,0.75,3.50,Add 0.75 to 3.50,153.42,102.28,L25,DuraVision Plus Platinum UV,13,ZEISS book p20; Clear BluePro; book $163.65 L20
ZEISS,ZEISS,SmartLife Progressive Plus 1.67,,Progressive,1.67,Clear BluePro,Freeform,grind,,-12.00,+8.00,-6.00,12.00,sphere,0.75,3.50,Add 0.75 to 3.50,151.03,100.69,L25,DuraVision Plus Chrome UV,13,ZEISS book p20; Clear BluePro; book $161.10 L20
ZEISS,ZEISS,SmartLife Progressive Plus 1.67,,Progressive,1.67,PhotoFusionX,Freeform,grind,,-12.00,+8.00,-6.00,12.00,sphere,0.75,3.50,Add 0.75 to 3.50,181.03,120.69,L25,DuraVision Plus Gold UV,13,ZEISS book p20; PhotoFusionX Grey/Brown/Pioneer/Extra Grey/Blue/Burgundy/Black; book $193.10 L20
ZEISS,ZEISS,SmartLife Progressive Plus 1.67,,Progressive,1.67,PhotoFusionX,Freeform,grind,,-12.00,+8.00,-6.00,12.00,sphere,0.75,3.50,Add 0.75 to 3.50,180.47,120.31,L25,DuraVision Plus Platinum UV,13,ZEISS book p20; PhotoFusionX Grey/Brown/Pioneer/Extra Grey/Blue/Burgundy/Black; book $192.50 L20
ZEISS,ZEISS,SmartLife Progressive Plus 1.67,,Progressive,1.67,PhotoFusionX,Freeform,grind,,-12.00,+8.00,-6.00,12.00,sphere,0.75,3.50,Add 0.75 to 3.50,178.08,118.72,L25,DuraVision Plus Chrome UV,13,ZEISS book p20; PhotoFusionX Grey/Brown/Pioneer/Extra Grey/Blue/Burgundy/Black; book $189.95 L20
ZEISS,ZEISS,SmartLife Progressive Plus 1.67,,Progressive,1.67,Polarised,Freeform,grind,,-12.00,+8.00,-6.00,12.00,sphere,0.75,3.50,Add 0.75 to 3.50,181.88,121.25,L25,DuraVision Plus Gold UV,13,ZEISS book p20; Polarised Grey/ Brown/ Pioneer; book $194.00 L20
ZEISS,ZEISS,SmartLife Progressive Plus 1.67,,Progressive,1.67,Polarised,Freeform,grind,,-12.00,+8.00,-6.00,12.00,sphere,0.75,3.50,Add 0.75 to 3.50,181.31,120.88,L25,DuraVision Plus Platinum UV,13,ZEISS book p20; Polarised Grey/ Brown/ Pioneer; book $193.40 L20
ZEISS,ZEISS,SmartLife Progressive Plus 1.67,,Progressive,1.67,Polarised,Freeform,grind,,-12.00,+8.00,-6.00,12.00,sphere,0.75,3.50,Add 0.75 to 3.50,178.92,119.28,L25,DuraVision Plus Chrome UV,13,ZEISS book p20; Polarised Grey/ Brown/ Pioneer; book $190.85 L20
ZEISS,ZEISS,SmartLife Progressive Plus 1.67,,Progressive,1.67,Polarised,Freeform,grind,,-12.00,+8.00,-6.00,12.00,sphere,0.75,3.50,Add 0.75 to 3.50,178.92,119.28,L25,DuraVision Plus Sun UV,13,ZEISS book p20; Polarised Grey/ Brown/ Pioneer; book $190.85 L20
ZEISS,ZEISS,SmartLife Progressive Plus 1.67,,Progressive,1.67,AdaptiveSun PhotoFusion,Freeform,grind,,-12.00,+8.00,-6.00,12.00,sphere,0.75,3.50,Add 0.75 to 3.50,206.02,137.34,L25,DuraVision Plus Gold UV,13,ZEISS book p20; AdaptiveSun PhotoFusion Grey/ Brown/ Pioneer; book $219.75 L20
ZEISS,ZEISS,SmartLife Progressive Plus 1.67,,Progressive,1.67,AdaptiveSun PhotoFusion,Freeform,grind,,-12.00,+8.00,-6.00,12.00,sphere,0.75,3.50,Add 0.75 to 3.50,205.45,136.97,L25,DuraVision Plus Platinum UV,13,ZEISS book p20; AdaptiveSun PhotoFusion Grey/ Brown/ Pioneer; book $219.15 L20
ZEISS,ZEISS,SmartLife Progressive Plus 1.67,,Progressive,1.67,AdaptiveSun PhotoFusion,Freeform,grind,,-12.00,+8.00,-6.00,12.00,sphere,0.75,3.50,Add 0.75 to 3.50,203.06,135.38,L25,DuraVision Plus Chrome UV,13,ZEISS book p20; AdaptiveSun PhotoFusion Grey/ Brown/ Pioneer; book $216.60 L20
ZEISS,ZEISS,SmartLife Progressive Plus 1.74,,Progressive,1.74,Clear,Freeform,grind,,-20.00,+16.00,-6.00,20.00,sphere,0.75,3.50,Add 0.75 to 3.50,172.69,115.12,L25,DuraVision Plus Gold UV,13,ZEISS book p20; Clear; book $184.20 L20
ZEISS,ZEISS,SmartLife Progressive Plus 1.74,,Progressive,1.74,Clear,Freeform,grind,,-20.00,+16.00,-6.00,20.00,sphere,0.75,3.50,Add 0.75 to 3.50,172.12,114.75,L25,DuraVision Plus Platinum UV,13,ZEISS book p20; Clear; book $183.60 L20
ZEISS,ZEISS,SmartLife Progressive Plus 1.74,,Progressive,1.74,Clear,Freeform,grind,,-20.00,+16.00,-6.00,20.00,sphere,0.75,3.50,Add 0.75 to 3.50,169.73,113.16,L25,DuraVision Plus Chrome UV,13,ZEISS book p20; Clear; book $181.05 L20
ZEISS,ZEISS,SmartLife Progressive Plus 1.74,,Progressive,1.74,Clear BluePro,Freeform,grind,,-20.00,+16.00,-6.00,20.00,sphere,0.75,3.50,Add 0.75 to 3.50,174.75,116.50,L25,DuraVision Plus Gold UV,13,ZEISS book p20; Clear BluePro; book $186.40 L20
ZEISS,ZEISS,SmartLife Progressive Plus 1.74,,Progressive,1.74,Clear BluePro,Freeform,grind,,-20.00,+16.00,-6.00,20.00,sphere,0.75,3.50,Add 0.75 to 3.50,174.19,116.12,L25,DuraVision Plus Platinum UV,13,ZEISS book p20; Clear BluePro; book $185.80 L20
ZEISS,ZEISS,SmartLife Progressive Plus 1.74,,Progressive,1.74,Clear BluePro,Freeform,grind,,-20.00,+16.00,-6.00,20.00,sphere,0.75,3.50,Add 0.75 to 3.50,171.80,114.53,L25,DuraVision Plus Chrome UV,13,ZEISS book p20; Clear BluePro; book $183.25 L20
ZEISS,ZEISS,SmartLife Progressive Pure 1.50,,Progressive,1.50,Clear,Freeform,grind,,-7.00,+6.00,-4.00,7.00,sphere,0.75,3.50,Add 0.75 to 3.50,86.72,57.81,L25,DuraVision Plus Gold UV,14,ZEISS book p21; Clear; range confirmed by ZEISS product guide; book $92.50 L20
ZEISS,ZEISS,SmartLife Progressive Pure 1.50,,Progressive,1.50,Clear,Freeform,grind,,-7.00,+6.00,-4.00,7.00,sphere,0.75,3.50,Add 0.75 to 3.50,86.16,57.44,L25,DuraVision Plus Platinum UV,14,ZEISS book p21; Clear; range confirmed by ZEISS product guide; book $91.90 L20
ZEISS,ZEISS,SmartLife Progressive Pure 1.50,,Progressive,1.50,Clear,Freeform,grind,,-7.00,+6.00,-4.00,7.00,sphere,0.75,3.50,Add 0.75 to 3.50,83.77,55.84,L25,DuraVision Plus Chrome UV,14,ZEISS book p21; Clear; range confirmed by ZEISS product guide; book $89.35 L20
ZEISS,ZEISS,SmartLife Progressive Pure 1.50,,Progressive,1.50,Clear,Freeform,grind,,-7.00,+6.00,-4.00,7.00,sphere,0.75,3.50,Add 0.75 to 3.50,58.22,38.81,L25,DSHC hard coat,14,ZEISS book p21; Clear; range confirmed by ZEISS product guide; book $62.10 L20
ZEISS,ZEISS,SmartLife Progressive Pure 1.50,,Progressive,1.50,Clear BluePro,Freeform,grind,,-7.00,+6.00,-4.00,7.00,sphere,0.75,3.50,Add 0.75 to 3.50,88.78,59.19,L25,DuraVision Plus Gold UV,14,ZEISS book p21; Clear BluePro; range confirmed by ZEISS product guide; book $94.70 L20
ZEISS,ZEISS,SmartLife Progressive Pure 1.50,,Progressive,1.50,Clear BluePro,Freeform,grind,,-7.00,+6.00,-4.00,7.00,sphere,0.75,3.50,Add 0.75 to 3.50,88.22,58.81,L25,DuraVision Plus Platinum UV,14,ZEISS book p21; Clear BluePro; range confirmed by ZEISS product guide; book $94.10 L20
ZEISS,ZEISS,SmartLife Progressive Pure 1.50,,Progressive,1.50,Clear BluePro,Freeform,grind,,-7.00,+6.00,-4.00,7.00,sphere,0.75,3.50,Add 0.75 to 3.50,85.83,57.22,L25,DuraVision Plus Chrome UV,14,ZEISS book p21; Clear BluePro; range confirmed by ZEISS product guide; book $91.55 L20
ZEISS,ZEISS,SmartLife Progressive Pure 1.50,,Progressive,1.50,PhotoFusionX,Freeform,grind,,-7.00,+5.00,-4.00,7.00,sphere,0.75,3.50,Add 0.75 to 3.50,115.88,77.25,L25,DuraVision Plus Gold UV,14,ZEISS book p21; PhotoFusionX Grey/Brown/Pioneer/Extra Grey/Blue/Burgundy/Black; book $123.60 L20
ZEISS,ZEISS,SmartLife Progressive Pure 1.50,,Progressive,1.50,PhotoFusionX,Freeform,grind,,-7.00,+5.00,-4.00,7.00,sphere,0.75,3.50,Add 0.75 to 3.50,115.31,76.88,L25,DuraVision Plus Platinum UV,14,ZEISS book p21; PhotoFusionX Grey/Brown/Pioneer/Extra Grey/Blue/Burgundy/Black; book $123.00 L20
ZEISS,ZEISS,SmartLife Progressive Pure 1.50,,Progressive,1.50,PhotoFusionX,Freeform,grind,,-7.00,+5.00,-4.00,7.00,sphere,0.75,3.50,Add 0.75 to 3.50,112.92,75.28,L25,DuraVision Plus Chrome UV,14,ZEISS book p21; PhotoFusionX Grey/Brown/Pioneer/Extra Grey/Blue/Burgundy/Black; book $120.45 L20
ZEISS,ZEISS,SmartLife Progressive Pure 1.50,,Progressive,1.50,PhotoFusionX,Freeform,grind,,-7.00,+5.00,-4.00,7.00,sphere,0.75,3.50,Add 0.75 to 3.50,87.38,58.25,L25,DSHC hard coat,14,ZEISS book p21; PhotoFusionX Grey/Brown/Pioneer/Extra Grey/Blue/Burgundy/Black; book $93.20 L20
ZEISS,ZEISS,SmartLife Progressive Pure 1.50,,Progressive,1.50,Polarised,Freeform,grind,,-8.00,+5.00,-4.00,8.00,sphere,0.75,3.50,Add 0.75 to 3.50,116.72,77.81,L25,DuraVision Plus Gold UV,14,ZEISS book p21; Polarised Grey/ Brown/ Pioneer; range confirmed by ZEISS product guide; book $124.50 L20
ZEISS,ZEISS,SmartLife Progressive Pure 1.50,,Progressive,1.50,Polarised,Freeform,grind,,-8.00,+5.00,-4.00,8.00,sphere,0.75,3.50,Add 0.75 to 3.50,116.16,77.44,L25,DuraVision Plus Platinum UV,14,ZEISS book p21; Polarised Grey/ Brown/ Pioneer; range confirmed by ZEISS product guide; book $123.90 L20
ZEISS,ZEISS,SmartLife Progressive Pure 1.50,,Progressive,1.50,Polarised,Freeform,grind,,-8.00,+5.00,-4.00,8.00,sphere,0.75,3.50,Add 0.75 to 3.50,113.77,75.84,L25,DuraVision Plus Chrome UV,14,ZEISS book p21; Polarised Grey/ Brown/ Pioneer; range confirmed by ZEISS product guide; book $121.35 L20
ZEISS,ZEISS,SmartLife Progressive Pure 1.50,,Progressive,1.50,Polarised,Freeform,grind,,-8.00,+5.00,-4.00,8.00,sphere,0.75,3.50,Add 0.75 to 3.50,113.77,75.84,L25,DuraVision Plus Sun UV,14,ZEISS book p21; Polarised Grey/ Brown/ Pioneer; range confirmed by ZEISS product guide; book $121.35 L20
ZEISS,ZEISS,SmartLife Progressive Pure 1.50,,Progressive,1.50,Polarised,Freeform,grind,,-8.00,+5.00,-4.00,8.00,sphere,0.75,3.50,Add 0.75 to 3.50,88.22,58.81,L25,DSHC hard coat,14,ZEISS book p21; Polarised Grey/ Brown/ Pioneer; range confirmed by ZEISS product guide; book $94.10 L20
ZEISS,ZEISS,SmartLife Progressive Pure 1.50,,Progressive,1.50,AdaptiveSun PhotoFusion,Freeform,grind,,-7.00,+5.00,-4.00,7.00,sphere,0.75,3.50,Add 0.75 to 3.50,140.86,93.91,L25,DuraVision Plus Gold UV,14,ZEISS book p21; AdaptiveSun PhotoFusion Grey/ Brown/ Pioneer/Blue; range confirmed by ZEISS product guide; book $150.25 L20
ZEISS,ZEISS,SmartLife Progressive Pure 1.50,,Progressive,1.50,AdaptiveSun PhotoFusion,Freeform,grind,,-7.00,+5.00,-4.00,7.00,sphere,0.75,3.50,Add 0.75 to 3.50,140.30,93.53,L25,DuraVision Plus Platinum UV,14,ZEISS book p21; AdaptiveSun PhotoFusion Grey/ Brown/ Pioneer/Blue; range confirmed by ZEISS product guide; book $149.65 L20
ZEISS,ZEISS,SmartLife Progressive Pure 1.50,,Progressive,1.50,AdaptiveSun PhotoFusion,Freeform,grind,,-7.00,+5.00,-4.00,7.00,sphere,0.75,3.50,Add 0.75 to 3.50,137.91,91.94,L25,DuraVision Plus Chrome UV,14,ZEISS book p21; AdaptiveSun PhotoFusion Grey/ Brown/ Pioneer/Blue; range confirmed by ZEISS product guide; book $147.10 L20
ZEISS,ZEISS,SmartLife Progressive Pure 1.50,,Progressive,1.50,AdaptiveSun PhotoFusion,Freeform,grind,,-7.00,+5.00,-4.00,7.00,sphere,0.75,3.50,Add 0.75 to 3.50,112.36,74.91,L25,DSHC hard coat,14,ZEISS book p21; AdaptiveSun PhotoFusion Grey/ Brown/ Pioneer/Blue; range confirmed by ZEISS product guide; book $119.85 L20
ZEISS,ZEISS,SmartLife Progressive Pure 1.50,,Progressive,1.50,AdaptiveSun Polarised,Freeform,grind,,-8.00,+5.00,-4.00,8.00,sphere,0.75,3.50,Add 0.75 to 3.50,143.34,95.56,L25,DuraVision Plus Gold UV,14,ZEISS book p21; AdaptiveSun Polarised Grey/ Brown/ Pioneer; range confirmed by ZEISS product guide; book $152.90 L20
ZEISS,ZEISS,SmartLife Progressive Pure 1.50,,Progressive,1.50,AdaptiveSun Polarised,Freeform,grind,,-8.00,+5.00,-4.00,8.00,sphere,0.75,3.50,Add 0.75 to 3.50,142.78,95.19,L25,DuraVision Plus Platinum UV,14,ZEISS book p21; AdaptiveSun Polarised Grey/ Brown/ Pioneer; range confirmed by ZEISS product guide; book $152.30 L20
ZEISS,ZEISS,SmartLife Progressive Pure 1.50,,Progressive,1.50,AdaptiveSun Polarised,Freeform,grind,,-8.00,+5.00,-4.00,8.00,sphere,0.75,3.50,Add 0.75 to 3.50,140.39,93.59,L25,DuraVision Plus Chrome UV,14,ZEISS book p21; AdaptiveSun Polarised Grey/ Brown/ Pioneer; range confirmed by ZEISS product guide; book $149.75 L20
ZEISS,ZEISS,SmartLife Progressive Pure 1.50,,Progressive,1.50,AdaptiveSun Polarised,Freeform,grind,,-8.00,+5.00,-4.00,8.00,sphere,0.75,3.50,Add 0.75 to 3.50,140.39,93.59,L25,DuraVision Plus Sun UV,14,ZEISS book p21; AdaptiveSun Polarised Grey/ Brown/ Pioneer; range confirmed by ZEISS product guide; book $149.75 L20
ZEISS,ZEISS,SmartLife Progressive Pure 1.50,,Progressive,1.50,AdaptiveSun Polarised,Freeform,grind,,-8.00,+5.00,-4.00,8.00,sphere,0.75,3.50,Add 0.75 to 3.50,114.84,76.56,L25,DSHC hard coat,14,ZEISS book p21; AdaptiveSun Polarised Grey/ Brown/ Pioneer; range confirmed by ZEISS product guide; book $122.50 L20
ZEISS,ZEISS,SmartLife Progressive Pure 1.53,,Progressive,1.53,Clear,Freeform,grind,,-7.00,+5.00,-4.00,7.00,sphere,0.75,3.50,Add 0.75 to 3.50,106.73,71.16,L25,DuraVision Plus Gold UV,14,ZEISS book p21; Clear; range confirmed by ZEISS product guide; book $113.85 L20
ZEISS,ZEISS,SmartLife Progressive Pure 1.53,,Progressive,1.53,Clear,Freeform,grind,,-7.00,+5.00,-4.00,7.00,sphere,0.75,3.50,Add 0.75 to 3.50,106.17,70.78,L25,DuraVision Plus Platinum UV,14,ZEISS book p21; Clear; range confirmed by ZEISS product guide; book $113.25 L20
ZEISS,ZEISS,SmartLife Progressive Pure 1.53,,Progressive,1.53,Clear,Freeform,grind,,-7.00,+5.00,-4.00,7.00,sphere,0.75,3.50,Add 0.75 to 3.50,103.78,69.19,L25,DuraVision Plus Chrome UV,14,ZEISS book p21; Clear; range confirmed by ZEISS product guide; book $110.70 L20
ZEISS,ZEISS,SmartLife Progressive Pure 1.53,,Progressive,1.53,Clear,Freeform,grind,,-7.00,+5.00,-4.00,7.00,sphere,0.75,3.50,Add 0.75 to 3.50,78.23,52.16,L25,DSHC hard coat,14,ZEISS book p21; Clear; range confirmed by ZEISS product guide; book $83.45 L20
ZEISS,ZEISS,SmartLife Progressive Pure 1.53,,Progressive,1.53,Polarised,Freeform,grind,,-7.00,+5.00,-4.00,7.00,sphere,0.75,3.50,Add 0.75 to 3.50,136.69,91.12,L25,DuraVision Plus Gold UV,14,ZEISS book p21; Polarised Grey/ Brown; range confirmed by ZEISS product guide; book $145.80 L20
ZEISS,ZEISS,SmartLife Progressive Pure 1.53,,Progressive,1.53,Polarised,Freeform,grind,,-7.00,+5.00,-4.00,7.00,sphere,0.75,3.50,Add 0.75 to 3.50,136.12,90.75,L25,DuraVision Plus Platinum UV,14,ZEISS book p21; Polarised Grey/ Brown; range confirmed by ZEISS product guide; book $145.20 L20
ZEISS,ZEISS,SmartLife Progressive Pure 1.53,,Progressive,1.53,Polarised,Freeform,grind,,-7.00,+5.00,-4.00,7.00,sphere,0.75,3.50,Add 0.75 to 3.50,133.73,89.16,L25,DuraVision Plus Chrome UV,14,ZEISS book p21; Polarised Grey/ Brown; range confirmed by ZEISS product guide; book $142.65 L20
ZEISS,ZEISS,SmartLife Progressive Pure 1.53,,Progressive,1.53,Polarised,Freeform,grind,,-7.00,+5.00,-4.00,7.00,sphere,0.75,3.50,Add 0.75 to 3.50,133.73,89.16,L25,DuraVision Plus Sun UV,14,ZEISS book p21; Polarised Grey/ Brown; range confirmed by ZEISS product guide; book $142.65 L20
ZEISS,ZEISS,SmartLife Progressive Pure 1.53,,Progressive,1.53,Polarised,Freeform,grind,,-7.00,+5.00,-4.00,7.00,sphere,0.75,3.50,Add 0.75 to 3.50,108.19,72.12,L25,DSHC hard coat,14,ZEISS book p21; Polarised Grey/ Brown; range confirmed by ZEISS product guide; book $115.40 L20
ZEISS,ZEISS,SmartLife Progressive Pure 1.59,,Progressive,1.59,Clear,Freeform,grind,,-10.00,+6.00,-6.00,10.00,sphere,0.75,4.00,Add 0.75 to 4.00,113.44,75.62,L25,DuraVision Plus Gold UV,14,ZEISS book p21; Clear; range confirmed by ZEISS product guide; book $121.00 L20
ZEISS,ZEISS,SmartLife Progressive Pure 1.59,,Progressive,1.59,Clear,Freeform,grind,,-10.00,+6.00,-6.00,10.00,sphere,0.75,4.00,Add 0.75 to 4.00,112.88,75.25,L25,DuraVision Plus Platinum UV,14,ZEISS book p21; Clear; range confirmed by ZEISS product guide; book $120.40 L20
ZEISS,ZEISS,SmartLife Progressive Pure 1.59,,Progressive,1.59,Clear,Freeform,grind,,-10.00,+6.00,-6.00,10.00,sphere,0.75,4.00,Add 0.75 to 4.00,110.48,73.66,L25,DuraVision Plus Chrome UV,14,ZEISS book p21; Clear; range confirmed by ZEISS product guide; book $117.85 L20
ZEISS,ZEISS,SmartLife Progressive Pure 1.59,,Progressive,1.59,Clear,Freeform,grind,,-10.00,+6.00,-6.00,10.00,sphere,0.75,4.00,Add 0.75 to 4.00,84.94,56.62,L25,DSHC hard coat,14,ZEISS book p21; Clear; range confirmed by ZEISS product guide; book $90.60 L20
ZEISS,ZEISS,SmartLife Progressive Pure 1.59,,Progressive,1.59,PhotoFusionX,Freeform,grind,,-10.00,+6.00,-6.00,10.00,sphere,0.75,4.00,Add 0.75 to 4.00,142.59,95.06,L25,DuraVision Plus Gold UV,14,ZEISS book p21; PhotoFusionX Grey/Brown/Pioneer/Extra Grey/Blue/Burgundy/Black; book $152.10 L20
ZEISS,ZEISS,SmartLife Progressive Pure 1.59,,Progressive,1.59,PhotoFusionX,Freeform,grind,,-10.00,+6.00,-6.00,10.00,sphere,0.75,4.00,Add 0.75 to 4.00,142.03,94.69,L25,DuraVision Plus Platinum UV,14,ZEISS book p21; PhotoFusionX Grey/Brown/Pioneer/Extra Grey/Blue/Burgundy/Black; book $151.50 L20
ZEISS,ZEISS,SmartLife Progressive Pure 1.59,,Progressive,1.59,PhotoFusionX,Freeform,grind,,-10.00,+6.00,-6.00,10.00,sphere,0.75,4.00,Add 0.75 to 4.00,139.64,93.09,L25,DuraVision Plus Chrome UV,14,ZEISS book p21; PhotoFusionX Grey/Brown/Pioneer/Extra Grey/Blue/Burgundy/Black; book $148.95 L20
ZEISS,ZEISS,SmartLife Progressive Pure 1.59,,Progressive,1.59,PhotoFusionX,Freeform,grind,,-10.00,+6.00,-6.00,10.00,sphere,0.75,4.00,Add 0.75 to 4.00,114.09,76.06,L25,DSHC hard coat,14,ZEISS book p21; PhotoFusionX Grey/Brown/Pioneer/Extra Grey/Blue/Burgundy/Black; book $121.70 L20
ZEISS,ZEISS,SmartLife Progressive Pure 1.59,,Progressive,1.59,Polarised,Freeform,grind,,-10.00,+6.00,-4.00,10.00,sphere,0.75,3.50,Add 0.75 to 3.50,143.39,95.59,L25,DuraVision Plus Gold UV,14,ZEISS book p21; Polarised Grey/ Brown; range confirmed by ZEISS product guide; book $152.95 L20
ZEISS,ZEISS,SmartLife Progressive Pure 1.59,,Progressive,1.59,Polarised,Freeform,grind,,-10.00,+6.00,-4.00,10.00,sphere,0.75,3.50,Add 0.75 to 3.50,142.83,95.22,L25,DuraVision Plus Platinum UV,14,ZEISS book p21; Polarised Grey/ Brown; range confirmed by ZEISS product guide; book $152.35 L20
ZEISS,ZEISS,SmartLife Progressive Pure 1.59,,Progressive,1.59,Polarised,Freeform,grind,,-10.00,+6.00,-4.00,10.00,sphere,0.75,3.50,Add 0.75 to 3.50,140.44,93.62,L25,DuraVision Plus Chrome UV,14,ZEISS book p21; Polarised Grey/ Brown; range confirmed by ZEISS product guide; book $149.80 L20
ZEISS,ZEISS,SmartLife Progressive Pure 1.59,,Progressive,1.59,Polarised,Freeform,grind,,-10.00,+6.00,-4.00,10.00,sphere,0.75,3.50,Add 0.75 to 3.50,140.44,93.62,L25,DuraVision Plus Sun UV,14,ZEISS book p21; Polarised Grey/ Brown; range confirmed by ZEISS product guide; book $149.80 L20
ZEISS,ZEISS,SmartLife Progressive Pure 1.59,,Progressive,1.59,Polarised,Freeform,grind,,-10.00,+6.00,-4.00,10.00,sphere,0.75,3.50,Add 0.75 to 3.50,114.89,76.59,L25,DSHC hard coat,14,ZEISS book p21; Polarised Grey/ Brown; range confirmed by ZEISS product guide; book $122.55 L20
ZEISS,ZEISS,SmartLife Progressive Pure 1.60,,Progressive,1.60,Clear,Freeform,grind,,-10.00,+10.00,-6.00,10.00,sphere,0.75,4.00,Add 0.75 to 4.00,113.39,75.59,L25,DuraVision Plus Gold UV,14,"ZEISS book p21; Clear; RANGE DIFFERS — product guide prints -10.00 to +6.00, cyl -6.00, max combined -10.00 — confirm in VISUSTORE; book $120.95 L20"
ZEISS,ZEISS,SmartLife Progressive Pure 1.60,,Progressive,1.60,Clear,Freeform,grind,,-10.00,+10.00,-6.00,10.00,sphere,0.75,4.00,Add 0.75 to 4.00,112.83,75.22,L25,DuraVision Plus Platinum UV,14,"ZEISS book p21; Clear; RANGE DIFFERS — product guide prints -10.00 to +6.00, cyl -6.00, max combined -10.00 — confirm in VISUSTORE; book $120.35 L20"
ZEISS,ZEISS,SmartLife Progressive Pure 1.60,,Progressive,1.60,Clear,Freeform,grind,,-10.00,+10.00,-6.00,10.00,sphere,0.75,4.00,Add 0.75 to 4.00,110.44,73.62,L25,DuraVision Plus Chrome UV,14,"ZEISS book p21; Clear; RANGE DIFFERS — product guide prints -10.00 to +6.00, cyl -6.00, max combined -10.00 — confirm in VISUSTORE; book $117.80 L20"
ZEISS,ZEISS,SmartLife Progressive Pure 1.60,,Progressive,1.60,Clear,Freeform,grind,,-10.00,+10.00,-6.00,10.00,sphere,0.75,4.00,Add 0.75 to 4.00,84.89,56.59,L25,DSHC hard coat,14,"ZEISS book p21; Clear; RANGE DIFFERS — product guide prints -10.00 to +6.00, cyl -6.00, max combined -10.00 — confirm in VISUSTORE; book $90.55 L20"
ZEISS,ZEISS,SmartLife Progressive Pure 1.60,,Progressive,1.60,Clear BluePro,Freeform,grind,,-10.00,+10.00,-6.00,10.00,sphere,0.75,4.00,Add 0.75 to 4.00,115.50,77.00,L25,DuraVision Plus Gold UV,14,"ZEISS book p21; Clear BluePro; RANGE DIFFERS — product guide prints -10.00 to +6.00, cyl -6.00, max combined -10.00 — confirm in VISUSTORE; book $123.20 L20"
ZEISS,ZEISS,SmartLife Progressive Pure 1.60,,Progressive,1.60,Clear BluePro,Freeform,grind,,-10.00,+10.00,-6.00,10.00,sphere,0.75,4.00,Add 0.75 to 4.00,114.94,76.62,L25,DuraVision Plus Platinum UV,14,"ZEISS book p21; Clear BluePro; RANGE DIFFERS — product guide prints -10.00 to +6.00, cyl -6.00, max combined -10.00 — confirm in VISUSTORE; book $122.60 L20"
ZEISS,ZEISS,SmartLife Progressive Pure 1.60,,Progressive,1.60,Clear BluePro,Freeform,grind,,-10.00,+10.00,-6.00,10.00,sphere,0.75,4.00,Add 0.75 to 4.00,112.55,75.03,L25,DuraVision Plus Chrome UV,14,"ZEISS book p21; Clear BluePro; RANGE DIFFERS — product guide prints -10.00 to +6.00, cyl -6.00, max combined -10.00 — confirm in VISUSTORE; book $120.05 L20"
ZEISS,ZEISS,SmartLife Progressive Pure 1.60,,Progressive,1.60,PhotoFusionX,Freeform,grind,,-10.00,+6.00,-6.00,10.00,sphere,0.75,4.00,Add 0.75 to 4.00,142.55,95.03,L25,DuraVision Plus Gold UV,14,ZEISS book p21; PhotoFusionX Grey/Brown/Pioneer/Extra Grey/Blue/Burgundy/Black; book $152.05 L20
ZEISS,ZEISS,SmartLife Progressive Pure 1.60,,Progressive,1.60,PhotoFusionX,Freeform,grind,,-10.00,+6.00,-6.00,10.00,sphere,0.75,4.00,Add 0.75 to 4.00,141.98,94.66,L25,DuraVision Plus Platinum UV,14,ZEISS book p21; PhotoFusionX Grey/Brown/Pioneer/Extra Grey/Blue/Burgundy/Black; book $151.45 L20
ZEISS,ZEISS,SmartLife Progressive Pure 1.60,,Progressive,1.60,PhotoFusionX,Freeform,grind,,-10.00,+6.00,-6.00,10.00,sphere,0.75,4.00,Add 0.75 to 4.00,139.59,93.06,L25,DuraVision Plus Chrome UV,14,ZEISS book p21; PhotoFusionX Grey/Brown/Pioneer/Extra Grey/Blue/Burgundy/Black; book $148.90 L20
ZEISS,ZEISS,SmartLife Progressive Pure 1.60,,Progressive,1.60,PhotoFusionX,Freeform,grind,,-10.00,+6.00,-6.00,10.00,sphere,0.75,4.00,Add 0.75 to 4.00,114.05,76.03,L25,DSHC hard coat,14,ZEISS book p21; PhotoFusionX Grey/Brown/Pioneer/Extra Grey/Blue/Burgundy/Black; book $121.65 L20
ZEISS,ZEISS,SmartLife Progressive Pure 1.60,,Progressive,1.60,Polarised,Freeform,grind,,-11.00,+6.00,-6.00,11.00,sphere,0.75,3.50,Add 0.75 to 3.50,143.39,95.59,L25,DuraVision Plus Gold UV,14,ZEISS book p21; Polarised Grey/ Brown/ Pioneer; range confirmed by ZEISS product guide; book $152.95 L20
ZEISS,ZEISS,SmartLife Progressive Pure 1.60,,Progressive,1.60,Polarised,Freeform,grind,,-11.00,+6.00,-6.00,11.00,sphere,0.75,3.50,Add 0.75 to 3.50,142.83,95.22,L25,DuraVision Plus Platinum UV,14,ZEISS book p21; Polarised Grey/ Brown/ Pioneer; range confirmed by ZEISS product guide; book $152.35 L20
ZEISS,ZEISS,SmartLife Progressive Pure 1.60,,Progressive,1.60,Polarised,Freeform,grind,,-11.00,+6.00,-6.00,11.00,sphere,0.75,3.50,Add 0.75 to 3.50,140.44,93.62,L25,DuraVision Plus Chrome UV,14,ZEISS book p21; Polarised Grey/ Brown/ Pioneer; range confirmed by ZEISS product guide; book $149.80 L20
ZEISS,ZEISS,SmartLife Progressive Pure 1.60,,Progressive,1.60,Polarised,Freeform,grind,,-11.00,+6.00,-6.00,11.00,sphere,0.75,3.50,Add 0.75 to 3.50,140.44,93.62,L25,DuraVision Plus Sun UV,14,ZEISS book p21; Polarised Grey/ Brown/ Pioneer; range confirmed by ZEISS product guide; book $149.80 L20
ZEISS,ZEISS,SmartLife Progressive Pure 1.60,,Progressive,1.60,Polarised,Freeform,grind,,-11.00,+6.00,-6.00,11.00,sphere,0.75,3.50,Add 0.75 to 3.50,114.89,76.59,L25,DSHC hard coat,14,ZEISS book p21; Polarised Grey/ Brown/ Pioneer; range confirmed by ZEISS product guide; book $122.55 L20
ZEISS,ZEISS,SmartLife Progressive Pure 1.60,,Progressive,1.60,AdaptiveSun PhotoFusion,Freeform,grind,,-10.00,+6.00,-6.00,10.00,sphere,0.75,4.00,Add 0.75 to 4.00,167.53,111.69,L25,DuraVision Plus Gold UV,14,ZEISS book p21; AdaptiveSun PhotoFusion Grey/ Brown/ Pioneer/Blue; range confirmed by ZEISS product guide; book $178.70 L20
ZEISS,ZEISS,SmartLife Progressive Pure 1.60,,Progressive,1.60,AdaptiveSun PhotoFusion,Freeform,grind,,-10.00,+6.00,-6.00,10.00,sphere,0.75,4.00,Add 0.75 to 4.00,166.97,111.31,L25,DuraVision Plus Platinum UV,14,ZEISS book p21; AdaptiveSun PhotoFusion Grey/ Brown/ Pioneer/Blue; range confirmed by ZEISS product guide; book $178.10 L20
ZEISS,ZEISS,SmartLife Progressive Pure 1.60,,Progressive,1.60,AdaptiveSun PhotoFusion,Freeform,grind,,-10.00,+6.00,-6.00,10.00,sphere,0.75,4.00,Add 0.75 to 4.00,164.58,109.72,L25,DuraVision Plus Chrome UV,14,ZEISS book p21; AdaptiveSun PhotoFusion Grey/ Brown/ Pioneer/Blue; range confirmed by ZEISS product guide; book $175.55 L20
ZEISS,ZEISS,SmartLife Progressive Pure 1.60,,Progressive,1.60,AdaptiveSun PhotoFusion,Freeform,grind,,-10.00,+6.00,-6.00,10.00,sphere,0.75,4.00,Add 0.75 to 4.00,139.03,92.69,L25,DSHC hard coat,14,ZEISS book p21; AdaptiveSun PhotoFusion Grey/ Brown/ Pioneer/Blue; range confirmed by ZEISS product guide; book $148.30 L20
ZEISS,ZEISS,SmartLife Progressive Pure 1.60,,Progressive,1.60,AdaptiveSun Polarised,Freeform,grind,,-11.00,+6.00,-6.00,11.00,sphere,0.75,3.50,Add 0.75 to 3.50,170.02,113.34,L25,DuraVision Plus Gold UV,14,ZEISS book p21; AdaptiveSun Polarised Grey/ Brown/ Pioneer; range confirmed by ZEISS product guide; book $181.35 L20
ZEISS,ZEISS,SmartLife Progressive Pure 1.60,,Progressive,1.60,AdaptiveSun Polarised,Freeform,grind,,-11.00,+6.00,-6.00,11.00,sphere,0.75,3.50,Add 0.75 to 3.50,169.45,112.97,L25,DuraVision Plus Platinum UV,14,ZEISS book p21; AdaptiveSun Polarised Grey/ Brown/ Pioneer; range confirmed by ZEISS product guide; book $180.75 L20
ZEISS,ZEISS,SmartLife Progressive Pure 1.60,,Progressive,1.60,AdaptiveSun Polarised,Freeform,grind,,-11.00,+6.00,-6.00,11.00,sphere,0.75,3.50,Add 0.75 to 3.50,167.06,111.38,L25,DuraVision Plus Chrome UV,14,ZEISS book p21; AdaptiveSun Polarised Grey/ Brown/ Pioneer; range confirmed by ZEISS product guide; book $178.20 L20
ZEISS,ZEISS,SmartLife Progressive Pure 1.60,,Progressive,1.60,AdaptiveSun Polarised,Freeform,grind,,-11.00,+6.00,-6.00,11.00,sphere,0.75,3.50,Add 0.75 to 3.50,167.06,111.38,L25,DuraVision Plus Sun UV,14,ZEISS book p21; AdaptiveSun Polarised Grey/ Brown/ Pioneer; range confirmed by ZEISS product guide; book $178.20 L20
ZEISS,ZEISS,SmartLife Progressive Pure 1.60,,Progressive,1.60,AdaptiveSun Polarised,Freeform,grind,,-11.00,+6.00,-6.00,11.00,sphere,0.75,3.50,Add 0.75 to 3.50,141.52,94.34,L25,DSHC hard coat,14,ZEISS book p21; AdaptiveSun Polarised Grey/ Brown/ Pioneer; range confirmed by ZEISS product guide; book $150.95 L20
ZEISS,ZEISS,SmartLife Progressive Pure 1.67,,Progressive,1.67,Clear,Freeform,grind,,-17.00,+8.00,-6.00,17.00,sphere,0.75,3.50,Add 0.75 to 3.50,134.25,89.50,L25,DuraVision Plus Gold UV,14,"ZEISS book p21; Clear; RANGE DIFFERS — product guide prints -12.00 to +8.00, cyl -6.00, max combined -12.00 — confirm in VISUSTORE; book $143.20 L20"
ZEISS,ZEISS,SmartLife Progressive Pure 1.67,,Progressive,1.67,Clear,Freeform,grind,,-17.00,+8.00,-6.00,17.00,sphere,0.75,3.50,Add 0.75 to 3.50,133.69,89.12,L25,DuraVision Plus Platinum UV,14,"ZEISS book p21; Clear; RANGE DIFFERS — product guide prints -12.00 to +8.00, cyl -6.00, max combined -12.00 — confirm in VISUSTORE; book $142.60 L20"
ZEISS,ZEISS,SmartLife Progressive Pure 1.67,,Progressive,1.67,Clear,Freeform,grind,,-17.00,+8.00,-6.00,17.00,sphere,0.75,3.50,Add 0.75 to 3.50,131.30,87.53,L25,DuraVision Plus Chrome UV,14,"ZEISS book p21; Clear; RANGE DIFFERS — product guide prints -12.00 to +8.00, cyl -6.00, max combined -12.00 — confirm in VISUSTORE; book $140.05 L20"
ZEISS,ZEISS,SmartLife Progressive Pure 1.67,,Progressive,1.67,Clear BluePro,Freeform,grind,,-12.00,+8.00,-6.00,12.00,sphere,0.75,3.50,Add 0.75 to 3.50,136.31,90.88,L25,DuraVision Plus Gold UV,14,ZEISS book p21; Clear BluePro; range confirmed by ZEISS product guide; book $145.40 L20
ZEISS,ZEISS,SmartLife Progressive Pure 1.67,,Progressive,1.67,Clear BluePro,Freeform,grind,,-12.00,+8.00,-6.00,12.00,sphere,0.75,3.50,Add 0.75 to 3.50,135.75,90.50,L25,DuraVision Plus Platinum UV,14,ZEISS book p21; Clear BluePro; range confirmed by ZEISS product guide; book $144.80 L20
ZEISS,ZEISS,SmartLife Progressive Pure 1.67,,Progressive,1.67,Clear BluePro,Freeform,grind,,-12.00,+8.00,-6.00,12.00,sphere,0.75,3.50,Add 0.75 to 3.50,133.36,88.91,L25,DuraVision Plus Chrome UV,14,ZEISS book p21; Clear BluePro; range confirmed by ZEISS product guide; book $142.25 L20
ZEISS,ZEISS,SmartLife Progressive Pure 1.67,,Progressive,1.67,PhotoFusionX,Freeform,grind,,-12.00,+8.00,-6.00,12.00,sphere,0.75,3.50,Add 0.75 to 3.50,163.41,108.94,L25,DuraVision Plus Gold UV,14,ZEISS book p21; PhotoFusionX Grey/Brown/Pioneer/Extra Grey/Blue/Burgundy/Black; book $174.30 L20
ZEISS,ZEISS,SmartLife Progressive Pure 1.67,,Progressive,1.67,PhotoFusionX,Freeform,grind,,-12.00,+8.00,-6.00,12.00,sphere,0.75,3.50,Add 0.75 to 3.50,162.84,108.56,L25,DuraVision Plus Platinum UV,14,ZEISS book p21; PhotoFusionX Grey/Brown/Pioneer/Extra Grey/Blue/Burgundy/Black; book $173.70 L20
ZEISS,ZEISS,SmartLife Progressive Pure 1.67,,Progressive,1.67,PhotoFusionX,Freeform,grind,,-12.00,+8.00,-6.00,12.00,sphere,0.75,3.50,Add 0.75 to 3.50,160.45,106.97,L25,DuraVision Plus Chrome UV,14,ZEISS book p21; PhotoFusionX Grey/Brown/Pioneer/Extra Grey/Blue/Burgundy/Black; book $171.15 L20
ZEISS,ZEISS,SmartLife Progressive Pure 1.67,,Progressive,1.67,Polarised,Freeform,grind,,-12.00,+8.00,-6.00,12.00,sphere,0.75,3.50,Add 0.75 to 3.50,164.20,109.47,L25,DuraVision Plus Gold UV,14,ZEISS book p21; Polarised Grey/ Brown/ Pioneer; range confirmed by ZEISS product guide; book $175.15 L20
ZEISS,ZEISS,SmartLife Progressive Pure 1.67,,Progressive,1.67,Polarised,Freeform,grind,,-12.00,+8.00,-6.00,12.00,sphere,0.75,3.50,Add 0.75 to 3.50,163.64,109.09,L25,DuraVision Plus Platinum UV,14,ZEISS book p21; Polarised Grey/ Brown/ Pioneer; range confirmed by ZEISS product guide; book $174.55 L20
ZEISS,ZEISS,SmartLife Progressive Pure 1.67,,Progressive,1.67,Polarised,Freeform,grind,,-12.00,+8.00,-6.00,12.00,sphere,0.75,3.50,Add 0.75 to 3.50,161.25,107.50,L25,DuraVision Plus Chrome UV,14,ZEISS book p21; Polarised Grey/ Brown/ Pioneer; range confirmed by ZEISS product guide; book $172.00 L20
ZEISS,ZEISS,SmartLife Progressive Pure 1.67,,Progressive,1.67,Polarised,Freeform,grind,,-12.00,+8.00,-6.00,12.00,sphere,0.75,3.50,Add 0.75 to 3.50,161.25,107.50,L25,DuraVision Plus Sun UV,14,ZEISS book p21; Polarised Grey/ Brown/ Pioneer; range confirmed by ZEISS product guide; book $172.00 L20
ZEISS,ZEISS,SmartLife Progressive Pure 1.67,,Progressive,1.67,AdaptiveSun PhotoFusion,Freeform,grind,,-12.00,+8.00,-6.00,12.00,sphere,0.75,3.50,Add 0.75 to 3.50,188.34,125.56,L25,DuraVision Plus Gold UV,14,ZEISS book p21; AdaptiveSun PhotoFusion Grey/ Brown/ Pioneer; range confirmed by ZEISS product guide; book $200.90 L20
ZEISS,ZEISS,SmartLife Progressive Pure 1.67,,Progressive,1.67,AdaptiveSun PhotoFusion,Freeform,grind,,-12.00,+8.00,-6.00,12.00,sphere,0.75,3.50,Add 0.75 to 3.50,187.78,125.19,L25,DuraVision Plus Platinum UV,14,ZEISS book p21; AdaptiveSun PhotoFusion Grey/ Brown/ Pioneer; range confirmed by ZEISS product guide; book $200.30 L20
ZEISS,ZEISS,SmartLife Progressive Pure 1.67,,Progressive,1.67,AdaptiveSun PhotoFusion,Freeform,grind,,-12.00,+8.00,-6.00,12.00,sphere,0.75,3.50,Add 0.75 to 3.50,185.39,123.59,L25,DuraVision Plus Chrome UV,14,ZEISS book p21; AdaptiveSun PhotoFusion Grey/ Brown/ Pioneer; range confirmed by ZEISS product guide; book $197.75 L20
ZEISS,ZEISS,SmartLife Progressive Pure 1.74,,Progressive,1.74,Clear,Freeform,grind,,-20.00,+16.00,-6.00,20.00,sphere,0.75,3.50,Add 0.75 to 3.50,155.06,103.38,L25,DuraVision Plus Gold UV,14,ZEISS book p21; Clear; range confirmed by ZEISS product guide; book $165.40 L20
ZEISS,ZEISS,SmartLife Progressive Pure 1.74,,Progressive,1.74,Clear,Freeform,grind,,-20.00,+16.00,-6.00,20.00,sphere,0.75,3.50,Add 0.75 to 3.50,154.50,103.00,L25,DuraVision Plus Platinum UV,14,ZEISS book p21; Clear; range confirmed by ZEISS product guide; book $164.80 L20
ZEISS,ZEISS,SmartLife Progressive Pure 1.74,,Progressive,1.74,Clear,Freeform,grind,,-20.00,+16.00,-6.00,20.00,sphere,0.75,3.50,Add 0.75 to 3.50,152.11,101.41,L25,DuraVision Plus Chrome UV,14,ZEISS book p21; Clear; range confirmed by ZEISS product guide; book $162.25 L20
ZEISS,ZEISS,SmartLife Progressive Pure 1.74,,Progressive,1.74,Clear BluePro,Freeform,grind,,-20.00,+16.00,-6.00,20.00,sphere,0.75,3.50,Add 0.75 to 3.50,157.12,104.75,L25,DuraVision Plus Gold UV,14,ZEISS book p21; Clear BluePro; range confirmed by ZEISS product guide; book $167.60 L20
ZEISS,ZEISS,SmartLife Progressive Pure 1.74,,Progressive,1.74,Clear BluePro,Freeform,grind,,-20.00,+16.00,-6.00,20.00,sphere,0.75,3.50,Add 0.75 to 3.50,156.56,104.38,L25,DuraVision Plus Platinum UV,14,ZEISS book p21; Clear BluePro; range confirmed by ZEISS product guide; book $167.00 L20
ZEISS,ZEISS,SmartLife Progressive Pure 1.74,,Progressive,1.74,Clear BluePro,Freeform,grind,,-20.00,+16.00,-6.00,20.00,sphere,0.75,3.50,Add 0.75 to 3.50,154.17,102.78,L25,DuraVision Plus Chrome UV,14,ZEISS book p21; Clear BluePro; range confirmed by ZEISS product guide; book $164.45 L20
ZEISS,ZEISS,Clear D28 1.50,,Bifocal,1.50,Clear,,grind,,-10.00,+8.00,-4.00,10.00,sphere,1.00,4.00,Add 1.00 to 4.00,50.44,33.62,L25,DuraVision Plus Platinum UV,,ZEISS book p26; range confirmed by ZEISS product guide; book $53.80 L20
ZEISS,ZEISS,Clear D28 1.50,,Bifocal,1.50,Clear,,grind,,-10.00,+8.00,-4.00,10.00,sphere,1.00,4.00,Add 1.00 to 4.00,22.50,15.00,L25,DSHC hard coat,,ZEISS book p26; range confirmed by ZEISS product guide; book $24.00 L20
ZEISS,ZEISS,PhotoFusion Grey/ Brown 1.50,,Bifocal,1.50,Photochromic,,grind,,-6.00,+6.00,-4.00,6.00,sphere,1.00,3.00,Add 1.00 to 3.00,76.03,50.69,L25,DuraVision Plus Platinum UV,,ZEISS book p26; book $81.10 L20
ZEISS,ZEISS,PhotoFusion Grey/ Brown 1.50,,Bifocal,1.50,Photochromic,,grind,,-6.00,+6.00,-4.00,6.00,sphere,1.00,3.00,Add 1.00 to 3.00,48.09,32.06,L25,DSHC hard coat,,ZEISS book p26; book $51.30 L20
ZEISS,ZEISS,Classic Aphal R22 1.50,,Bifocal,1.50,Classic Aphal R22,,grind,,+5.25,+20.00,-5.00,5.25,sphere,,,,216.38,144.25,L25,DuraVision Plus Platinum UV,,ZEISS book p26; book $230.80 L20
ZEISS,ZEISS,Classic Aphal R22 1.50,,Bifocal,1.50,Classic Aphal R22,,grind,,+5.25,+20.00,-5.00,5.25,sphere,,,,188.44,125.62,L25,DSHC hard coat,,ZEISS book p26; book $201.00 L20
ZEISS,ZEISS,Trifocal D28 /7 1.50,,Bifocal,1.50,Trifocal D28 /7,,grind,,-6.00,+8.00,-4.00,6.00,sphere,1.75,3.00,Add 1.75 to 3.00,74.91,49.94,L25,DuraVision Plus Platinum UV,,ZEISS book p26; book $79.90 L20
ZEISS,ZEISS,Trifocal D28 /7 1.50,,Bifocal,1.50,Trifocal D28 /7,,grind,,-6.00,+8.00,-4.00,6.00,sphere,1.75,3.00,Add 1.75 to 3.00,46.97,31.31,L25,DSHC hard coat,,ZEISS book p26; book $50.10 L20
